SMM: enter
EAX=00000000 EBX=00000000 ECX=02000000 EDX=02000628
ESI=0000000b EDI=02000000 EBP=00014e40 ESP=00006c5c
EIP=000ea61d EFL=00000046 [---Z-P-] CPL=0 II=0 A20=1 SMM=0 HLT=0
ES =0010 00000000 ffffffff 00cf9300 DPL=0 DS   [-WA]
CS =0008 00000000 ffffffff 00cf9b00 DPL=0 CS32 [-RA]
SS =0010 00000000 ffffffff 00cf9300 DPL=0 DS   [-WA]
DS =0010 00000000 ffffffff 00cf9300 DPL=0 DS   [-WA]
FS =0010 00000000 ffffffff 00cf9300 DPL=0 DS   [-WA]
GS =0010 00000000 ffffffff 00cf9300 DPL=0 DS   [-WA]
LDT=0000 00000000 0000ffff 00008200 DPL=0 LDT
TR =0000 00000000 0000ffff 00008b00 DPL=0 TSS32-busy
GDT=     000f61e0 00000037
IDT=     000f621e 00000000
CR0=00000011 CR2=00000000 CR3=00000000 CR4=00000000
DR0=00000000 DR1=00000000 DR2=00000000 DR3=00000000 
DR6=ffff0ff0 DR7=00000400
CCS=00000000 CCD=ffffffff CCO=CLR
EFER=0000000000000000
SMM: after RSM
EAX=00000000 EBX=00000000 ECX=02000000 EDX=02000628
ESI=0000000b EDI=02000000 EBP=00014e40 ESP=00006c5c
EIP=000ea61d EFL=00000046 [---Z-P-] CPL=0 II=0 A20=1 SMM=0 HLT=0
ES =0010 00000000 ffffffff 00c09300 DPL=0 DS   [-WA]
CS =0008 00000000 ffffffff 00c09b00 DPL=0 CS32 [-RA]
SS =0010 00000000 ffffffff 00c09300 DPL=0 DS   [-WA]
DS =0010 00000000 ffffffff 00c09300 DPL=0 DS   [-WA]
FS =0010 00000000 ffffffff 00c09300 DPL=0 DS   [-WA]
GS =0010 00000000 ffffffff 00c09300 DPL=0 DS   [-WA]
LDT=0000 00000000 0000ffff 00008200 DPL=0 LDT
TR =0000 00000000 0000ffff 00008b00 DPL=0 TSS32-busy
GDT=     000f61e0 00000037
IDT=     000f621e 00000000
CR0=00000011 CR2=00000000 CR3=00000000 CR4=00000000
DR0=00000000 DR1=00000000 DR2=00000000 DR3=00000000 
DR6=ffff0ff0 DR7=00000400
CCS=00000044 CCD=00000000 CCO=EFLAGS
EFER=0000000000000000
SMM: enter
EAX=000000b5 EBX=000f7e0e ECX=00001234 EDX=00006cff
ESI=00006cb4 EDI=06ffec55 EBP=00006c74 ESP=00006c74
EIP=00007e0b EFL=00000006 [-----P-] CPL=0 II=0 A20=1 SMM=0 HLT=0
ES =d900 000d9000 ffffffff 008f9300
CS =f000 000f0000 ffffffff 008f9b00
SS =0000 00000000 ffffffff 008f9300
DS =0000 00000000 ffffffff 008f9300
FS =0000 00000000 ffffffff 008f9300
GS =0000 00000000 ffffffff 008f9300
LDT=0000 00000000 0000ffff 00008200
TR =0000 00000000 0000ffff 00008b00
GDT=     00000000 00000000
IDT=     00000000 000003ff
CR0=00000010 CR2=00000000 CR3=00000000 CR4=00000000
DR0=00000000 DR1=00000000 DR2=00000000 DR3=00000000 
DR6=ffff0ff0 DR7=00000400
CCS=00000000 CCD=00006c74 CCO=ADDL
EFER=0000000000000000
SMM: after RSM
EAX=000000b5 EBX=000f7e0e ECX=00001234 EDX=00006cff
ESI=00006cb4 EDI=06ffec55 EBP=00006c74 ESP=00006c74
EIP=000f7e0e EFL=00000046 [---Z-P-] CPL=0 II=0 A20=1 SMM=0 HLT=0
ES =0010 00000000 ffffffff 00c09300 DPL=0 DS   [-WA]
CS =0008 00000000 ffffffff 00c09b00 DPL=0 CS32 [-RA]
SS =0010 00000000 ffffffff 00c09300 DPL=0 DS   [-WA]
DS =0010 00000000 ffffffff 00c09300 DPL=0 DS   [-WA]
FS =0010 00000000 ffffffff 00c09300 DPL=0 DS   [-WA]
GS =0010 00000000 ffffffff 00c09300 DPL=0 DS   [-WA]
LDT=0000 00000000 0000ffff 00008200 DPL=0 LDT
TR =0000 00000000 0000ffff 00008b00 DPL=0 TSS32-busy
GDT=     000f61e0 00000037
IDT=     000f621e 00000000
CR0=00000011 CR2=00000000 CR3=00000000 CR4=00000000
DR0=00000000 DR1=00000000 DR2=00000000 DR3=00000000 
DR6=ffff0ff0 DR7=00000400
CCS=00000044 CCD=00000000 CCO=EFLAGS
EFER=0000000000000000
SMM: enter
EAX=000000b5 EBX=00007e28 ECX=00005678 EDX=06fe8a60
ESI=000e8380 EDI=06ffec55 EBP=00006c74 ESP=00006c74
EIP=000f7e25 EFL=00000016 [----AP-] CPL=0 II=0 A20=1 SMM=0 HLT=0
ES =0010 00000000 ffffffff 00c09300 DPL=0 DS   [-WA]
CS =0008 00000000 ffffffff 00c09b00 DPL=0 CS32 [-RA]
SS =0010 00000000 ffffffff 00c09300 DPL=0 DS   [-WA]
DS =0010 00000000 ffffffff 00c09300 DPL=0 DS   [-WA]
FS =0010 00000000 ffffffff 00c09300 DPL=0 DS   [-WA]
GS =0010 00000000 ffffffff 00c09300 DPL=0 DS   [-WA]
LDT=0000 00000000 0000ffff 00008200 DPL=0 LDT
TR =0000 00000000 0000ffff 00008b00 DPL=0 TSS32-busy
GDT=     000f61e0 00000037
IDT=     000f621e 00000000
CR0=00000011 CR2=00000000 CR3=00000000 CR4=00000000
DR0=00000000 DR1=00000000 DR2=00000000 DR3=00000000 
DR6=ffff0ff0 DR7=00000400
CCS=00000008 CCD=00006c60 CCO=ADDL
EFER=0000000000000000
SMM: after RSM
EAX=000000b5 EBX=00007e28 ECX=00005678 EDX=06fe8a60
ESI=000e8380 EDI=06ffec55 EBP=00006c74 ESP=00006c74
EIP=00007e28 EFL=00000006 [-----P-] CPL=0 II=0 A20=1 SMM=0 HLT=0
ES =d900 000d9000 ffffffff 00809300
CS =f000 000f0000 ffffffff 00809b00
SS =0000 00000000 ffffffff 00809300
DS =0000 00000000 ffffffff 00809300
FS =0000 00000000 ffffffff 00809300
GS =0000 00000000 ffffffff 00809300
LDT=0000 00000000 0000ffff 00008200
TR =0000 00000000 0000ffff 00008b00
GDT=     00000000 00000000
IDT=     00000000 000003ff
CR0=00000010 CR2=00000000 CR3=00000000 CR4=00000000
DR0=00000000 DR1=00000000 DR2=00000000 DR3=00000000 
DR6=ffff0ff0 DR7=00000400
CCS=00000004 CCD=00000001 CCO=EFLAGS
EFER=0000000000000000
SMM: enter
EAX=000000b5 EBX=000f7e0e ECX=00001234 EDX=000069ff
ESI=00006996 EDI=06ffec55 EBP=00006956 ESP=00006956
EIP=00007e0b EFL=00000006 [-----P-] CPL=0 II=0 A20=1 SMM=0 HLT=0
ES =d900 000d9000 ffffffff 008f9300
CS =f000 000f0000 ffffffff 008f9b00
SS =0000 00000000 ffffffff 008f9300
DS =0000 00000000 ffffffff 008f9300
FS =0000 00000000 ffffffff 008f9300
GS =ca00 000ca000 ffffffff 008f9300
LDT=0000 00000000 0000ffff 00008200
TR =0000 00000000 0000ffff 00008b00
GDT=     00000000 00000000
IDT=     00000000 000003ff
CR0=00000010 CR2=00000000 CR3=00000000 CR4=00000000
DR0=00000000 DR1=00000000 DR2=00000000 DR3=00000000 
DR6=ffff0ff0 DR7=00000400
CCS=00000000 CCD=00006956 CCO=ADDL
EFER=0000000000000000
SMM: after RSM
EAX=000000b5 EBX=000f7e0e ECX=00001234 EDX=000069ff
ESI=00006996 EDI=06ffec55 EBP=00006956 ESP=00006956
EIP=000f7e0e EFL=00000046 [---Z-P-] CPL=0 II=0 A20=1 SMM=0 HLT=0
ES =0010 00000000 ffffffff 00c09300 DPL=0 DS   [-WA]
CS =0008 00000000 ffffffff 00c09b00 DPL=0 CS32 [-RA]
SS =0010 00000000 ffffffff 00c09300 DPL=0 DS   [-WA]
DS =0010 00000000 ffffffff 00c09300 DPL=0 DS   [-WA]
FS =0010 00000000 ffffffff 00c09300 DPL=0 DS   [-WA]
GS =0010 00000000 ffffffff 00c09300 DPL=0 DS   [-WA]
LDT=0000 00000000 0000ffff 00008200 DPL=0 LDT
TR =0000 00000000 0000ffff 00008b00 DPL=0 TSS32-busy
GDT=     000f61e0 00000037
IDT=     000f621e 00000000
CR0=00000011 CR2=00000000 CR3=00000000 CR4=00000000
DR0=00000000 DR1=00000000 DR2=00000000 DR3=00000000 
DR6=ffff0ff0 DR7=00000400
CCS=00000044 CCD=00000000 CCO=EFLAGS
EFER=0000000000000000
SMM: enter
EAX=000000b5 EBX=00007e28 ECX=00005678 EDX=00000005
ESI=00000000 EDI=06ffec55 EBP=00006956 ESP=00006956
EIP=000f7e25 EFL=00000016 [----AP-] CPL=0 II=0 A20=1 SMM=0 HLT=0
ES =0010 00000000 ffffffff 00c09300 DPL=0 DS   [-WA]
CS =0008 00000000 ffffffff 00c09b00 DPL=0 CS32 [-RA]
SS =0010 00000000 ffffffff 00c09300 DPL=0 DS   [-WA]
DS =0010 00000000 ffffffff 00c09300 DPL=0 DS   [-WA]
FS =0010 00000000 ffffffff 00c09300 DPL=0 DS   [-WA]
GS =0010 00000000 ffffffff 00c09300 DPL=0 DS   [-WA]
LDT=0000 00000000 0000ffff 00008200 DPL=0 LDT
TR =0000 00000000 0000ffff 00008b00 DPL=0 TSS32-busy
GDT=     000f61e0 00000037
IDT=     000f621e 00000000
CR0=00000011 CR2=00000000 CR3=00000000 CR4=00000000
DR0=00000000 DR1=00000000 DR2=00000000 DR3=00000000 
DR6=ffff0ff0 DR7=00000400
CCS=00000008 CCD=00006942 CCO=ADDL
EFER=0000000000000000
SMM: after RSM
EAX=000000b5 EBX=00007e28 ECX=00005678 EDX=00000005
ESI=00000000 EDI=06ffec55 EBP=00006956 ESP=00006956
EIP=00007e28 EFL=00000006 [-----P-] CPL=0 II=0 A20=1 SMM=0 HLT=0
ES =d900 000d9000 ffffffff 00809300
CS =f000 000f0000 ffffffff 00809b00
SS =0000 00000000 ffffffff 00809300
DS =0000 00000000 ffffffff 00809300
FS =0000 00000000 ffffffff 00809300
GS =ca00 000ca000 ffffffff 00809300
LDT=0000 00000000 0000ffff 00008200
TR =0000 00000000 0000ffff 00008b00
GDT=     00000000 00000000
IDT=     00000000 000003ff
CR0=00000010 CR2=00000000 CR3=00000000 CR4=00000000
DR0=00000000 DR1=00000000 DR2=00000000 DR3=00000000 
DR6=ffff0ff0 DR7=00000400
CCS=00000004 CCD=00000001 CCO=EFLAGS
EFER=0000000000000000
SMM: enter
EAX=000000b5 EBX=000f7e0e ECX=00001234 EDX=000069ff
ESI=00006990 EDI=06ffec55 EBP=00006950 ESP=00006950
EIP=00007e0b EFL=00000006 [-----P-] CPL=0 II=0 A20=1 SMM=0 HLT=0
ES =d900 000d9000 ffffffff 00809300
CS =f000 000f0000 ffffffff 00809b00
SS =0000 00000000 ffffffff 00809300
DS =0000 00000000 ffffffff 00809300
FS =0000 00000000 ffffffff 00809300
GS =ca00 000ca000 ffffffff 00809300
LDT=0000 00000000 0000ffff 00008200
TR =0000 00000000 0000ffff 00008b00
GDT=     00000000 00000000
IDT=     00000000 000003ff
CR0=00000010 CR2=00000000 CR3=00000000 CR4=00000000
DR0=00000000 DR1=00000000 DR2=00000000 DR3=00000000 
DR6=ffff0ff0 DR7=00000400
CCS=00000000 CCD=00006950 CCO=ADDL
EFER=0000000000000000
SMM: after RSM
EAX=000000b5 EBX=000f7e0e ECX=00001234 EDX=000069ff
ESI=00006990 EDI=06ffec55 EBP=00006950 ESP=00006950
EIP=000f7e0e EFL=00000046 [---Z-P-] CPL=0 II=0 A20=1 SMM=0 HLT=0
ES =0010 00000000 ffffffff 00c09300 DPL=0 DS   [-WA]
CS =0008 00000000 ffffffff 00c09b00 DPL=0 CS32 [-RA]
SS =0010 00000000 ffffffff 00c09300 DPL=0 DS   [-WA]
DS =0010 00000000 ffffffff 00c09300 DPL=0 DS   [-WA]
FS =0010 00000000 ffffffff 00c09300 DPL=0 DS   [-WA]
GS =0010 00000000 ffffffff 00c09300 DPL=0 DS   [-WA]
LDT=0000 00000000 0000ffff 00008200 DPL=0 LDT
TR =0000 00000000 0000ffff 00008b00 DPL=0 TSS32-busy
GDT=     000f61e0 00000037
IDT=     000f621e 00000000
CR0=00000011 CR2=00000000 CR3=00000000 CR4=00000000
DR0=00000000 DR1=00000000 DR2=00000000 DR3=00000000 
DR6=ffff0ff0 DR7=00000400
CCS=00000044 CCD=00000000 CCO=EFLAGS
EFER=0000000000000000
SMM: enter
EAX=000000b5 EBX=00007e28 ECX=00005678 EDX=00000003
ESI=06fcaf00 EDI=06ffec55 EBP=00006950 ESP=00006950
EIP=000f7e25 EFL=00000006 [-----P-] CPL=0 II=0 A20=1 SMM=0 HLT=0
ES =0010 00000000 ffffffff 00c09300 DPL=0 DS   [-WA]
CS =0008 00000000 ffffffff 00c09b00 DPL=0 CS32 [-RA]
SS =0010 00000000 ffffffff 00c09300 DPL=0 DS   [-WA]
DS =0010 00000000 ffffffff 00c09300 DPL=0 DS   [-WA]
FS =0010 00000000 ffffffff 00c09300 DPL=0 DS   [-WA]
GS =0010 00000000 ffffffff 00c09300 DPL=0 DS   [-WA]
LDT=0000 00000000 0000ffff 00008200 DPL=0 LDT
TR =0000 00000000 0000ffff 00008b00 DPL=0 TSS32-busy
GDT=     000f61e0 00000037
IDT=     000f621e 00000000
CR0=00000011 CR2=00000000 CR3=00000000 CR4=00000000
DR0=00000000 DR1=00000000 DR2=00000000 DR3=00000000 
DR6=ffff0ff0 DR7=00000400
CCS=00000008 CCD=0000693c CCO=ADDL
EFER=0000000000000000
SMM: after RSM
EAX=000000b5 EBX=00007e28 ECX=00005678 EDX=00000003
ESI=06fcaf00 EDI=06ffec55 EBP=00006950 ESP=00006950
EIP=00007e28 EFL=00000006 [-----P-] CPL=0 II=0 A20=1 SMM=0 HLT=0
ES =d900 000d9000 ffffffff 00809300
CS =f000 000f0000 ffffffff 00809b00
SS =0000 00000000 ffffffff 00809300
DS =0000 00000000 ffffffff 00809300
FS =0000 00000000 ffffffff 00809300
GS =ca00 000ca000 ffffffff 00809300
LDT=0000 00000000 0000ffff 00008200
TR =0000 00000000 0000ffff 00008b00
GDT=     00000000 00000000
IDT=     00000000 000003ff
CR0=00000010 CR2=00000000 CR3=00000000 CR4=00000000
DR0=00000000 DR1=00000000 DR2=00000000 DR3=00000000 
DR6=ffff0ff0 DR7=00000400
CCS=00000004 CCD=00000001 CCO=EFLAGS
EFER=0000000000000000
SMM: enter
EAX=000000b5 EBX=000f7e0e ECX=00001234 EDX=000069ff
ESI=00006996 EDI=06ffec55 EBP=00006956 ESP=00006956
EIP=00007e0b EFL=00000006 [-----P-] CPL=0 II=0 A20=1 SMM=0 HLT=0
ES =d900 000d9000 ffffffff 00809300
CS =f000 000f0000 ffffffff 00809b00
SS =0000 00000000 ffffffff 00809300
DS =0000 00000000 ffffffff 00809300
FS =0000 00000000 ffffffff 00809300
GS =ca00 000ca000 ffffffff 00809300
LDT=0000 00000000 0000ffff 00008200
TR =0000 00000000 0000ffff 00008b00
GDT=     00000000 00000000
IDT=     00000000 000003ff
CR0=00000010 CR2=00000000 CR3=00000000 CR4=00000000
DR0=00000000 DR1=00000000 DR2=00000000 DR3=00000000 
DR6=ffff0ff0 DR7=00000400
CCS=00000000 CCD=00006956 CCO=ADDL
EFER=0000000000000000
SMM: after RSM
EAX=000000b5 EBX=000f7e0e ECX=00001234 EDX=000069ff
ESI=00006996 EDI=06ffec55 EBP=00006956 ESP=00006956
EIP=000f7e0e EFL=00000046 [---Z-P-] CPL=0 II=0 A20=1 SMM=0 HLT=0
ES =0010 00000000 ffffffff 00c09300 DPL=0 DS   [-WA]
CS =0008 00000000 ffffffff 00c09b00 DPL=0 CS32 [-RA]
SS =0010 00000000 ffffffff 00c09300 DPL=0 DS   [-WA]
DS =0010 00000000 ffffffff 00c09300 DPL=0 DS   [-WA]
FS =0010 00000000 ffffffff 00c09300 DPL=0 DS   [-WA]
GS =0010 00000000 ffffffff 00c09300 DPL=0 DS   [-WA]
LDT=0000 00000000 0000ffff 00008200 DPL=0 LDT
TR =0000 00000000 0000ffff 00008b00 DPL=0 TSS32-busy
GDT=     000f61e0 00000037
IDT=     000f621e 00000000
CR0=00000011 CR2=00000000 CR3=00000000 CR4=00000000
DR0=00000000 DR1=00000000 DR2=00000000 DR3=00000000 
DR6=ffff0ff0 DR7=00000400
CCS=00000044 CCD=00000000 CCO=EFLAGS
EFER=0000000000000000
SMM: enter
EAX=000000b5 EBX=00007e28 ECX=00005678 EDX=00000005
ESI=00000000 EDI=06ffec55 EBP=00006956 ESP=00006956
EIP=000f7e25 EFL=00000016 [----AP-] CPL=0 II=0 A20=1 SMM=0 HLT=0
ES =0010 00000000 ffffffff 00c09300 DPL=0 DS   [-WA]
CS =0008 00000000 ffffffff 00c09b00 DPL=0 CS32 [-RA]
SS =0010 00000000 ffffffff 00c09300 DPL=0 DS   [-WA]
DS =0010 00000000 ffffffff 00c09300 DPL=0 DS   [-WA]
FS =0010 00000000 ffffffff 00c09300 DPL=0 DS   [-WA]
GS =0010 00000000 ffffffff 00c09300 DPL=0 DS   [-WA]
LDT=0000 00000000 0000ffff 00008200 DPL=0 LDT
TR =0000 00000000 0000ffff 00008b00 DPL=0 TSS32-busy
GDT=     000f61e0 00000037
IDT=     000f621e 00000000
CR0=00000011 CR2=00000000 CR3=00000000 CR4=00000000
DR0=00000000 DR1=00000000 DR2=00000000 DR3=00000000 
DR6=ffff0ff0 DR7=00000400
CCS=00000008 CCD=00006942 CCO=ADDL
EFER=0000000000000000
SMM: after RSM
EAX=000000b5 EBX=00007e28 ECX=00005678 EDX=00000005
ESI=00000000 EDI=06ffec55 EBP=00006956 ESP=00006956
EIP=00007e28 EFL=00000006 [-----P-] CPL=0 II=0 A20=1 SMM=0 HLT=0
ES =d900 000d9000 ffffffff 00809300
CS =f000 000f0000 ffffffff 00809b00
SS =0000 00000000 ffffffff 00809300
DS =0000 00000000 ffffffff 00809300
FS =0000 00000000 ffffffff 00809300
GS =ca00 000ca000 ffffffff 00809300
LDT=0000 00000000 0000ffff 00008200
TR =0000 00000000 0000ffff 00008b00
GDT=     00000000 00000000
IDT=     00000000 000003ff
CR0=00000010 CR2=00000000 CR3=00000000 CR4=00000000
DR0=00000000 DR1=00000000 DR2=00000000 DR3=00000000 
DR6=ffff0ff0 DR7=00000400
CCS=00000004 CCD=00000001 CCO=EFLAGS
EFER=0000000000000000
SMM: enter
EAX=000000b5 EBX=000f7e0e ECX=00001234 EDX=000069ff
ESI=00006990 EDI=06ffec55 EBP=00006950 ESP=00006950
EIP=00007e0b EFL=00000006 [-----P-] CPL=0 II=0 A20=1 SMM=0 HLT=0
ES =d900 000d9000 ffffffff 00809300
CS =f000 000f0000 ffffffff 00809b00
SS =0000 00000000 ffffffff 00809300
DS =0000 00000000 ffffffff 00809300
FS =0000 00000000 ffffffff 00809300
GS =ca00 000ca000 ffffffff 00809300
LDT=0000 00000000 0000ffff 00008200
TR =0000 00000000 0000ffff 00008b00
GDT=     00000000 00000000
IDT=     00000000 000003ff
CR0=00000010 CR2=00000000 CR3=00000000 CR4=00000000
DR0=00000000 DR1=00000000 DR2=00000000 DR3=00000000 
DR6=ffff0ff0 DR7=00000400
CCS=00000000 CCD=00006950 CCO=ADDL
EFER=0000000000000000
SMM: after RSM
EAX=000000b5 EBX=000f7e0e ECX=00001234 EDX=000069ff
ESI=00006990 EDI=06ffec55 EBP=00006950 ESP=00006950
EIP=000f7e0e EFL=00000046 [---Z-P-] CPL=0 II=0 A20=1 SMM=0 HLT=0
ES =0010 00000000 ffffffff 00c09300 DPL=0 DS   [-WA]
CS =0008 00000000 ffffffff 00c09b00 DPL=0 CS32 [-RA]
SS =0010 00000000 ffffffff 00c09300 DPL=0 DS   [-WA]
DS =0010 00000000 ffffffff 00c09300 DPL=0 DS   [-WA]
FS =0010 00000000 ffffffff 00c09300 DPL=0 DS   [-WA]
GS =0010 00000000 ffffffff 00c09300 DPL=0 DS   [-WA]
LDT=0000 00000000 0000ffff 00008200 DPL=0 LDT
TR =0000 00000000 0000ffff 00008b00 DPL=0 TSS32-busy
GDT=     000f61e0 00000037
IDT=     000f621e 00000000
CR0=00000011 CR2=00000000 CR3=00000000 CR4=00000000
DR0=00000000 DR1=00000000 DR2=00000000 DR3=00000000 
DR6=ffff0ff0 DR7=00000400
CCS=00000044 CCD=00000000 CCO=EFLAGS
EFER=0000000000000000
SMM: enter
EAX=000000b5 EBX=00007e28 ECX=00005678 EDX=00000003
ESI=06f0af00 EDI=06ffec55 EBP=00006950 ESP=00006950
EIP=000f7e25 EFL=00000006 [-----P-] CPL=0 II=0 A20=1 SMM=0 HLT=0
ES =0010 00000000 ffffffff 00c09300 DPL=0 DS   [-WA]
CS =0008 00000000 ffffffff 00c09b00 DPL=0 CS32 [-RA]
SS =0010 00000000 ffffffff 00c09300 DPL=0 DS   [-WA]
DS =0010 00000000 ffffffff 00c09300 DPL=0 DS   [-WA]
FS =0010 00000000 ffffffff 00c09300 DPL=0 DS   [-WA]
GS =0010 00000000 ffffffff 00c09300 DPL=0 DS   [-WA]
LDT=0000 00000000 0000ffff 00008200 DPL=0 LDT
TR =0000 00000000 0000ffff 00008b00 DPL=0 TSS32-busy
GDT=     000f61e0 00000037
IDT=     000f621e 00000000
CR0=00000011 CR2=00000000 CR3=00000000 CR4=00000000
DR0=00000000 DR1=00000000 DR2=00000000 DR3=00000000 
DR6=ffff0ff0 DR7=00000400
CCS=00000008 CCD=0000693c CCO=ADDL
EFER=0000000000000000
SMM: after RSM
EAX=000000b5 EBX=00007e28 ECX=00005678 EDX=00000003
ESI=06f0af00 EDI=06ffec55 EBP=00006950 ESP=00006950
EIP=00007e28 EFL=00000006 [-----P-] CPL=0 II=0 A20=1 SMM=0 HLT=0
ES =d900 000d9000 ffffffff 00809300
CS =f000 000f0000 ffffffff 00809b00
SS =0000 00000000 ffffffff 00809300
DS =0000 00000000 ffffffff 00809300
FS =0000 00000000 ffffffff 00809300
GS =ca00 000ca000 ffffffff 00809300
LDT=0000 00000000 0000ffff 00008200
TR =0000 00000000 0000ffff 00008b00
GDT=     00000000 00000000
IDT=     00000000 000003ff
CR0=00000010 CR2=00000000 CR3=00000000 CR4=00000000
DR0=00000000 DR1=00000000 DR2=00000000 DR3=00000000 
DR6=ffff0ff0 DR7=00000400
CCS=00000004 CCD=00000001 CCO=EFLAGS
EFER=0000000000000000
Servicing hardware INT=0x08
Servicing hardware INT=0x21
     0: v=21 e=0000 i=0 cpl=0 IP=0008:c01022aa pc=c01022aa SP=0010:c0109fac env->regs[R_EAX]=000000f4
EAX=000000f4 EBX=00400000 ECX=00000001 EDX=00000060
ESI=00000000 EDI=00108000 EBP=c0109fd8 ESP=c0109fac
EIP=c01022aa EFL=00000296 [--S-AP-] CPL=0 II=0 A20=1 SMM=0 HLT=0
ES =0010 00000000 ffffffff 00cf9300 DPL=0 DS   [-WA]
CS =0008 00000000 ffffffff 00cf9a00 DPL=0 CS32 [-R-]
SS =0010 00000000 ffffffff 00cf9300 DPL=0 DS   [-WA]
DS =0010 00000000 ffffffff 00cf9300 DPL=0 DS   [-WA]
FS =0010 00000000 ffffffff 00cf9300 DPL=0 DS   [-WA]
GS =0010 00000000 ffffffff 00cf9300 DPL=0 DS   [-WA]
LDT=0000 00000000 0000ffff 00008200 DPL=0 LDT
TR =0000 00000000 0000ffff 00008b00 DPL=0 TSS32-busy
GDT=     c0105000 00000017
IDT=     c010a020 000007ff
CR0=80000011 CR2=00000000 CR3=00106000 CR4=00000000
DR0=00000000 DR1=00000000 DR2=00000000 DR3=00000000 
DR6=ffff0ff0 DR7=00000400
CCS=00000008 CCD=c0109fb8 CCO=SUBL
EFER=0000000000000000
Servicing hardware INT=0x20
     1: v=20 e=0000 i=0 cpl=0 IP=0008:c01022aa pc=c01022aa SP=0010:c0109f4c env->regs[R_EAX]=00000361
EAX=00000361 EBX=00400000 ECX=00000000 EDX=000003f8
ESI=00000000 EDI=00108000 EBP=c0109f78 ESP=c0109f4c
EIP=c01022aa EFL=00000292 [--S-A--] CPL=0 II=0 A20=1 SMM=0 HLT=0
ES =0010 00000000 ffffffff 00cf9300 DPL=0 DS   [-WA]
CS =0008 00000000 ffffffff 00cf9a00 DPL=0 CS32 [-R-]
SS =0010 00000000 ffffffff 00cf9300 DPL=0 DS   [-WA]
DS =0010 00000000 ffffffff 00cf9300 DPL=0 DS   [-WA]
FS =0010 00000000 ffffffff 00cf9300 DPL=0 DS   [-WA]
GS =0010 00000000 ffffffff 00cf9300 DPL=0 DS   [-WA]
LDT=0000 00000000 0000ffff 00008200 DPL=0 LDT
TR =0000 00000000 0000ffff 00008b00 DPL=0 TSS32-busy
GDT=     c0105000 00000017
IDT=     c010a020 000007ff
CR0=80000011 CR2=00000000 CR3=00106000 CR4=00000000
DR0=00000000 DR1=00000000 DR2=00000000 DR3=00000000 
DR6=ffff0ff0 DR7=00000400
CCS=00000090 CCD=c0109f58 CCO=EFLAGS
EFER=0000000000000000
Servicing hardware INT=0x20
     2: v=20 e=0000 i=0 cpl=0 IP=0008:c01022b1 pc=c01022b1 SP=0010:c0109f1c env->regs[R_EAX]=00000360
EAX=00000360 EBX=00400000 ECX=00000000 EDX=000003fd
ESI=00000000 EDI=00108000 EBP=c0109f48 ESP=c0109f1c
EIP=c01022b1 EFL=00000296 [--S-AP-] CPL=0 II=0 A20=1 SMM=0 HLT=0
ES =0010 00000000 ffffffff 00cf9300 DPL=0 DS   [-WA]
CS =0008 00000000 ffffffff 00cf9a00 DPL=0 CS32 [-R-]
SS =0010 00000000 ffffffff 00cf9300 DPL=0 DS   [-WA]
DS =0010 00000000 ffffffff 00cf9300 DPL=0 DS   [-WA]
FS =0010 00000000 ffffffff 00cf9300 DPL=0 DS   [-WA]
GS =0010 00000000 ffffffff 00cf9300 DPL=0 DS   [-WA]
LDT=0000 00000000 0000ffff 00008200 DPL=0 LDT
TR =0000 00000000 0000ffff 00008b00 DPL=0 TSS32-busy
GDT=     c0105000 00000017
IDT=     c010a020 000007ff
CR0=80000011 CR2=00000000 CR3=00106000 CR4=00000000
DR0=00000000 DR1=00000000 DR2=00000000 DR3=00000000 
DR6=ffff0ff0 DR7=00000400
CCS=00000094 CCD=c0109f24 CCO=EFLAGS
EFER=0000000000000000
Servicing hardware INT=0x20
     3: v=20 e=0000 i=0 cpl=0 IP=0008:c01022aa pc=c01022aa SP=0010:c0109f4c env->regs[R_EAX]=0000036b
EAX=0000036b EBX=00400000 ECX=00000000 EDX=000003f8
ESI=00000000 EDI=00108000 EBP=c0109f78 ESP=c0109f4c
EIP=c01022aa EFL=00000292 [--S-A--] CPL=0 II=0 A20=1 SMM=0 HLT=0
ES =0010 00000000 ffffffff 00cf9300 DPL=0 DS   [-WA]
CS =0008 00000000 ffffffff 00cf9a00 DPL=0 CS32 [-R-]
SS =0010 00000000 ffffffff 00cf9300 DPL=0 DS   [-WA]
DS =0010 00000000 ffffffff 00cf9300 DPL=0 DS   [-WA]
FS =0010 00000000 ffffffff 00cf9300 DPL=0 DS   [-WA]
GS =0010 00000000 ffffffff 00cf9300 DPL=0 DS   [-WA]
LDT=0000 00000000 0000ffff 00008200 DPL=0 LDT
TR =0000 00000000 0000ffff 00008b00 DPL=0 TSS32-busy
GDT=     c0105000 00000017
IDT=     c010a020 000007ff
CR0=80000011 CR2=00000000 CR3=00106000 CR4=00000000
DR0=00000000 DR1=00000000 DR2=00000000 DR3=00000000 
DR6=ffff0ff0 DR7=00000400
CCS=00000090 CCD=c0109f58 CCO=EFLAGS
EFER=0000000000000000
Servicing hardware INT=0x20
     4: v=20 e=0000 i=0 cpl=0 IP=0008:c01022b1 pc=c01022b1 SP=0010:c0109f1c env->regs[R_EAX]=00000360
EAX=00000360 EBX=00400000 ECX=00000000 EDX=000003fd
ESI=00000000 EDI=00108000 EBP=c0109f48 ESP=c0109f1c
EIP=c01022b1 EFL=00000296 [--S-AP-] CPL=0 II=0 A20=1 SMM=0 HLT=0
ES =0010 00000000 ffffffff 00cf9300 DPL=0 DS   [-WA]
CS =0008 00000000 ffffffff 00cf9a00 DPL=0 CS32 [-R-]
SS =0010 00000000 ffffffff 00cf9300 DPL=0 DS   [-WA]
DS =0010 00000000 ffffffff 00cf9300 DPL=0 DS   [-WA]
FS =0010 00000000 ffffffff 00cf9300 DPL=0 DS   [-WA]
GS =0010 00000000 ffffffff 00cf9300 DPL=0 DS   [-WA]
LDT=0000 00000000 0000ffff 00008200 DPL=0 LDT
TR =0000 00000000 0000ffff 00008b00 DPL=0 TSS32-busy
GDT=     c0105000 00000017
IDT=     c010a020 000007ff
CR0=80000011 CR2=00000000 CR3=00106000 CR4=00000000
DR0=00000000 DR1=00000000 DR2=00000000 DR3=00000000 
DR6=ffff0ff0 DR7=00000400
CCS=00000094 CCD=c0109f24 CCO=EFLAGS
EFER=0000000000000000
Servicing hardware INT=0x20
     5: v=20 e=0000 i=0 cpl=0 IP=0008:c01022aa pc=c01022aa SP=0010:c0109f4c env->regs[R_EAX]=00000367
EAX=00000367 EBX=00400000 ECX=00000000 EDX=000003f8
ESI=00000000 EDI=00108000 EBP=c0109f78 ESP=c0109f4c
EIP=c01022aa EFL=00000292 [--S-A--] CPL=0 II=0 A20=1 SMM=0 HLT=0
ES =0010 00000000 ffffffff 00cf9300 DPL=0 DS   [-WA]
CS =0008 00000000 ffffffff 00cf9a00 DPL=0 CS32 [-R-]
SS =0010 00000000 ffffffff 00cf9300 DPL=0 DS   [-WA]
DS =0010 00000000 ffffffff 00cf9300 DPL=0 DS   [-WA]
FS =0010 00000000 ffffffff 00cf9300 DPL=0 DS   [-WA]
GS =0010 00000000 ffffffff 00cf9300 DPL=0 DS   [-WA]
LDT=0000 00000000 0000ffff 00008200 DPL=0 LDT
TR =0000 00000000 0000ffff 00008b00 DPL=0 TSS32-busy
GDT=     c0105000 00000017
IDT=     c010a020 000007ff
CR0=80000011 CR2=00000000 CR3=00106000 CR4=00000000
DR0=00000000 DR1=00000000 DR2=00000000 DR3=00000000 
DR6=ffff0ff0 DR7=00000400
CCS=00000090 CCD=c0109f58 CCO=EFLAGS
EFER=0000000000000000
Servicing hardware INT=0x20
     6: v=20 e=0000 i=0 cpl=0 IP=0008:c01022b1 pc=c01022b1 SP=0010:c0109f1c env->regs[R_EAX]=00000360
EAX=00000360 EBX=00400000 ECX=00000000 EDX=000003fd
ESI=00000000 EDI=00108000 EBP=c0109f48 ESP=c0109f1c
EIP=c01022b1 EFL=00000296 [--S-AP-] CPL=0 II=0 A20=1 SMM=0 HLT=0
ES =0010 00000000 ffffffff 00cf9300 DPL=0 DS   [-WA]
CS =0008 00000000 ffffffff 00cf9a00 DPL=0 CS32 [-R-]
SS =0010 00000000 ffffffff 00cf9300 DPL=0 DS   [-WA]
DS =0010 00000000 ffffffff 00cf9300 DPL=0 DS   [-WA]
FS =0010 00000000 ffffffff 00cf9300 DPL=0 DS   [-WA]
GS =0010 00000000 ffffffff 00cf9300 DPL=0 DS   [-WA]
LDT=0000 00000000 0000ffff 00008200 DPL=0 LDT
TR =0000 00000000 0000ffff 00008b00 DPL=0 TSS32-busy
GDT=     c0105000 00000017
IDT=     c010a020 000007ff
CR0=80000011 CR2=00000000 CR3=00106000 CR4=00000000
DR0=00000000 DR1=00000000 DR2=00000000 DR3=00000000 
DR6=ffff0ff0 DR7=00000400
CCS=00000094 CCD=c0109f24 CCO=EFLAGS
EFER=0000000000000000
Servicing hardware INT=0x20
     7: v=20 e=0000 i=0 cpl=0 IP=0008:c01022b1 pc=c01022b1 SP=0010:c0109f1c env->regs[R_EAX]=00000360
EAX=00000360 EBX=00400000 ECX=00000000 EDX=000003fd
ESI=00000000 EDI=00108000 EBP=c0109f48 ESP=c0109f1c
EIP=c01022b1 EFL=00000296 [--S-AP-] CPL=0 II=0 A20=1 SMM=0 HLT=0
ES =0010 00000000 ffffffff 00cf9300 DPL=0 DS   [-WA]
CS =0008 00000000 ffffffff 00cf9a00 DPL=0 CS32 [-R-]
SS =0010 00000000 ffffffff 00cf9300 DPL=0 DS   [-WA]
DS =0010 00000000 ffffffff 00cf9300 DPL=0 DS   [-WA]
FS =0010 00000000 ffffffff 00cf9300 DPL=0 DS   [-WA]
GS =0010 00000000 ffffffff 00cf9300 DPL=0 DS   [-WA]
LDT=0000 00000000 0000ffff 00008200 DPL=0 LDT
TR =0000 00000000 0000ffff 00008b00 DPL=0 TSS32-busy
GDT=     c0105000 00000017
IDT=     c010a020 000007ff
CR0=80000011 CR2=00000000 CR3=00106000 CR4=00000000
DR0=00000000 DR1=00000000 DR2=00000000 DR3=00000000 
DR6=ffff0ff0 DR7=00000400
CCS=00000094 CCD=c0109f24 CCO=EFLAGS
EFER=0000000000000000
Servicing hardware INT=0x20
     8: v=20 e=0000 i=0 cpl=0 IP=0008:c01022b1 pc=c01022b1 SP=0010:c0109f1c env->regs[R_EAX]=00000360
EAX=00000360 EBX=00400000 ECX=00000000 EDX=000003fd
ESI=00000000 EDI=00108000 EBP=c0109f48 ESP=c0109f1c
EIP=c01022b1 EFL=00000296 [--S-AP-] CPL=0 II=0 A20=1 SMM=0 HLT=0
ES =0010 00000000 ffffffff 00cf9300 DPL=0 DS   [-WA]
CS =0008 00000000 ffffffff 00cf9a00 DPL=0 CS32 [-R-]
SS =0010 00000000 ffffffff 00cf9300 DPL=0 DS   [-WA]
DS =0010 00000000 ffffffff 00cf9300 DPL=0 DS   [-WA]
FS =0010 00000000 ffffffff 00cf9300 DPL=0 DS   [-WA]
GS =0010 00000000 ffffffff 00cf9300 DPL=0 DS   [-WA]
LDT=0000 00000000 0000ffff 00008200 DPL=0 LDT
TR =0000 00000000 0000ffff 00008b00 DPL=0 TSS32-busy
GDT=     c0105000 00000017
IDT=     c010a020 000007ff
CR0=80000011 CR2=00000000 CR3=00106000 CR4=00000000
DR0=00000000 DR1=00000000 DR2=00000000 DR3=00000000 
DR6=ffff0ff0 DR7=00000400
CCS=00000094 CCD=c0109f24 CCO=EFLAGS
EFER=0000000000000000
Servicing hardware INT=0x20
     9: v=20 e=0000 i=0 cpl=0 IP=0008:c01022aa pc=c01022aa SP=0010:c0109f4c env->regs[R_EAX]=00000364
EAX=00000364 EBX=00400000 ECX=00000000 EDX=000003f8
ESI=00000000 EDI=00108000 EBP=c0109f78 ESP=c0109f4c
EIP=c01022aa EFL=00000292 [--S-A--] CPL=0 II=0 A20=1 SMM=0 HLT=0
ES =0010 00000000 ffffffff 00cf9300 DPL=0 DS   [-WA]
CS =0008 00000000 ffffffff 00cf9a00 DPL=0 CS32 [-R-]
SS =0010 00000000 ffffffff 00cf9300 DPL=0 DS   [-WA]
DS =0010 00000000 ffffffff 00cf9300 DPL=0 DS   [-WA]
FS =0010 00000000 ffffffff 00cf9300 DPL=0 DS   [-WA]
GS =0010 00000000 ffffffff 00cf9300 DPL=0 DS   [-WA]
LDT=0000 00000000 0000ffff 00008200 DPL=0 LDT
TR =0000 00000000 0000ffff 00008b00 DPL=0 TSS32-busy
GDT=     c0105000 00000017
IDT=     c010a020 000007ff
CR0=80000011 CR2=00000000 CR3=00106000 CR4=00000000
DR0=00000000 DR1=00000000 DR2=00000000 DR3=00000000 
DR6=ffff0ff0 DR7=00000400
CCS=00000090 CCD=c0109f58 CCO=EFLAGS
EFER=0000000000000000
Servicing hardware INT=0x20
    10: v=20 e=0000 i=0 cpl=0 IP=0008:c01022b1 pc=c01022b1 SP=0010:c0109f1c env->regs[R_EAX]=00000360
EAX=00000360 EBX=00400000 ECX=00000000 EDX=000003fd
ESI=00000000 EDI=00108000 EBP=c0109f48 ESP=c0109f1c
EIP=c01022b1 EFL=00000296 [--S-AP-] CPL=0 II=0 A20=1 SMM=0 HLT=0
ES =0010 00000000 ffffffff 00cf9300 DPL=0 DS   [-WA]
CS =0008 00000000 ffffffff 00cf9a00 DPL=0 CS32 [-R-]
SS =0010 00000000 ffffffff 00cf9300 DPL=0 DS   [-WA]
DS =0010 00000000 ffffffff 00cf9300 DPL=0 DS   [-WA]
FS =0010 00000000 ffffffff 00cf9300 DPL=0 DS   [-WA]
GS =0010 00000000 ffffffff 00cf9300 DPL=0 DS   [-WA]
LDT=0000 00000000 0000ffff 00008200 DPL=0 LDT
TR =0000 00000000 0000ffff 00008b00 DPL=0 TSS32-busy
GDT=     c0105000 00000017
IDT=     c010a020 000007ff
CR0=80000011 CR2=00000000 CR3=00106000 CR4=00000000
DR0=00000000 DR1=00000000 DR2=00000000 DR3=00000000 
DR6=ffff0ff0 DR7=00000400
CCS=00000094 CCD=c0109f24 CCO=EFLAGS
EFER=0000000000000000
Servicing hardware INT=0x20
    11: v=20 e=0000 i=0 cpl=0 IP=0008:c01022b1 pc=c01022b1 SP=0010:c0109f1c env->regs[R_EAX]=00000360
EAX=00000360 EBX=00400000 ECX=00000000 EDX=000003fd
ESI=00000000 EDI=00108000 EBP=c0109f48 ESP=c0109f1c
EIP=c01022b1 EFL=00000296 [--S-AP-] CPL=0 II=0 A20=1 SMM=0 HLT=0
ES =0010 00000000 ffffffff 00cf9300 DPL=0 DS   [-WA]
CS =0008 00000000 ffffffff 00cf9a00 DPL=0 CS32 [-R-]
SS =0010 00000000 ffffffff 00cf9300 DPL=0 DS   [-WA]
DS =0010 00000000 ffffffff 00cf9300 DPL=0 DS   [-WA]
FS =0010 00000000 ffffffff 00cf9300 DPL=0 DS   [-WA]
GS =0010 00000000 ffffffff 00cf9300 DPL=0 DS   [-WA]
LDT=0000 00000000 0000ffff 00008200 DPL=0 LDT
TR =0000 00000000 0000ffff 00008b00 DPL=0 TSS32-busy
GDT=     c0105000 00000017
IDT=     c010a020 000007ff
CR0=80000011 CR2=00000000 CR3=00106000 CR4=00000000
DR0=00000000 DR1=00000000 DR2=00000000 DR3=00000000 
DR6=ffff0ff0 DR7=00000400
CCS=00000094 CCD=c0109f24 CCO=EFLAGS
EFER=0000000000000000
Servicing hardware INT=0x20
    12: v=20 e=0000 i=0 cpl=0 IP=0008:c01022b1 pc=c01022b1 SP=0010:c0109f1c env->regs[R_EAX]=00000360
EAX=00000360 EBX=00400000 ECX=00000000 EDX=000003fd
ESI=00000000 EDI=00108000 EBP=c0109f48 ESP=c0109f1c
EIP=c01022b1 EFL=00000296 [--S-AP-] CPL=0 II=0 A20=1 SMM=0 HLT=0
ES =0010 00000000 ffffffff 00cf9300 DPL=0 DS   [-WA]
CS =0008 00000000 ffffffff 00cf9a00 DPL=0 CS32 [-R-]
SS =0010 00000000 ffffffff 00cf9300 DPL=0 DS   [-WA]
DS =0010 00000000 ffffffff 00cf9300 DPL=0 DS   [-WA]
FS =0010 00000000 ffffffff 00cf9300 DPL=0 DS   [-WA]
GS =0010 00000000 ffffffff 00cf9300 DPL=0 DS   [-WA]
LDT=0000 00000000 0000ffff 00008200 DPL=0 LDT
TR =0000 00000000 0000ffff 00008b00 DPL=0 TSS32-busy
GDT=     c0105000 00000017
IDT=     c010a020 000007ff
CR0=80000011 CR2=00000000 CR3=00106000 CR4=00000000
DR0=00000000 DR1=00000000 DR2=00000000 DR3=00000000 
DR6=ffff0ff0 DR7=00000400
CCS=00000094 CCD=c0109f24 CCO=EFLAGS
EFER=0000000000000000
Servicing hardware INT=0x20
    13: v=20 e=0000 i=0 cpl=0 IP=0008:c01022b1 pc=c01022b1 SP=0010:c0109f1c env->regs[R_EAX]=00000360
EAX=00000360 EBX=00400000 ECX=00000000 EDX=000003fd
ESI=00000000 EDI=00108000 EBP=c0109f48 ESP=c0109f1c
EIP=c01022b1 EFL=00000296 [--S-AP-] CPL=0 II=0 A20=1 SMM=0 HLT=0
ES =0010 00000000 ffffffff 00cf9300 DPL=0 DS   [-WA]
CS =0008 00000000 ffffffff 00cf9a00 DPL=0 CS32 [-R-]
SS =0010 00000000 ffffffff 00cf9300 DPL=0 DS   [-WA]
DS =0010 00000000 ffffffff 00cf9300 DPL=0 DS   [-WA]
FS =0010 00000000 ffffffff 00cf9300 DPL=0 DS   [-WA]
GS =0010 00000000 ffffffff 00cf9300 DPL=0 DS   [-WA]
LDT=0000 00000000 0000ffff 00008200 DPL=0 LDT
TR =0000 00000000 0000ffff 00008b00 DPL=0 TSS32-busy
GDT=     c0105000 00000017
IDT=     c010a020 000007ff
CR0=80000011 CR2=00000000 CR3=00106000 CR4=00000000
DR0=00000000 DR1=00000000 DR2=00000000 DR3=00000000 
DR6=ffff0ff0 DR7=00000400
CCS=00000094 CCD=c0109f24 CCO=EFLAGS
EFER=0000000000000000
Servicing hardware INT=0x20
    14: v=20 e=0000 i=0 cpl=0 IP=0008:c01022aa pc=c01022aa SP=0010:c0109f4c env->regs[R_EAX]=00000362
EAX=00000362 EBX=00400000 ECX=00000000 EDX=000003f8
ESI=00000000 EDI=00108000 EBP=c0109f78 ESP=c0109f4c
EIP=c01022aa EFL=00000292 [--S-A--] CPL=0 II=0 A20=1 SMM=0 HLT=0
ES =0010 00000000 ffffffff 00cf9300 DPL=0 DS   [-WA]
CS =0008 00000000 ffffffff 00cf9a00 DPL=0 CS32 [-R-]
SS =0010 00000000 ffffffff 00cf9300 DPL=0 DS   [-WA]
DS =0010 00000000 ffffffff 00cf9300 DPL=0 DS   [-WA]
FS =0010 00000000 ffffffff 00cf9300 DPL=0 DS   [-WA]
GS =0010 00000000 ffffffff 00cf9300 DPL=0 DS   [-WA]
LDT=0000 00000000 0000ffff 00008200 DPL=0 LDT
TR =0000 00000000 0000ffff 00008b00 DPL=0 TSS32-busy
GDT=     c0105000 00000017
IDT=     c010a020 000007ff
CR0=80000011 CR2=00000000 CR3=00106000 CR4=00000000
DR0=00000000 DR1=00000000 DR2=00000000 DR3=00000000 
DR6=ffff0ff0 DR7=00000400
CCS=00000090 CCD=c0109f58 CCO=EFLAGS
EFER=0000000000000000
Servicing hardware INT=0x20
    15: v=20 e=0000 i=0 cpl=0 IP=0008:c01022b1 pc=c01022b1 SP=0010:c0109f1c env->regs[R_EAX]=00000360
EAX=00000360 EBX=00400000 ECX=00000000 EDX=000003fd
ESI=00000000 EDI=00108000 EBP=c0109f48 ESP=c0109f1c
EIP=c01022b1 EFL=00000296 [--S-AP-] CPL=0 II=0 A20=1 SMM=0 HLT=0
ES =0010 00000000 ffffffff 00cf9300 DPL=0 DS   [-WA]
CS =0008 00000000 ffffffff 00cf9a00 DPL=0 CS32 [-R-]
SS =0010 00000000 ffffffff 00cf9300 DPL=0 DS   [-WA]
DS =0010 00000000 ffffffff 00cf9300 DPL=0 DS   [-WA]
FS =0010 00000000 ffffffff 00cf9300 DPL=0 DS   [-WA]
GS =0010 00000000 ffffffff 00cf9300 DPL=0 DS   [-WA]
LDT=0000 00000000 0000ffff 00008200 DPL=0 LDT
TR =0000 00000000 0000ffff 00008b00 DPL=0 TSS32-busy
GDT=     c0105000 00000017
IDT=     c010a020 000007ff
CR0=80000011 CR2=00000000 CR3=00106000 CR4=00000000
DR0=00000000 DR1=00000000 DR2=00000000 DR3=00000000 
DR6=ffff0ff0 DR7=00000400
CCS=00000094 CCD=c0109f24 CCO=EFLAGS
EFER=0000000000000000
Servicing hardware INT=0x20
    16: v=20 e=0000 i=0 cpl=0 IP=0008:c01022b1 pc=c01022b1 SP=0010:c0109f1c env->regs[R_EAX]=00000360
EAX=00000360 EBX=00400000 ECX=00000000 EDX=000003fd
ESI=00000000 EDI=00108000 EBP=c0109f48 ESP=c0109f1c
EIP=c01022b1 EFL=00000296 [--S-AP-] CPL=0 II=0 A20=1 SMM=0 HLT=0
ES =0010 00000000 ffffffff 00cf9300 DPL=0 DS   [-WA]
CS =0008 00000000 ffffffff 00cf9a00 DPL=0 CS32 [-R-]
SS =0010 00000000 ffffffff 00cf9300 DPL=0 DS   [-WA]
DS =0010 00000000 ffffffff 00cf9300 DPL=0 DS   [-WA]
FS =0010 00000000 ffffffff 00cf9300 DPL=0 DS   [-WA]
GS =0010 00000000 ffffffff 00cf9300 DPL=0 DS   [-WA]
LDT=0000 00000000 0000ffff 00008200 DPL=0 LDT
TR =0000 00000000 0000ffff 00008b00 DPL=0 TSS32-busy
GDT=     c0105000 00000017
IDT=     c010a020 000007ff
CR0=80000011 CR2=00000000 CR3=00106000 CR4=00000000
DR0=00000000 DR1=00000000 DR2=00000000 DR3=00000000 
DR6=ffff0ff0 DR7=00000400
CCS=00000094 CCD=c0109f24 CCO=EFLAGS
EFER=0000000000000000
Servicing hardware INT=0x20
    17: v=20 e=0000 i=0 cpl=0 IP=0008:c01022b1 pc=c01022b1 SP=0010:c0109f1c env->regs[R_EAX]=00000360
EAX=00000360 EBX=00400000 ECX=00000000 EDX=000003fd
ESI=00000000 EDI=00108000 EBP=c0109f48 ESP=c0109f1c
EIP=c01022b1 EFL=00000296 [--S-AP-] CPL=0 II=0 A20=1 SMM=0 HLT=0
ES =0010 00000000 ffffffff 00cf9300 DPL=0 DS   [-WA]
CS =0008 00000000 ffffffff 00cf9a00 DPL=0 CS32 [-R-]
SS =0010 00000000 ffffffff 00cf9300 DPL=0 DS   [-WA]
DS =0010 00000000 ffffffff 00cf9300 DPL=0 DS   [-WA]
FS =0010 00000000 ffffffff 00cf9300 DPL=0 DS   [-WA]
GS =0010 00000000 ffffffff 00cf9300 DPL=0 DS   [-WA]
LDT=0000 00000000 0000ffff 00008200 DPL=0 LDT
TR =0000 00000000 0000ffff 00008b00 DPL=0 TSS32-busy
GDT=     c0105000 00000017
IDT=     c010a020 000007ff
CR0=80000011 CR2=00000000 CR3=00106000 CR4=00000000
DR0=00000000 DR1=00000000 DR2=00000000 DR3=00000000 
DR6=ffff0ff0 DR7=00000400
CCS=00000094 CCD=c0109f24 CCO=EFLAGS
EFER=0000000000000000
Servicing hardware INT=0x20
    18: v=20 e=0000 i=0 cpl=0 IP=0008:c01022b1 pc=c01022b1 SP=0010:c0109f1c env->regs[R_EAX]=00000360
EAX=00000360 EBX=00400000 ECX=00000000 EDX=000003fd
ESI=00000000 EDI=00108000 EBP=c0109f48 ESP=c0109f1c
EIP=c01022b1 EFL=00000296 [--S-AP-] CPL=0 II=0 A20=1 SMM=0 HLT=0
ES =0010 00000000 ffffffff 00cf9300 DPL=0 DS   [-WA]
CS =0008 00000000 ffffffff 00cf9a00 DPL=0 CS32 [-R-]
SS =0010 00000000 ffffffff 00cf9300 DPL=0 DS   [-WA]
DS =0010 00000000 ffffffff 00cf9300 DPL=0 DS   [-WA]
FS =0010 00000000 ffffffff 00cf9300 DPL=0 DS   [-WA]
GS =0010 00000000 ffffffff 00cf9300 DPL=0 DS   [-WA]
LDT=0000 00000000 0000ffff 00008200 DPL=0 LDT
TR =0000 00000000 0000ffff 00008b00 DPL=0 TSS32-busy
GDT=     c0105000 00000017
IDT=     c010a020 000007ff
CR0=80000011 CR2=00000000 CR3=00106000 CR4=00000000
DR0=00000000 DR1=00000000 DR2=00000000 DR3=00000000 
DR6=ffff0ff0 DR7=00000400
CCS=00000094 CCD=c0109f24 CCO=EFLAGS
EFER=0000000000000000
Servicing hardware INT=0x20
    19: v=20 e=0000 i=0 cpl=0 IP=0008:c01022b1 pc=c01022b1 SP=0010:c0109f1c env->regs[R_EAX]=00000360
EAX=00000360 EBX=00400000 ECX=00000000 EDX=000003fd
ESI=00000000 EDI=00108000 EBP=c0109f48 ESP=c0109f1c
EIP=c01022b1 EFL=00000296 [--S-AP-] CPL=0 II=0 A20=1 SMM=0 HLT=0
ES =0010 00000000 ffffffff 00cf9300 DPL=0 DS   [-WA]
CS =0008 00000000 ffffffff 00cf9a00 DPL=0 CS32 [-R-]
SS =0010 00000000 ffffffff 00cf9300 DPL=0 DS   [-WA]
DS =0010 00000000 ffffffff 00cf9300 DPL=0 DS   [-WA]
FS =0010 00000000 ffffffff 00cf9300 DPL=0 DS   [-WA]
GS =0010 00000000 ffffffff 00cf9300 DPL=0 DS   [-WA]
LDT=0000 00000000 0000ffff 00008200 DPL=0 LDT
TR =0000 00000000 0000ffff 00008b00 DPL=0 TSS32-busy
GDT=     c0105000 00000017
IDT=     c010a020 000007ff
CR0=80000011 CR2=00000000 CR3=00106000 CR4=00000000
DR0=00000000 DR1=00000000 DR2=00000000 DR3=00000000 
DR6=ffff0ff0 DR7=00000400
CCS=00000094 CCD=c0109f24 CCO=EFLAGS
EFER=0000000000000000
Servicing hardware INT=0x20
    20: v=20 e=0000 i=0 cpl=0 IP=0008:c01022b1 pc=c01022b1 SP=0010:c0109f1c env->regs[R_EAX]=00000360
EAX=00000360 EBX=00400000 ECX=00000000 EDX=000003fd
ESI=00000000 EDI=00108000 EBP=c0109f48 ESP=c0109f1c
EIP=c01022b1 EFL=00000296 [--S-AP-] CPL=0 II=0 A20=1 SMM=0 HLT=0
ES =0010 00000000 ffffffff 00cf9300 DPL=0 DS   [-WA]
CS =0008 00000000 ffffffff 00cf9a00 DPL=0 CS32 [-R-]
SS =0010 00000000 ffffffff 00cf9300 DPL=0 DS   [-WA]
DS =0010 00000000 ffffffff 00cf9300 DPL=0 DS   [-WA]
FS =0010 00000000 ffffffff 00cf9300 DPL=0 DS   [-WA]
GS =0010 00000000 ffffffff 00cf9300 DPL=0 DS   [-WA]
LDT=0000 00000000 0000ffff 00008200 DPL=0 LDT
TR =0000 00000000 0000ffff 00008b00 DPL=0 TSS32-busy
GDT=     c0105000 00000017
IDT=     c010a020 000007ff
CR0=80000011 CR2=00000000 CR3=00106000 CR4=00000000
DR0=00000000 DR1=00000000 DR2=00000000 DR3=00000000 
DR6=ffff0ff0 DR7=00000400
CCS=00000094 CCD=c0109f24 CCO=EFLAGS
EFER=0000000000000000
Servicing hardware INT=0x20
    21: v=20 e=0000 i=0 cpl=0 IP=0008:c01022b1 pc=c01022b1 SP=0010:c0109f1c env->regs[R_EAX]=00000360
EAX=00000360 EBX=00400000 ECX=00000000 EDX=000003fd
ESI=00000000 EDI=00108000 EBP=c0109f48 ESP=c0109f1c
EIP=c01022b1 EFL=00000296 [--S-AP-] CPL=0 II=0 A20=1 SMM=0 HLT=0
ES =0010 00000000 ffffffff 00cf9300 DPL=0 DS   [-WA]
CS =0008 00000000 ffffffff 00cf9a00 DPL=0 CS32 [-R-]
SS =0010 00000000 ffffffff 00cf9300 DPL=0 DS   [-WA]
DS =0010 00000000 ffffffff 00cf9300 DPL=0 DS   [-WA]
FS =0010 00000000 ffffffff 00cf9300 DPL=0 DS   [-WA]
GS =0010 00000000 ffffffff 00cf9300 DPL=0 DS   [-WA]
LDT=0000 00000000 0000ffff 00008200 DPL=0 LDT
TR =0000 00000000 0000ffff 00008b00 DPL=0 TSS32-busy
GDT=     c0105000 00000017
IDT=     c010a020 000007ff
CR0=80000011 CR2=00000000 CR3=00106000 CR4=00000000
DR0=00000000 DR1=00000000 DR2=00000000 DR3=00000000 
DR6=ffff0ff0 DR7=00000400
CCS=00000094 CCD=c0109f24 CCO=EFLAGS
EFER=0000000000000000
Servicing hardware INT=0x20
    22: v=20 e=0000 i=0 cpl=0 IP=0008:c01022b1 pc=c01022b1 SP=0010:c0109f1c env->regs[R_EAX]=00000300
EAX=00000300 EBX=00400000 ECX=00000000 EDX=000003fd
ESI=00000000 EDI=00108000 EBP=c0109f48 ESP=c0109f1c
EIP=c01022b1 EFL=00000296 [--S-AP-] CPL=0 II=0 A20=1 SMM=0 HLT=0
ES =0010 00000000 ffffffff 00cf9300 DPL=0 DS   [-WA]
CS =0008 00000000 ffffffff 00cf9a00 DPL=0 CS32 [-R-]
SS =0010 00000000 ffffffff 00cf9300 DPL=0 DS   [-WA]
DS =0010 00000000 ffffffff 00cf9300 DPL=0 DS   [-WA]
FS =0010 00000000 ffffffff 00cf9300 DPL=0 DS   [-WA]
GS =0010 00000000 ffffffff 00cf9300 DPL=0 DS   [-WA]
LDT=0000 00000000 0000ffff 00008200 DPL=0 LDT
TR =0000 00000000 0000ffff 00008b00 DPL=0 TSS32-busy
GDT=     c0105000 00000017
IDT=     c010a020 000007ff
CR0=80000011 CR2=00000000 CR3=00106000 CR4=00000000
DR0=00000000 DR1=00000000 DR2=00000000 DR3=00000000 
DR6=ffff0ff0 DR7=00000400
CCS=00000094 CCD=c0109f24 CCO=EFLAGS
EFER=0000000000000000
Servicing hardware INT=0x20
    23: v=20 e=0000 i=0 cpl=0 IP=0008:c01022aa pc=c01022aa SP=0010:c0109f4c env->regs[R_EAX]=00000368
EAX=00000368 EBX=00400000 ECX=00000000 EDX=000003f8
ESI=00000000 EDI=00108000 EBP=c0109f78 ESP=c0109f4c
EIP=c01022aa EFL=00000292 [--S-A--] CPL=0 II=0 A20=1 SMM=0 HLT=0
ES =0010 00000000 ffffffff 00cf9300 DPL=0 DS   [-WA]
CS =0008 00000000 ffffffff 00cf9a00 DPL=0 CS32 [-R-]
SS =0010 00000000 ffffffff 00cf9300 DPL=0 DS   [-WA]
DS =0010 00000000 ffffffff 00cf9300 DPL=0 DS   [-WA]
FS =0010 00000000 ffffffff 00cf9300 DPL=0 DS   [-WA]
GS =0010 00000000 ffffffff 00cf9300 DPL=0 DS   [-WA]
LDT=0000 00000000 0000ffff 00008200 DPL=0 LDT
TR =0000 00000000 0000ffff 00008b00 DPL=0 TSS32-busy
GDT=     c0105000 00000017
IDT=     c010a020 000007ff
CR0=80000011 CR2=00000000 CR3=00106000 CR4=00000000
DR0=00000000 DR1=00000000 DR2=00000000 DR3=00000000 
DR6=ffff0ff0 DR7=00000400
CCS=00000090 CCD=c0109f58 CCO=EFLAGS
EFER=0000000000000000
Servicing hardware INT=0x20
    24: v=20 e=0000 i=0 cpl=0 IP=0008:c01022b1 pc=c01022b1 SP=0010:c0109f1c env->regs[R_EAX]=00000360
EAX=00000360 EBX=00400000 ECX=00000000 EDX=000003fd
ESI=00000000 EDI=00108000 EBP=c0109f48 ESP=c0109f1c
EIP=c01022b1 EFL=00000296 [--S-AP-] CPL=0 II=0 A20=1 SMM=0 HLT=0
ES =0010 00000000 ffffffff 00cf9300 DPL=0 DS   [-WA]
CS =0008 00000000 ffffffff 00cf9a00 DPL=0 CS32 [-R-]
SS =0010 00000000 ffffffff 00cf9300 DPL=0 DS   [-WA]
DS =0010 00000000 ffffffff 00cf9300 DPL=0 DS   [-WA]
FS =0010 00000000 ffffffff 00cf9300 DPL=0 DS   [-WA]
GS =0010 00000000 ffffffff 00cf9300 DPL=0 DS   [-WA]
LDT=0000 00000000 0000ffff 00008200 DPL=0 LDT
TR =0000 00000000 0000ffff 00008b00 DPL=0 TSS32-busy
GDT=     c0105000 00000017
IDT=     c010a020 000007ff
CR0=80000011 CR2=00000000 CR3=00106000 CR4=00000000
DR0=00000000 DR1=00000000 DR2=00000000 DR3=00000000 
DR6=ffff0ff0 DR7=00000400
CCS=00000094 CCD=c0109f24 CCO=EFLAGS
EFER=0000000000000000
Servicing hardware INT=0x20
    25: v=20 e=0000 i=0 cpl=0 IP=0008:c01022b1 pc=c01022b1 SP=0010:c0109f1c env->regs[R_EAX]=00000360
EAX=00000360 EBX=00400000 ECX=00000000 EDX=000003fd
ESI=00000000 EDI=00108000 EBP=c0109f48 ESP=c0109f1c
EIP=c01022b1 EFL=00000296 [--S-AP-] CPL=0 II=0 A20=1 SMM=0 HLT=0
ES =0010 00000000 ffffffff 00cf9300 DPL=0 DS   [-WA]
CS =0008 00000000 ffffffff 00cf9a00 DPL=0 CS32 [-R-]
SS =0010 00000000 ffffffff 00cf9300 DPL=0 DS   [-WA]
DS =0010 00000000 ffffffff 00cf9300 DPL=0 DS   [-WA]
FS =0010 00000000 ffffffff 00cf9300 DPL=0 DS   [-WA]
GS =0010 00000000 ffffffff 00cf9300 DPL=0 DS   [-WA]
LDT=0000 00000000 0000ffff 00008200 DPL=0 LDT
TR =0000 00000000 0000ffff 00008b00 DPL=0 TSS32-busy
GDT=     c0105000 00000017
IDT=     c010a020 000007ff
CR0=80000011 CR2=00000000 CR3=00106000 CR4=00000000
DR0=00000000 DR1=00000000 DR2=00000000 DR3=00000000 
DR6=ffff0ff0 DR7=00000400
CCS=00000094 CCD=c0109f24 CCO=EFLAGS
EFER=0000000000000000
Servicing hardware INT=0x20
    26: v=20 e=0000 i=0 cpl=0 IP=0008:c01022b1 pc=c01022b1 SP=0010:c0109f1c env->regs[R_EAX]=00000360
EAX=00000360 EBX=00400000 ECX=00000000 EDX=000003fd
ESI=00000000 EDI=00108000 EBP=c0109f48 ESP=c0109f1c
EIP=c01022b1 EFL=00000296 [--S-AP-] CPL=0 II=0 A20=1 SMM=0 HLT=0
ES =0010 00000000 ffffffff 00cf9300 DPL=0 DS   [-WA]
CS =0008 00000000 ffffffff 00cf9a00 DPL=0 CS32 [-R-]
SS =0010 00000000 ffffffff 00cf9300 DPL=0 DS   [-WA]
DS =0010 00000000 ffffffff 00cf9300 DPL=0 DS   [-WA]
FS =0010 00000000 ffffffff 00cf9300 DPL=0 DS   [-WA]
GS =0010 00000000 ffffffff 00cf9300 DPL=0 DS   [-WA]
LDT=0000 00000000 0000ffff 00008200 DPL=0 LDT
TR =0000 00000000 0000ffff 00008b00 DPL=0 TSS32-busy
GDT=     c0105000 00000017
IDT=     c010a020 000007ff
CR0=80000011 CR2=00000000 CR3=00106000 CR4=00000000
DR0=00000000 DR1=00000000 DR2=00000000 DR3=00000000 
DR6=ffff0ff0 DR7=00000400
CCS=00000094 CCD=c0109f24 CCO=EFLAGS
EFER=0000000000000000
Servicing hardware INT=0x20
    27: v=20 e=0000 i=0 cpl=0 IP=0008:c01022b1 pc=c01022b1 SP=0010:c0109f1c env->regs[R_EAX]=00000360
EAX=00000360 EBX=00400000 ECX=00000000 EDX=000003fd
ESI=00000000 EDI=00108000 EBP=c0109f48 ESP=c0109f1c
EIP=c01022b1 EFL=00000296 [--S-AP-] CPL=0 II=0 A20=1 SMM=0 HLT=0
ES =0010 00000000 ffffffff 00cf9300 DPL=0 DS   [-WA]
CS =0008 00000000 ffffffff 00cf9a00 DPL=0 CS32 [-R-]
SS =0010 00000000 ffffffff 00cf9300 DPL=0 DS   [-WA]
DS =0010 00000000 ffffffff 00cf9300 DPL=0 DS   [-WA]
FS =0010 00000000 ffffffff 00cf9300 DPL=0 DS   [-WA]
GS =0010 00000000 ffffffff 00cf9300 DPL=0 DS   [-WA]
LDT=0000 00000000 0000ffff 00008200 DPL=0 LDT
TR =0000 00000000 0000ffff 00008b00 DPL=0 TSS32-busy
GDT=     c0105000 00000017
IDT=     c010a020 000007ff
CR0=80000011 CR2=00000000 CR3=00106000 CR4=00000000
DR0=00000000 DR1=00000000 DR2=00000000 DR3=00000000 
DR6=ffff0ff0 DR7=00000400
CCS=00000094 CCD=c0109f24 CCO=EFLAGS
EFER=0000000000000000
Servicing hardware INT=0x20
    28: v=20 e=0000 i=0 cpl=0 IP=0008:c01022aa pc=c01022aa SP=0010:c0109f4c env->regs[R_EAX]=00000363
EAX=00000363 EBX=00400000 ECX=00000000 EDX=000003f8
ESI=00000000 EDI=00108000 EBP=c0109f78 ESP=c0109f4c
EIP=c01022aa EFL=00000292 [--S-A--] CPL=0 II=0 A20=1 SMM=0 HLT=0
ES =0010 00000000 ffffffff 00cf9300 DPL=0 DS   [-WA]
CS =0008 00000000 ffffffff 00cf9a00 DPL=0 CS32 [-R-]
SS =0010 00000000 ffffffff 00cf9300 DPL=0 DS   [-WA]
DS =0010 00000000 ffffffff 00cf9300 DPL=0 DS   [-WA]
FS =0010 00000000 ffffffff 00cf9300 DPL=0 DS   [-WA]
GS =0010 00000000 ffffffff 00cf9300 DPL=0 DS   [-WA]
LDT=0000 00000000 0000ffff 00008200 DPL=0 LDT
TR =0000 00000000 0000ffff 00008b00 DPL=0 TSS32-busy
GDT=     c0105000 00000017
IDT=     c010a020 000007ff
CR0=80000011 CR2=00000000 CR3=00106000 CR4=00000000
DR0=00000000 DR1=00000000 DR2=00000000 DR3=00000000 
DR6=ffff0ff0 DR7=00000400
CCS=00000090 CCD=c0109f58 CCO=EFLAGS
EFER=0000000000000000
Servicing hardware INT=0x20
    29: v=20 e=0000 i=0 cpl=0 IP=0008:c01022aa pc=c01022aa SP=0010:c0109f4c env->regs[R_EAX]=00000368
EAX=00000368 EBX=00400000 ECX=00000000 EDX=000003f8
ESI=00000000 EDI=00108000 EBP=c0109f78 ESP=c0109f4c
EIP=c01022aa EFL=00000292 [--S-A--] CPL=0 II=0 A20=1 SMM=0 HLT=0
ES =0010 00000000 ffffffff 00cf9300 DPL=0 DS   [-WA]
CS =0008 00000000 ffffffff 00cf9a00 DPL=0 CS32 [-R-]
SS =0010 00000000 ffffffff 00cf9300 DPL=0 DS   [-WA]
DS =0010 00000000 ffffffff 00cf9300 DPL=0 DS   [-WA]
FS =0010 00000000 ffffffff 00cf9300 DPL=0 DS   [-WA]
GS =0010 00000000 ffffffff 00cf9300 DPL=0 DS   [-WA]
LDT=0000 00000000 0000ffff 00008200 DPL=0 LDT
TR =0000 00000000 0000ffff 00008b00 DPL=0 TSS32-busy
GDT=     c0105000 00000017
IDT=     c010a020 000007ff
CR0=80000011 CR2=00000000 CR3=00106000 CR4=00000000
DR0=00000000 DR1=00000000 DR2=00000000 DR3=00000000 
DR6=ffff0ff0 DR7=00000400
CCS=00000090 CCD=c0109f58 CCO=EFLAGS
EFER=0000000000000000
Servicing hardware INT=0x20
    30: v=20 e=0000 i=0 cpl=0 IP=0008:c01022aa pc=c01022aa SP=0010:c0109f4c env->regs[R_EAX]=0000036b
EAX=0000036b EBX=00400000 ECX=00000000 EDX=000003f8
ESI=00000000 EDI=00108000 EBP=c0109f78 ESP=c0109f4c
EIP=c01022aa EFL=00000292 [--S-A--] CPL=0 II=0 A20=1 SMM=0 HLT=0
ES =0010 00000000 ffffffff 00cf9300 DPL=0 DS   [-WA]
CS =0008 00000000 ffffffff 00cf9a00 DPL=0 CS32 [-R-]
SS =0010 00000000 ffffffff 00cf9300 DPL=0 DS   [-WA]
DS =0010 00000000 ffffffff 00cf9300 DPL=0 DS   [-WA]
FS =0010 00000000 ffffffff 00cf9300 DPL=0 DS   [-WA]
GS =0010 00000000 ffffffff 00cf9300 DPL=0 DS   [-WA]
LDT=0000 00000000 0000ffff 00008200 DPL=0 LDT
TR =0000 00000000 0000ffff 00008b00 DPL=0 TSS32-busy
GDT=     c0105000 00000017
IDT=     c010a020 000007ff
CR0=80000011 CR2=00000000 CR3=00106000 CR4=00000000
DR0=00000000 DR1=00000000 DR2=00000000 DR3=00000000 
DR6=ffff0ff0 DR7=00000400
CCS=00000090 CCD=c0109f58 CCO=EFLAGS
EFER=0000000000000000
Servicing hardware INT=0x20
    31: v=20 e=0000 i=0 cpl=0 IP=0008:c01022aa pc=c01022aa SP=0010:c0109f4c env->regs[R_EAX]=0000036f
EAX=0000036f EBX=00400000 ECX=00000000 EDX=000003f8
ESI=00000000 EDI=00108000 EBP=c0109f78 ESP=c0109f4c
EIP=c01022aa EFL=00000292 [--S-A--] CPL=0 II=0 A20=1 SMM=0 HLT=0
ES =0010 00000000 ffffffff 00cf9300 DPL=0 DS   [-WA]
CS =0008 00000000 ffffffff 00cf9a00 DPL=0 CS32 [-R-]
SS =0010 00000000 ffffffff 00cf9300 DPL=0 DS   [-WA]
DS =0010 00000000 ffffffff 00cf9300 DPL=0 DS   [-WA]
FS =0010 00000000 ffffffff 00cf9300 DPL=0 DS   [-WA]
GS =0010 00000000 ffffffff 00cf9300 DPL=0 DS   [-WA]
LDT=0000 00000000 0000ffff 00008200 DPL=0 LDT
TR =0000 00000000 0000ffff 00008b00 DPL=0 TSS32-busy
GDT=     c0105000 00000017
IDT=     c010a020 000007ff
CR0=80000011 CR2=00000000 CR3=00106000 CR4=00000000
DR0=00000000 DR1=00000000 DR2=00000000 DR3=00000000 
DR6=ffff0ff0 DR7=00000400
CCS=00000090 CCD=c0109f58 CCO=EFLAGS
EFER=0000000000000000
Servicing hardware INT=0x20
    32: v=20 e=0000 i=0 cpl=0 IP=0008:c01022b1 pc=c01022b1 SP=0010:c0109f1c env->regs[R_EAX]=00000360
EAX=00000360 EBX=00400000 ECX=00000000 EDX=000003fd
ESI=00000000 EDI=00108000 EBP=c0109f48 ESP=c0109f1c
EIP=c01022b1 EFL=00000296 [--S-AP-] CPL=0 II=0 A20=1 SMM=0 HLT=0
ES =0010 00000000 ffffffff 00cf9300 DPL=0 DS   [-WA]
CS =0008 00000000 ffffffff 00cf9a00 DPL=0 CS32 [-R-]
SS =0010 00000000 ffffffff 00cf9300 DPL=0 DS   [-WA]
DS =0010 00000000 ffffffff 00cf9300 DPL=0 DS   [-WA]
FS =0010 00000000 ffffffff 00cf9300 DPL=0 DS   [-WA]
GS =0010 00000000 ffffffff 00cf9300 DPL=0 DS   [-WA]
LDT=0000 00000000 0000ffff 00008200 DPL=0 LDT
TR =0000 00000000 0000ffff 00008b00 DPL=0 TSS32-busy
GDT=     c0105000 00000017
IDT=     c010a020 000007ff
CR0=80000011 CR2=00000000 CR3=00106000 CR4=00000000
DR0=00000000 DR1=00000000 DR2=00000000 DR3=00000000 
DR6=ffff0ff0 DR7=00000400
CCS=00000094 CCD=c0109f24 CCO=EFLAGS
EFER=0000000000000000
Servicing hardware INT=0x20
    33: v=20 e=0000 i=0 cpl=0 IP=0008:c01022aa pc=c01022aa SP=0010:c0109f4c env->regs[R_EAX]=00000361
EAX=00000361 EBX=00400000 ECX=00000000 EDX=000003f8
ESI=00000000 EDI=00108000 EBP=c0109f78 ESP=c0109f4c
EIP=c01022aa EFL=00000292 [--S-A--] CPL=0 II=0 A20=1 SMM=0 HLT=0
ES =0010 00000000 ffffffff 00cf9300 DPL=0 DS   [-WA]
CS =0008 00000000 ffffffff 00cf9a00 DPL=0 CS32 [-R-]
SS =0010 00000000 ffffffff 00cf9300 DPL=0 DS   [-WA]
DS =0010 00000000 ffffffff 00cf9300 DPL=0 DS   [-WA]
FS =0010 00000000 ffffffff 00cf9300 DPL=0 DS   [-WA]
GS =0010 00000000 ffffffff 00cf9300 DPL=0 DS   [-WA]
LDT=0000 00000000 0000ffff 00008200 DPL=0 LDT
TR =0000 00000000 0000ffff 00008b00 DPL=0 TSS32-busy
GDT=     c0105000 00000017
IDT=     c010a020 000007ff
CR0=80000011 CR2=00000000 CR3=00106000 CR4=00000000
DR0=00000000 DR1=00000000 DR2=00000000 DR3=00000000 
DR6=ffff0ff0 DR7=00000400
CCS=00000090 CCD=c0109f58 CCO=EFLAGS
EFER=0000000000000000
Servicing hardware INT=0x20
    34: v=20 e=0000 i=0 cpl=0 IP=0008:c01022b1 pc=c01022b1 SP=0010:c0109f1c env->regs[R_EAX]=00000360
EAX=00000360 EBX=00400000 ECX=00000000 EDX=000003fd
ESI=00000000 EDI=00108000 EBP=c0109f48 ESP=c0109f1c
EIP=c01022b1 EFL=00000296 [--S-AP-] CPL=0 II=0 A20=1 SMM=0 HLT=0
ES =0010 00000000 ffffffff 00cf9300 DPL=0 DS   [-WA]
CS =0008 00000000 ffffffff 00cf9a00 DPL=0 CS32 [-R-]
SS =0010 00000000 ffffffff 00cf9300 DPL=0 DS   [-WA]
DS =0010 00000000 ffffffff 00cf9300 DPL=0 DS   [-WA]
FS =0010 00000000 ffffffff 00cf9300 DPL=0 DS   [-WA]
GS =0010 00000000 ffffffff 00cf9300 DPL=0 DS   [-WA]
LDT=0000 00000000 0000ffff 00008200 DPL=0 LDT
TR =0000 00000000 0000ffff 00008b00 DPL=0 TSS32-busy
GDT=     c0105000 00000017
IDT=     c010a020 000007ff
CR0=80000011 CR2=00000000 CR3=00106000 CR4=00000000
DR0=00000000 DR1=00000000 DR2=00000000 DR3=00000000 
DR6=ffff0ff0 DR7=00000400
CCS=00000094 CCD=c0109f24 CCO=EFLAGS
EFER=0000000000000000
Servicing hardware INT=0x20
    35: v=20 e=0000 i=0 cpl=0 IP=0008:c01022b1 pc=c01022b1 SP=0010:c0109f1c env->regs[R_EAX]=00000360
EAX=00000360 EBX=00400000 ECX=00000000 EDX=000003fd
ESI=00000000 EDI=00108000 EBP=c0109f48 ESP=c0109f1c
EIP=c01022b1 EFL=00000296 [--S-AP-] CPL=0 II=0 A20=1 SMM=0 HLT=0
ES =0010 00000000 ffffffff 00cf9300 DPL=0 DS   [-WA]
CS =0008 00000000 ffffffff 00cf9a00 DPL=0 CS32 [-R-]
SS =0010 00000000 ffffffff 00cf9300 DPL=0 DS   [-WA]
DS =0010 00000000 ffffffff 00cf9300 DPL=0 DS   [-WA]
FS =0010 00000000 ffffffff 00cf9300 DPL=0 DS   [-WA]
GS =0010 00000000 ffffffff 00cf9300 DPL=0 DS   [-WA]
LDT=0000 00000000 0000ffff 00008200 DPL=0 LDT
TR =0000 00000000 0000ffff 00008b00 DPL=0 TSS32-busy
GDT=     c0105000 00000017
IDT=     c010a020 000007ff
CR0=80000011 CR2=00000000 CR3=00106000 CR4=00000000
DR0=00000000 DR1=00000000 DR2=00000000 DR3=00000000 
DR6=ffff0ff0 DR7=00000400
CCS=00000094 CCD=c0109f24 CCO=EFLAGS
EFER=0000000000000000
Servicing hardware INT=0x20
    36: v=20 e=0000 i=0 cpl=0 IP=0008:c01022b1 pc=c01022b1 SP=0010:c0109f1c env->regs[R_EAX]=00000360
EAX=00000360 EBX=00400000 ECX=00000000 EDX=000003fd
ESI=00000000 EDI=00108000 EBP=c0109f48 ESP=c0109f1c
EIP=c01022b1 EFL=00000296 [--S-AP-] CPL=0 II=0 A20=1 SMM=0 HLT=0
ES =0010 00000000 ffffffff 00cf9300 DPL=0 DS   [-WA]
CS =0008 00000000 ffffffff 00cf9a00 DPL=0 CS32 [-R-]
SS =0010 00000000 ffffffff 00cf9300 DPL=0 DS   [-WA]
DS =0010 00000000 ffffffff 00cf9300 DPL=0 DS   [-WA]
FS =0010 00000000 ffffffff 00cf9300 DPL=0 DS   [-WA]
GS =0010 00000000 ffffffff 00cf9300 DPL=0 DS   [-WA]
LDT=0000 00000000 0000ffff 00008200 DPL=0 LDT
TR =0000 00000000 0000ffff 00008b00 DPL=0 TSS32-busy
GDT=     c0105000 00000017
IDT=     c010a020 000007ff
CR0=80000011 CR2=00000000 CR3=00106000 CR4=00000000
DR0=00000000 DR1=00000000 DR2=00000000 DR3=00000000 
DR6=ffff0ff0 DR7=00000400
CCS=00000094 CCD=c0109f24 CCO=EFLAGS
EFER=0000000000000000
Servicing hardware INT=0x20
    37: v=20 e=0000 i=0 cpl=0 IP=0008:c01022aa pc=c01022aa SP=0010:c0109f4c env->regs[R_EAX]=00000372
EAX=00000372 EBX=00400000 ECX=00000000 EDX=000003f8
ESI=00000000 EDI=00108000 EBP=c0109f78 ESP=c0109f4c
EIP=c01022aa EFL=00000292 [--S-A--] CPL=0 II=0 A20=1 SMM=0 HLT=0
ES =0010 00000000 ffffffff 00cf9300 DPL=0 DS   [-WA]
CS =0008 00000000 ffffffff 00cf9a00 DPL=0 CS32 [-R-]
SS =0010 00000000 ffffffff 00cf9300 DPL=0 DS   [-WA]
DS =0010 00000000 ffffffff 00cf9300 DPL=0 DS   [-WA]
FS =0010 00000000 ffffffff 00cf9300 DPL=0 DS   [-WA]
GS =0010 00000000 ffffffff 00cf9300 DPL=0 DS   [-WA]
LDT=0000 00000000 0000ffff 00008200 DPL=0 LDT
TR =0000 00000000 0000ffff 00008b00 DPL=0 TSS32-busy
GDT=     c0105000 00000017
IDT=     c010a020 000007ff
CR0=80000011 CR2=00000000 CR3=00106000 CR4=00000000
DR0=00000000 DR1=00000000 DR2=00000000 DR3=00000000 
DR6=ffff0ff0 DR7=00000400
CCS=00000090 CCD=c0109f58 CCO=EFLAGS
EFER=0000000000000000
Servicing hardware INT=0x20
    38: v=20 e=0000 i=0 cpl=0 IP=0008:c01022b1 pc=c01022b1 SP=0010:c0109f1c env->regs[R_EAX]=00000360
EAX=00000360 EBX=00400000 ECX=00000000 EDX=000003fd
ESI=00000000 EDI=00108000 EBP=c0109f48 ESP=c0109f1c
EIP=c01022b1 EFL=00000296 [--S-AP-] CPL=0 II=0 A20=1 SMM=0 HLT=0
ES =0010 00000000 ffffffff 00cf9300 DPL=0 DS   [-WA]
CS =0008 00000000 ffffffff 00cf9a00 DPL=0 CS32 [-R-]
SS =0010 00000000 ffffffff 00cf9300 DPL=0 DS   [-WA]
DS =0010 00000000 ffffffff 00cf9300 DPL=0 DS   [-WA]
FS =0010 00000000 ffffffff 00cf9300 DPL=0 DS   [-WA]
GS =0010 00000000 ffffffff 00cf9300 DPL=0 DS   [-WA]
LDT=0000 00000000 0000ffff 00008200 DPL=0 LDT
TR =0000 00000000 0000ffff 00008b00 DPL=0 TSS32-busy
GDT=     c0105000 00000017
IDT=     c010a020 000007ff
CR0=80000011 CR2=00000000 CR3=00106000 CR4=00000000
DR0=00000000 DR1=00000000 DR2=00000000 DR3=00000000 
DR6=ffff0ff0 DR7=00000400
CCS=00000094 CCD=c0109f24 CCO=EFLAGS
EFER=0000000000000000
Servicing hardware INT=0x20
    39: v=20 e=0000 i=0 cpl=0 IP=0008:c01022aa pc=c01022aa SP=0010:c0109f4c env->regs[R_EAX]=00000362
EAX=00000362 EBX=00400000 ECX=00000000 EDX=000003f8
ESI=00000000 EDI=00108000 EBP=c0109f78 ESP=c0109f4c
EIP=c01022aa EFL=00000292 [--S-A--] CPL=0 II=0 A20=1 SMM=0 HLT=0
ES =0010 00000000 ffffffff 00cf9300 DPL=0 DS   [-WA]
CS =0008 00000000 ffffffff 00cf9a00 DPL=0 CS32 [-R-]
SS =0010 00000000 ffffffff 00cf9300 DPL=0 DS   [-WA]
DS =0010 00000000 ffffffff 00cf9300 DPL=0 DS   [-WA]
FS =0010 00000000 ffffffff 00cf9300 DPL=0 DS   [-WA]
GS =0010 00000000 ffffffff 00cf9300 DPL=0 DS   [-WA]
LDT=0000 00000000 0000ffff 00008200 DPL=0 LDT
TR =0000 00000000 0000ffff 00008b00 DPL=0 TSS32-busy
GDT=     c0105000 00000017
IDT=     c010a020 000007ff
CR0=80000011 CR2=00000000 CR3=00106000 CR4=00000000
DR0=00000000 DR1=00000000 DR2=00000000 DR3=00000000 
DR6=ffff0ff0 DR7=00000400
CCS=00000090 CCD=c0109f58 CCO=EFLAGS
EFER=0000000000000000
Servicing hardware INT=0x20
    40: v=20 e=0000 i=0 cpl=0 IP=0008:c01022aa pc=c01022aa SP=0010:c0109f4c env->regs[R_EAX]=00000365
EAX=00000365 EBX=00400000 ECX=00000000 EDX=000003f8
ESI=00000000 EDI=00108000 EBP=c0109f78 ESP=c0109f4c
EIP=c01022aa EFL=00000292 [--S-A--] CPL=0 II=0 A20=1 SMM=0 HLT=0
ES =0010 00000000 ffffffff 00cf9300 DPL=0 DS   [-WA]
CS =0008 00000000 ffffffff 00cf9a00 DPL=0 CS32 [-R-]
SS =0010 00000000 ffffffff 00cf9300 DPL=0 DS   [-WA]
DS =0010 00000000 ffffffff 00cf9300 DPL=0 DS   [-WA]
FS =0010 00000000 ffffffff 00cf9300 DPL=0 DS   [-WA]
GS =0010 00000000 ffffffff 00cf9300 DPL=0 DS   [-WA]
LDT=0000 00000000 0000ffff 00008200 DPL=0 LDT
TR =0000 00000000 0000ffff 00008b00 DPL=0 TSS32-busy
GDT=     c0105000 00000017
IDT=     c010a020 000007ff
CR0=80000011 CR2=00000000 CR3=00106000 CR4=00000000
DR0=00000000 DR1=00000000 DR2=00000000 DR3=00000000 
DR6=ffff0ff0 DR7=00000400
CCS=00000090 CCD=c0109f58 CCO=EFLAGS
EFER=0000000000000000
Servicing hardware INT=0x20
    41: v=20 e=0000 i=0 cpl=0 IP=0008:c01022b1 pc=c01022b1 SP=0010:c0109f1c env->regs[R_EAX]=00000360
EAX=00000360 EBX=00400000 ECX=00000000 EDX=000003fd
ESI=00000000 EDI=00108000 EBP=c0109f48 ESP=c0109f1c
EIP=c01022b1 EFL=00000296 [--S-AP-] CPL=0 II=0 A20=1 SMM=0 HLT=0
ES =0010 00000000 ffffffff 00cf9300 DPL=0 DS   [-WA]
CS =0008 00000000 ffffffff 00cf9a00 DPL=0 CS32 [-R-]
SS =0010 00000000 ffffffff 00cf9300 DPL=0 DS   [-WA]
DS =0010 00000000 ffffffff 00cf9300 DPL=0 DS   [-WA]
FS =0010 00000000 ffffffff 00cf9300 DPL=0 DS   [-WA]
GS =0010 00000000 ffffffff 00cf9300 DPL=0 DS   [-WA]
LDT=0000 00000000 0000ffff 00008200 DPL=0 LDT
TR =0000 00000000 0000ffff 00008b00 DPL=0 TSS32-busy
GDT=     c0105000 00000017
IDT=     c010a020 000007ff
CR0=80000011 CR2=00000000 CR3=00106000 CR4=00000000
DR0=00000000 DR1=00000000 DR2=00000000 DR3=00000000 
DR6=ffff0ff0 DR7=00000400
CCS=00000094 CCD=c0109f24 CCO=EFLAGS
EFER=0000000000000000
Servicing hardware INT=0x20
    42: v=20 e=0000 i=0 cpl=0 IP=0008:c01022b1 pc=c01022b1 SP=0010:c0109f1c env->regs[R_EAX]=00000360
EAX=00000360 EBX=00400000 ECX=00000000 EDX=000003fd
ESI=00000000 EDI=00108000 EBP=c0109f48 ESP=c0109f1c
EIP=c01022b1 EFL=00000296 [--S-AP-] CPL=0 II=0 A20=1 SMM=0 HLT=0
ES =0010 00000000 ffffffff 00cf9300 DPL=0 DS   [-WA]
CS =0008 00000000 ffffffff 00cf9a00 DPL=0 CS32 [-R-]
SS =0010 00000000 ffffffff 00cf9300 DPL=0 DS   [-WA]
DS =0010 00000000 ffffffff 00cf9300 DPL=0 DS   [-WA]
FS =0010 00000000 ffffffff 00cf9300 DPL=0 DS   [-WA]
GS =0010 00000000 ffffffff 00cf9300 DPL=0 DS   [-WA]
LDT=0000 00000000 0000ffff 00008200 DPL=0 LDT
TR =0000 00000000 0000ffff 00008b00 DPL=0 TSS32-busy
GDT=     c0105000 00000017
IDT=     c010a020 000007ff
CR0=80000011 CR2=00000000 CR3=00106000 CR4=00000000
DR0=00000000 DR1=00000000 DR2=00000000 DR3=00000000 
DR6=ffff0ff0 DR7=00000400
CCS=00000094 CCD=c0109f24 CCO=EFLAGS
EFER=0000000000000000
Servicing hardware INT=0x20
    43: v=20 e=0000 i=0 cpl=0 IP=0008:c01022b1 pc=c01022b1 SP=0010:c0109f1c env->regs[R_EAX]=00000360
EAX=00000360 EBX=00400000 ECX=00000000 EDX=000003fd
ESI=00000000 EDI=00108000 EBP=c0109f48 ESP=c0109f1c
EIP=c01022b1 EFL=00000296 [--S-AP-] CPL=0 II=0 A20=1 SMM=0 HLT=0
ES =0010 00000000 ffffffff 00cf9300 DPL=0 DS   [-WA]
CS =0008 00000000 ffffffff 00cf9a00 DPL=0 CS32 [-R-]
SS =0010 00000000 ffffffff 00cf9300 DPL=0 DS   [-WA]
DS =0010 00000000 ffffffff 00cf9300 DPL=0 DS   [-WA]
FS =0010 00000000 ffffffff 00cf9300 DPL=0 DS   [-WA]
GS =0010 00000000 ffffffff 00cf9300 DPL=0 DS   [-WA]
LDT=0000 00000000 0000ffff 00008200 DPL=0 LDT
TR =0000 00000000 0000ffff 00008b00 DPL=0 TSS32-busy
GDT=     c0105000 00000017
IDT=     c010a020 000007ff
CR0=80000011 CR2=00000000 CR3=00106000 CR4=00000000
DR0=00000000 DR1=00000000 DR2=00000000 DR3=00000000 
DR6=ffff0ff0 DR7=00000400
CCS=00000094 CCD=c0109f24 CCO=EFLAGS
EFER=0000000000000000
Servicing hardware INT=0x20
    44: v=20 e=0000 i=0 cpl=0 IP=0008:c01022b1 pc=c01022b1 SP=0010:c0109f1c env->regs[R_EAX]=00000360
EAX=00000360 EBX=00400000 ECX=00000000 EDX=000003fd
ESI=00000000 EDI=00108000 EBP=c0109f48 ESP=c0109f1c
EIP=c01022b1 EFL=00000296 [--S-AP-] CPL=0 II=0 A20=1 SMM=0 HLT=0
ES =0010 00000000 ffffffff 00cf9300 DPL=0 DS   [-WA]
CS =0008 00000000 ffffffff 00cf9a00 DPL=0 CS32 [-R-]
SS =0010 00000000 ffffffff 00cf9300 DPL=0 DS   [-WA]
DS =0010 00000000 ffffffff 00cf9300 DPL=0 DS   [-WA]
FS =0010 00000000 ffffffff 00cf9300 DPL=0 DS   [-WA]
GS =0010 00000000 ffffffff 00cf9300 DPL=0 DS   [-WA]
LDT=0000 00000000 0000ffff 00008200 DPL=0 LDT
TR =0000 00000000 0000ffff 00008b00 DPL=0 TSS32-busy
GDT=     c0105000 00000017
IDT=     c010a020 000007ff
CR0=80000011 CR2=00000000 CR3=00106000 CR4=00000000
DR0=00000000 DR1=00000000 DR2=00000000 DR3=00000000 
DR6=ffff0ff0 DR7=00000400
CCS=00000094 CCD=c0109f24 CCO=EFLAGS
EFER=0000000000000000
Servicing hardware INT=0x20
    45: v=20 e=0000 i=0 cpl=0 IP=0008:c01022aa pc=c01022aa SP=0010:c0109f4c env->regs[R_EAX]=0000036f
EAX=0000036f EBX=00400000 ECX=00000000 EDX=000003f8
ESI=00000000 EDI=00108000 EBP=c0109f78 ESP=c0109f4c
EIP=c01022aa EFL=00000292 [--S-A--] CPL=0 II=0 A20=1 SMM=0 HLT=0
ES =0010 00000000 ffffffff 00cf9300 DPL=0 DS   [-WA]
CS =0008 00000000 ffffffff 00cf9a00 DPL=0 CS32 [-R-]
SS =0010 00000000 ffffffff 00cf9300 DPL=0 DS   [-WA]
DS =0010 00000000 ffffffff 00cf9300 DPL=0 DS   [-WA]
FS =0010 00000000 ffffffff 00cf9300 DPL=0 DS   [-WA]
GS =0010 00000000 ffffffff 00cf9300 DPL=0 DS   [-WA]
LDT=0000 00000000 0000ffff 00008200 DPL=0 LDT
TR =0000 00000000 0000ffff 00008b00 DPL=0 TSS32-busy
GDT=     c0105000 00000017
IDT=     c010a020 000007ff
CR0=80000011 CR2=00000000 CR3=00106000 CR4=00000000
DR0=00000000 DR1=00000000 DR2=00000000 DR3=00000000 
DR6=ffff0ff0 DR7=00000400
CCS=00000090 CCD=c0109f58 CCO=EFLAGS
EFER=0000000000000000
Servicing hardware INT=0x20
    46: v=20 e=0000 i=0 cpl=0 IP=0008:c01022b1 pc=c01022b1 SP=0010:c0109f1c env->regs[R_EAX]=00000360
EAX=00000360 EBX=00400000 ECX=00000000 EDX=000003fd
ESI=00000000 EDI=00108000 EBP=c0109f48 ESP=c0109f1c
EIP=c01022b1 EFL=00000296 [--S-AP-] CPL=0 II=0 A20=1 SMM=0 HLT=0
ES =0010 00000000 ffffffff 00cf9300 DPL=0 DS   [-WA]
CS =0008 00000000 ffffffff 00cf9a00 DPL=0 CS32 [-R-]
SS =0010 00000000 ffffffff 00cf9300 DPL=0 DS   [-WA]
DS =0010 00000000 ffffffff 00cf9300 DPL=0 DS   [-WA]
FS =0010 00000000 ffffffff 00cf9300 DPL=0 DS   [-WA]
GS =0010 00000000 ffffffff 00cf9300 DPL=0 DS   [-WA]
LDT=0000 00000000 0000ffff 00008200 DPL=0 LDT
TR =0000 00000000 0000ffff 00008b00 DPL=0 TSS32-busy
GDT=     c0105000 00000017
IDT=     c010a020 000007ff
CR0=80000011 CR2=00000000 CR3=00106000 CR4=00000000
DR0=00000000 DR1=00000000 DR2=00000000 DR3=00000000 
DR6=ffff0ff0 DR7=00000400
CCS=00000094 CCD=c0109f24 CCO=EFLAGS
EFER=0000000000000000
Servicing hardware INT=0x20
    47: v=20 e=0000 i=0 cpl=0 IP=0008:c01022aa pc=c01022aa SP=0010:c0109f4c env->regs[R_EAX]=00000365
EAX=00000365 EBX=00400000 ECX=00000000 EDX=000003f8
ESI=00000000 EDI=00108000 EBP=c0109f78 ESP=c0109f4c
EIP=c01022aa EFL=00000292 [--S-A--] CPL=0 II=0 A20=1 SMM=0 HLT=0
ES =0010 00000000 ffffffff 00cf9300 DPL=0 DS   [-WA]
CS =0008 00000000 ffffffff 00cf9a00 DPL=0 CS32 [-R-]
SS =0010 00000000 ffffffff 00cf9300 DPL=0 DS   [-WA]
DS =0010 00000000 ffffffff 00cf9300 DPL=0 DS   [-WA]
FS =0010 00000000 ffffffff 00cf9300 DPL=0 DS   [-WA]
GS =0010 00000000 ffffffff 00cf9300 DPL=0 DS   [-WA]
LDT=0000 00000000 0000ffff 00008200 DPL=0 LDT
TR =0000 00000000 0000ffff 00008b00 DPL=0 TSS32-busy
GDT=     c0105000 00000017
IDT=     c010a020 000007ff
CR0=80000011 CR2=00000000 CR3=00106000 CR4=00000000
DR0=00000000 DR1=00000000 DR2=00000000 DR3=00000000 
DR6=ffff0ff0 DR7=00000400
CCS=00000090 CCD=c0109f58 CCO=EFLAGS
EFER=0000000000000000
Servicing hardware INT=0x20
    48: v=20 e=0000 i=0 cpl=0 IP=0008:c01022b1 pc=c01022b1 SP=0010:c0109f1c env->regs[R_EAX]=00000360
EAX=00000360 EBX=00400000 ECX=00000000 EDX=000003fd
ESI=00000000 EDI=00108000 EBP=c0109f48 ESP=c0109f1c
EIP=c01022b1 EFL=00000296 [--S-AP-] CPL=0 II=0 A20=1 SMM=0 HLT=0
ES =0010 00000000 ffffffff 00cf9300 DPL=0 DS   [-WA]
CS =0008 00000000 ffffffff 00cf9a00 DPL=0 CS32 [-R-]
SS =0010 00000000 ffffffff 00cf9300 DPL=0 DS   [-WA]
DS =0010 00000000 ffffffff 00cf9300 DPL=0 DS   [-WA]
FS =0010 00000000 ffffffff 00cf9300 DPL=0 DS   [-WA]
GS =0010 00000000 ffffffff 00cf9300 DPL=0 DS   [-WA]
LDT=0000 00000000 0000ffff 00008200 DPL=0 LDT
TR =0000 00000000 0000ffff 00008b00 DPL=0 TSS32-busy
GDT=     c0105000 00000017
IDT=     c010a020 000007ff
CR0=80000011 CR2=00000000 CR3=00106000 CR4=00000000
DR0=00000000 DR1=00000000 DR2=00000000 DR3=00000000 
DR6=ffff0ff0 DR7=00000400
CCS=00000094 CCD=c0109f24 CCO=EFLAGS
EFER=0000000000000000
Servicing hardware INT=0x21
    49: v=21 e=0000 i=0 cpl=0 IP=0008:c01022b1 pc=c01022b1 SP=0010:c0109f1c env->regs[R_EAX]=00000360
EAX=00000360 EBX=00400000 ECX=00000000 EDX=000003fd
ESI=00000000 EDI=00108000 EBP=c0109f48 ESP=c0109f1c
EIP=c01022b1 EFL=00000296 [--S-AP-] CPL=0 II=0 A20=1 SMM=0 HLT=0
ES =0010 00000000 ffffffff 00cf9300 DPL=0 DS   [-WA]
CS =0008 00000000 ffffffff 00cf9a00 DPL=0 CS32 [-R-]
SS =0010 00000000 ffffffff 00cf9300 DPL=0 DS   [-WA]
DS =0010 00000000 ffffffff 00cf9300 DPL=0 DS   [-WA]
FS =0010 00000000 ffffffff 00cf9300 DPL=0 DS   [-WA]
GS =0010 00000000 ffffffff 00cf9300 DPL=0 DS   [-WA]
LDT=0000 00000000 0000ffff 00008200 DPL=0 LDT
TR =0000 00000000 0000ffff 00008b00 DPL=0 TSS32-busy
GDT=     c0105000 00000017
IDT=     c010a020 000007ff
CR0=80000011 CR2=00000000 CR3=00106000 CR4=00000000
DR0=00000000 DR1=00000000 DR2=00000000 DR3=00000000 
DR6=ffff0ff0 DR7=00000400
CCS=0000000c CCD=c0109f24 CCO=SUBL
EFER=0000000000000000
Servicing hardware INT=0x20
    50: v=20 e=0000 i=0 cpl=0 IP=0008:c01022b1 pc=c01022b1 SP=0010:c0109f1c env->regs[R_EAX]=00000360
EAX=00000360 EBX=00400000 ECX=00000000 EDX=000003fd
ESI=00000000 EDI=00108000 EBP=c0109f48 ESP=c0109f1c
EIP=c01022b1 EFL=00000296 [--S-AP-] CPL=0 II=0 A20=1 SMM=0 HLT=0
ES =0010 00000000 ffffffff 00cf9300 DPL=0 DS   [-WA]
CS =0008 00000000 ffffffff 00cf9a00 DPL=0 CS32 [-R-]
SS =0010 00000000 ffffffff 00cf9300 DPL=0 DS   [-WA]
DS =0010 00000000 ffffffff 00cf9300 DPL=0 DS   [-WA]
FS =0010 00000000 ffffffff 00cf9300 DPL=0 DS   [-WA]
GS =0010 00000000 ffffffff 00cf9300 DPL=0 DS   [-WA]
LDT=0000 00000000 0000ffff 00008200 DPL=0 LDT
TR =0000 00000000 0000ffff 00008b00 DPL=0 TSS32-busy
GDT=     c0105000 00000017
IDT=     c010a020 000007ff
CR0=80000011 CR2=00000000 CR3=00106000 CR4=00000000
DR0=00000000 DR1=00000000 DR2=00000000 DR3=00000000 
DR6=ffff0ff0 DR7=00000400
CCS=00000094 CCD=c0109f24 CCO=EFLAGS
EFER=0000000000000000
Servicing hardware INT=0x21
    51: v=21 e=0000 i=0 cpl=0 IP=0008:c01022b1 pc=c01022b1 SP=0010:c0109f1c env->regs[R_EAX]=00000360
EAX=00000360 EBX=00400000 ECX=00000000 EDX=000003fd
ESI=00000000 EDI=00108000 EBP=c0109f48 ESP=c0109f1c
EIP=c01022b1 EFL=00000296 [--S-AP-] CPL=0 II=0 A20=1 SMM=0 HLT=0
ES =0010 00000000 ffffffff 00cf9300 DPL=0 DS   [-WA]
CS =0008 00000000 ffffffff 00cf9a00 DPL=0 CS32 [-R-]
SS =0010 00000000 ffffffff 00cf9300 DPL=0 DS   [-WA]
DS =0010 00000000 ffffffff 00cf9300 DPL=0 DS   [-WA]
FS =0010 00000000 ffffffff 00cf9300 DPL=0 DS   [-WA]
GS =0010 00000000 ffffffff 00cf9300 DPL=0 DS   [-WA]
LDT=0000 00000000 0000ffff 00008200 DPL=0 LDT
TR =0000 00000000 0000ffff 00008b00 DPL=0 TSS32-busy
GDT=     c0105000 00000017
IDT=     c010a020 000007ff
CR0=80000011 CR2=00000000 CR3=00106000 CR4=00000000
DR0=00000000 DR1=00000000 DR2=00000000 DR3=00000000 
DR6=ffff0ff0 DR7=00000400
CCS=0000000c CCD=c0109f24 CCO=SUBL
EFER=0000000000000000
Servicing hardware INT=0x20
    52: v=20 e=0000 i=0 cpl=0 IP=0008:c01022aa pc=c01022aa SP=0010:c0109f4c env->regs[R_EAX]=00000367
EAX=00000367 EBX=00400000 ECX=00000000 EDX=000003f8
ESI=00000000 EDI=00108000 EBP=c0109f78 ESP=c0109f4c
EIP=c01022aa EFL=00000292 [--S-A--] CPL=0 II=0 A20=1 SMM=0 HLT=0
ES =0010 00000000 ffffffff 00cf9300 DPL=0 DS   [-WA]
CS =0008 00000000 ffffffff 00cf9a00 DPL=0 CS32 [-R-]
SS =0010 00000000 ffffffff 00cf9300 DPL=0 DS   [-WA]
DS =0010 00000000 ffffffff 00cf9300 DPL=0 DS   [-WA]
FS =0010 00000000 ffffffff 00cf9300 DPL=0 DS   [-WA]
GS =0010 00000000 ffffffff 00cf9300 DPL=0 DS   [-WA]
LDT=0000 00000000 0000ffff 00008200 DPL=0 LDT
TR =0000 00000000 0000ffff 00008b00 DPL=0 TSS32-busy
GDT=     c0105000 00000017
IDT=     c010a020 000007ff
CR0=80000011 CR2=00000000 CR3=00106000 CR4=00000000
DR0=00000000 DR1=00000000 DR2=00000000 DR3=00000000 
DR6=ffff0ff0 DR7=00000400
CCS=00000090 CCD=c0109f58 CCO=EFLAGS
EFER=0000000000000000
Servicing hardware INT=0x21
    53: v=21 e=0000 i=0 cpl=0 IP=0008:c01022b1 pc=c01022b1 SP=0010:c0109f1c env->regs[R_EAX]=00000360
EAX=00000360 EBX=00400000 ECX=00000000 EDX=000003fd
ESI=00000000 EDI=00108000 EBP=c0109f48 ESP=c0109f1c
EIP=c01022b1 EFL=00000296 [--S-AP-] CPL=0 II=0 A20=1 SMM=0 HLT=0
ES =0010 00000000 ffffffff 00cf9300 DPL=0 DS   [-WA]
CS =0008 00000000 ffffffff 00cf9a00 DPL=0 CS32 [-R-]
SS =0010 00000000 ffffffff 00cf9300 DPL=0 DS   [-WA]
DS =0010 00000000 ffffffff 00cf9300 DPL=0 DS   [-WA]
FS =0010 00000000 ffffffff 00cf9300 DPL=0 DS   [-WA]
GS =0010 00000000 ffffffff 00cf9300 DPL=0 DS   [-WA]
LDT=0000 00000000 0000ffff 00008200 DPL=0 LDT
TR =0000 00000000 0000ffff 00008b00 DPL=0 TSS32-busy
GDT=     c0105000 00000017
IDT=     c010a020 000007ff
CR0=80000011 CR2=00000000 CR3=00106000 CR4=00000000
DR0=00000000 DR1=00000000 DR2=00000000 DR3=00000000 
DR6=ffff0ff0 DR7=00000400
CCS=0000000c CCD=c0109f24 CCO=SUBL
EFER=0000000000000000
Servicing hardware INT=0x20
    54: v=20 e=0000 i=0 cpl=0 IP=0008:c01022b1 pc=c01022b1 SP=0010:c0109f1c env->regs[R_EAX]=00000360
EAX=00000360 EBX=00400000 ECX=00000000 EDX=000003fd
ESI=00000000 EDI=00108000 EBP=c0109f48 ESP=c0109f1c
EIP=c01022b1 EFL=00000296 [--S-AP-] CPL=0 II=0 A20=1 SMM=0 HLT=0
ES =0010 00000000 ffffffff 00cf9300 DPL=0 DS   [-WA]
CS =0008 00000000 ffffffff 00cf9a00 DPL=0 CS32 [-R-]
SS =0010 00000000 ffffffff 00cf9300 DPL=0 DS   [-WA]
DS =0010 00000000 ffffffff 00cf9300 DPL=0 DS   [-WA]
FS =0010 00000000 ffffffff 00cf9300 DPL=0 DS   [-WA]
GS =0010 00000000 ffffffff 00cf9300 DPL=0 DS   [-WA]
LDT=0000 00000000 0000ffff 00008200 DPL=0 LDT
TR =0000 00000000 0000ffff 00008b00 DPL=0 TSS32-busy
GDT=     c0105000 00000017
IDT=     c010a020 000007ff
CR0=80000011 CR2=00000000 CR3=00106000 CR4=00000000
DR0=00000000 DR1=00000000 DR2=00000000 DR3=00000000 
DR6=ffff0ff0 DR7=00000400
CCS=00000094 CCD=c0109f24 CCO=EFLAGS
EFER=0000000000000000
Servicing hardware INT=0x20
    55: v=20 e=0000 i=0 cpl=0 IP=0008:c01022b1 pc=c01022b1 SP=0010:c0109f1c env->regs[R_EAX]=00000360
EAX=00000360 EBX=00400000 ECX=00000000 EDX=000003fd
ESI=00000000 EDI=00108000 EBP=c0109f48 ESP=c0109f1c
EIP=c01022b1 EFL=00000296 [--S-AP-] CPL=0 II=0 A20=1 SMM=0 HLT=0
ES =0010 00000000 ffffffff 00cf9300 DPL=0 DS   [-WA]
CS =0008 00000000 ffffffff 00cf9a00 DPL=0 CS32 [-R-]
SS =0010 00000000 ffffffff 00cf9300 DPL=0 DS   [-WA]
DS =0010 00000000 ffffffff 00cf9300 DPL=0 DS   [-WA]
FS =0010 00000000 ffffffff 00cf9300 DPL=0 DS   [-WA]
GS =0010 00000000 ffffffff 00cf9300 DPL=0 DS   [-WA]
LDT=0000 00000000 0000ffff 00008200 DPL=0 LDT
TR =0000 00000000 0000ffff 00008b00 DPL=0 TSS32-busy
GDT=     c0105000 00000017
IDT=     c010a020 000007ff
CR0=80000011 CR2=00000000 CR3=00106000 CR4=00000000
DR0=00000000 DR1=00000000 DR2=00000000 DR3=00000000 
DR6=ffff0ff0 DR7=00000400
CCS=00000094 CCD=c0109f24 CCO=EFLAGS
EFER=0000000000000000
Servicing hardware INT=0x21
    56: v=21 e=0000 i=0 cpl=0 IP=0008:c01022aa pc=c01022aa SP=0010:c0109f4c env->regs[R_EAX]=00000365
EAX=00000365 EBX=00400000 ECX=00000000 EDX=000003f8
ESI=00000000 EDI=00108000 EBP=c0109f78 ESP=c0109f4c
EIP=c01022aa EFL=00000292 [--S-A--] CPL=0 II=0 A20=1 SMM=0 HLT=0
ES =0010 00000000 ffffffff 00cf9300 DPL=0 DS   [-WA]
CS =0008 00000000 ffffffff 00cf9a00 DPL=0 CS32 [-R-]
SS =0010 00000000 ffffffff 00cf9300 DPL=0 DS   [-WA]
DS =0010 00000000 ffffffff 00cf9300 DPL=0 DS   [-WA]
FS =0010 00000000 ffffffff 00cf9300 DPL=0 DS   [-WA]
GS =0010 00000000 ffffffff 00cf9300 DPL=0 DS   [-WA]
LDT=0000 00000000 0000ffff 00008200 DPL=0 LDT
TR =0000 00000000 0000ffff 00008b00 DPL=0 TSS32-busy
GDT=     c0105000 00000017
IDT=     c010a020 000007ff
CR0=80000011 CR2=00000000 CR3=00106000 CR4=00000000
DR0=00000000 DR1=00000000 DR2=00000000 DR3=00000000 
DR6=ffff0ff0 DR7=00000400
CCS=00000008 CCD=c0109f58 CCO=SUBL
EFER=0000000000000000
Servicing hardware INT=0x21
    57: v=21 e=0000 i=0 cpl=0 IP=0008:c01022b1 pc=c01022b1 SP=0010:c0109f1c env->regs[R_EAX]=00000360
EAX=00000360 EBX=00400000 ECX=00000000 EDX=000003fd
ESI=00000000 EDI=00108000 EBP=c0109f48 ESP=c0109f1c
EIP=c01022b1 EFL=00000296 [--S-AP-] CPL=0 II=0 A20=1 SMM=0 HLT=0
ES =0010 00000000 ffffffff 00cf9300 DPL=0 DS   [-WA]
CS =0008 00000000 ffffffff 00cf9a00 DPL=0 CS32 [-R-]
SS =0010 00000000 ffffffff 00cf9300 DPL=0 DS   [-WA]
DS =0010 00000000 ffffffff 00cf9300 DPL=0 DS   [-WA]
FS =0010 00000000 ffffffff 00cf9300 DPL=0 DS   [-WA]
GS =0010 00000000 ffffffff 00cf9300 DPL=0 DS   [-WA]
LDT=0000 00000000 0000ffff 00008200 DPL=0 LDT
TR =0000 00000000 0000ffff 00008b00 DPL=0 TSS32-busy
GDT=     c0105000 00000017
IDT=     c010a020 000007ff
CR0=80000011 CR2=00000000 CR3=00106000 CR4=00000000
DR0=00000000 DR1=00000000 DR2=00000000 DR3=00000000 
DR6=ffff0ff0 DR7=00000400
CCS=0000000c CCD=c0109f24 CCO=SUBL
EFER=0000000000000000
Servicing hardware INT=0x20
    58: v=20 e=0000 i=0 cpl=0 IP=0008:c01022aa pc=c01022aa SP=0010:c0109f4c env->regs[R_EAX]=00000372
EAX=00000372 EBX=00400000 ECX=00000000 EDX=000003f8
ESI=00000000 EDI=00108000 EBP=c0109f78 ESP=c0109f4c
EIP=c01022aa EFL=00000292 [--S-A--] CPL=0 II=0 A20=1 SMM=0 HLT=0
ES =0010 00000000 ffffffff 00cf9300 DPL=0 DS   [-WA]
CS =0008 00000000 ffffffff 00cf9a00 DPL=0 CS32 [-R-]
SS =0010 00000000 ffffffff 00cf9300 DPL=0 DS   [-WA]
DS =0010 00000000 ffffffff 00cf9300 DPL=0 DS   [-WA]
FS =0010 00000000 ffffffff 00cf9300 DPL=0 DS   [-WA]
GS =0010 00000000 ffffffff 00cf9300 DPL=0 DS   [-WA]
LDT=0000 00000000 0000ffff 00008200 DPL=0 LDT
TR =0000 00000000 0000ffff 00008b00 DPL=0 TSS32-busy
GDT=     c0105000 00000017
IDT=     c010a020 000007ff
CR0=80000011 CR2=00000000 CR3=00106000 CR4=00000000
DR0=00000000 DR1=00000000 DR2=00000000 DR3=00000000 
DR6=ffff0ff0 DR7=00000400
CCS=00000090 CCD=c0109f58 CCO=EFLAGS
EFER=0000000000000000
Servicing hardware INT=0x20
    59: v=20 e=0000 i=0 cpl=0 IP=0008:c01022b1 pc=c01022b1 SP=0010:c0109f1c env->regs[R_EAX]=00000360
EAX=00000360 EBX=00400000 ECX=00000000 EDX=000003fd
ESI=00000000 EDI=00108000 EBP=c0109f48 ESP=c0109f1c
EIP=c01022b1 EFL=00000296 [--S-AP-] CPL=0 II=0 A20=1 SMM=0 HLT=0
ES =0010 00000000 ffffffff 00cf9300 DPL=0 DS   [-WA]
CS =0008 00000000 ffffffff 00cf9a00 DPL=0 CS32 [-R-]
SS =0010 00000000 ffffffff 00cf9300 DPL=0 DS   [-WA]
DS =0010 00000000 ffffffff 00cf9300 DPL=0 DS   [-WA]
FS =0010 00000000 ffffffff 00cf9300 DPL=0 DS   [-WA]
GS =0010 00000000 ffffffff 00cf9300 DPL=0 DS   [-WA]
LDT=0000 00000000 0000ffff 00008200 DPL=0 LDT
TR =0000 00000000 0000ffff 00008b00 DPL=0 TSS32-busy
GDT=     c0105000 00000017
IDT=     c010a020 000007ff
CR0=80000011 CR2=00000000 CR3=00106000 CR4=00000000
DR0=00000000 DR1=00000000 DR2=00000000 DR3=00000000 
DR6=ffff0ff0 DR7=00000400
CCS=00000094 CCD=c0109f24 CCO=EFLAGS
EFER=0000000000000000
Servicing hardware INT=0x21
    60: v=21 e=0000 i=0 cpl=0 IP=0008:c01022b1 pc=c01022b1 SP=0010:c0109f1c env->regs[R_EAX]=00000360
EAX=00000360 EBX=00400000 ECX=00000000 EDX=000003fd
ESI=00000000 EDI=00108000 EBP=c0109f48 ESP=c0109f1c
EIP=c01022b1 EFL=00000296 [--S-AP-] CPL=0 II=0 A20=1 SMM=0 HLT=0
ES =0010 00000000 ffffffff 00cf9300 DPL=0 DS   [-WA]
CS =0008 00000000 ffffffff 00cf9a00 DPL=0 CS32 [-R-]
SS =0010 00000000 ffffffff 00cf9300 DPL=0 DS   [-WA]
DS =0010 00000000 ffffffff 00cf9300 DPL=0 DS   [-WA]
FS =0010 00000000 ffffffff 00cf9300 DPL=0 DS   [-WA]
GS =0010 00000000 ffffffff 00cf9300 DPL=0 DS   [-WA]
LDT=0000 00000000 0000ffff 00008200 DPL=0 LDT
TR =0000 00000000 0000ffff 00008b00 DPL=0 TSS32-busy
GDT=     c0105000 00000017
IDT=     c010a020 000007ff
CR0=80000011 CR2=00000000 CR3=00106000 CR4=00000000
DR0=00000000 DR1=00000000 DR2=00000000 DR3=00000000 
DR6=ffff0ff0 DR7=00000400
CCS=0000000c CCD=c0109f24 CCO=SUBL
EFER=0000000000000000
Servicing hardware INT=0x20
    61: v=20 e=0000 i=0 cpl=0 IP=0008:c01022b1 pc=c01022b1 SP=0010:c0109f1c env->regs[R_EAX]=00000360
EAX=00000360 EBX=00400000 ECX=00000000 EDX=000003fd
ESI=00000000 EDI=00108000 EBP=c0109f48 ESP=c0109f1c
EIP=c01022b1 EFL=00000296 [--S-AP-] CPL=0 II=0 A20=1 SMM=0 HLT=0
ES =0010 00000000 ffffffff 00cf9300 DPL=0 DS   [-WA]
CS =0008 00000000 ffffffff 00cf9a00 DPL=0 CS32 [-R-]
SS =0010 00000000 ffffffff 00cf9300 DPL=0 DS   [-WA]
DS =0010 00000000 ffffffff 00cf9300 DPL=0 DS   [-WA]
FS =0010 00000000 ffffffff 00cf9300 DPL=0 DS   [-WA]
GS =0010 00000000 ffffffff 00cf9300 DPL=0 DS   [-WA]
LDT=0000 00000000 0000ffff 00008200 DPL=0 LDT
TR =0000 00000000 0000ffff 00008b00 DPL=0 TSS32-busy
GDT=     c0105000 00000017
IDT=     c010a020 000007ff
CR0=80000011 CR2=00000000 CR3=00106000 CR4=00000000
DR0=00000000 DR1=00000000 DR2=00000000 DR3=00000000 
DR6=ffff0ff0 DR7=00000400
CCS=00000094 CCD=c0109f24 CCO=EFLAGS
EFER=0000000000000000
Servicing hardware INT=0x21
    62: v=21 e=0000 i=0 cpl=0 IP=0008:c01022aa pc=c01022aa SP=0010:c0109f4c env->regs[R_EAX]=00000379
EAX=00000379 EBX=00400000 ECX=00000000 EDX=000003f8
ESI=00000000 EDI=00108000 EBP=c0109f78 ESP=c0109f4c
EIP=c01022aa EFL=00000292 [--S-A--] CPL=0 II=0 A20=1 SMM=0 HLT=0
ES =0010 00000000 ffffffff 00cf9300 DPL=0 DS   [-WA]
CS =0008 00000000 ffffffff 00cf9a00 DPL=0 CS32 [-R-]
SS =0010 00000000 ffffffff 00cf9300 DPL=0 DS   [-WA]
DS =0010 00000000 ffffffff 00cf9300 DPL=0 DS   [-WA]
FS =0010 00000000 ffffffff 00cf9300 DPL=0 DS   [-WA]
GS =0010 00000000 ffffffff 00cf9300 DPL=0 DS   [-WA]
LDT=0000 00000000 0000ffff 00008200 DPL=0 LDT
TR =0000 00000000 0000ffff 00008b00 DPL=0 TSS32-busy
GDT=     c0105000 00000017
IDT=     c010a020 000007ff
CR0=80000011 CR2=00000000 CR3=00106000 CR4=00000000
DR0=00000000 DR1=00000000 DR2=00000000 DR3=00000000 
DR6=ffff0ff0 DR7=00000400
CCS=00000008 CCD=c0109f58 CCO=SUBL
EFER=0000000000000000
Servicing hardware INT=0x20
    63: v=20 e=0000 i=0 cpl=0 IP=0008:c01022b1 pc=c01022b1 SP=0010:c0109f1c env->regs[R_EAX]=00000360
EAX=00000360 EBX=00400000 ECX=00000000 EDX=000003fd
ESI=00000000 EDI=00108000 EBP=c0109f48 ESP=c0109f1c
EIP=c01022b1 EFL=00000296 [--S-AP-] CPL=0 II=0 A20=1 SMM=0 HLT=0
ES =0010 00000000 ffffffff 00cf9300 DPL=0 DS   [-WA]
CS =0008 00000000 ffffffff 00cf9a00 DPL=0 CS32 [-R-]
SS =0010 00000000 ffffffff 00cf9300 DPL=0 DS   [-WA]
DS =0010 00000000 ffffffff 00cf9300 DPL=0 DS   [-WA]
FS =0010 00000000 ffffffff 00cf9300 DPL=0 DS   [-WA]
GS =0010 00000000 ffffffff 00cf9300 DPL=0 DS   [-WA]
LDT=0000 00000000 0000ffff 00008200 DPL=0 LDT
TR =0000 00000000 0000ffff 00008b00 DPL=0 TSS32-busy
GDT=     c0105000 00000017
IDT=     c010a020 000007ff
CR0=80000011 CR2=00000000 CR3=00106000 CR4=00000000
DR0=00000000 DR1=00000000 DR2=00000000 DR3=00000000 
DR6=ffff0ff0 DR7=00000400
CCS=00000094 CCD=c0109f24 CCO=EFLAGS
EFER=0000000000000000
Servicing hardware INT=0x21
    64: v=21 e=0000 i=0 cpl=0 IP=0008:c01022aa pc=c01022aa SP=0010:c0109f4c env->regs[R_EAX]=0000036f
EAX=0000036f EBX=00400000 ECX=00000000 EDX=000003f8
ESI=00000000 EDI=00108000 EBP=c0109f78 ESP=c0109f4c
EIP=c01022aa EFL=00000292 [--S-A--] CPL=0 II=0 A20=1 SMM=0 HLT=0
ES =0010 00000000 ffffffff 00cf9300 DPL=0 DS   [-WA]
CS =0008 00000000 ffffffff 00cf9a00 DPL=0 CS32 [-R-]
SS =0010 00000000 ffffffff 00cf9300 DPL=0 DS   [-WA]
DS =0010 00000000 ffffffff 00cf9300 DPL=0 DS   [-WA]
FS =0010 00000000 ffffffff 00cf9300 DPL=0 DS   [-WA]
GS =0010 00000000 ffffffff 00cf9300 DPL=0 DS   [-WA]
LDT=0000 00000000 0000ffff 00008200 DPL=0 LDT
TR =0000 00000000 0000ffff 00008b00 DPL=0 TSS32-busy
GDT=     c0105000 00000017
IDT=     c010a020 000007ff
CR0=80000011 CR2=00000000 CR3=00106000 CR4=00000000
DR0=00000000 DR1=00000000 DR2=00000000 DR3=00000000 
DR6=ffff0ff0 DR7=00000400
CCS=00000008 CCD=c0109f58 CCO=SUBL
EFER=0000000000000000
Servicing hardware INT=0x20
    65: v=20 e=0000 i=0 cpl=0 IP=0008:c01022b1 pc=c01022b1 SP=0010:c0109f1c env->regs[R_EAX]=00000360
EAX=00000360 EBX=00400000 ECX=00000000 EDX=000003fd
ESI=00000000 EDI=00108000 EBP=c0109f48 ESP=c0109f1c
EIP=c01022b1 EFL=00000296 [--S-AP-] CPL=0 II=0 A20=1 SMM=0 HLT=0
ES =0010 00000000 ffffffff 00cf9300 DPL=0 DS   [-WA]
CS =0008 00000000 ffffffff 00cf9a00 DPL=0 CS32 [-R-]
SS =0010 00000000 ffffffff 00cf9300 DPL=0 DS   [-WA]
DS =0010 00000000 ffffffff 00cf9300 DPL=0 DS   [-WA]
FS =0010 00000000 ffffffff 00cf9300 DPL=0 DS   [-WA]
GS =0010 00000000 ffffffff 00cf9300 DPL=0 DS   [-WA]
LDT=0000 00000000 0000ffff 00008200 DPL=0 LDT
TR =0000 00000000 0000ffff 00008b00 DPL=0 TSS32-busy
GDT=     c0105000 00000017
IDT=     c010a020 000007ff
CR0=80000011 CR2=00000000 CR3=00106000 CR4=00000000
DR0=00000000 DR1=00000000 DR2=00000000 DR3=00000000 
DR6=ffff0ff0 DR7=00000400
CCS=00000094 CCD=c0109f24 CCO=EFLAGS
EFER=0000000000000000
Servicing hardware INT=0x21
    66: v=21 e=0000 i=0 cpl=0 IP=0008:c01022b1 pc=c01022b1 SP=0010:c0109f1c env->regs[R_EAX]=00000360
EAX=00000360 EBX=00400000 ECX=00000000 EDX=000003fd
ESI=00000000 EDI=00108000 EBP=c0109f48 ESP=c0109f1c
EIP=c01022b1 EFL=00000296 [--S-AP-] CPL=0 II=0 A20=1 SMM=0 HLT=0
ES =0010 00000000 ffffffff 00cf9300 DPL=0 DS   [-WA]
CS =0008 00000000 ffffffff 00cf9a00 DPL=0 CS32 [-R-]
SS =0010 00000000 ffffffff 00cf9300 DPL=0 DS   [-WA]
DS =0010 00000000 ffffffff 00cf9300 DPL=0 DS   [-WA]
FS =0010 00000000 ffffffff 00cf9300 DPL=0 DS   [-WA]
GS =0010 00000000 ffffffff 00cf9300 DPL=0 DS   [-WA]
LDT=0000 00000000 0000ffff 00008200 DPL=0 LDT
TR =0000 00000000 0000ffff 00008b00 DPL=0 TSS32-busy
GDT=     c0105000 00000017
IDT=     c010a020 000007ff
CR0=80000011 CR2=00000000 CR3=00106000 CR4=00000000
DR0=00000000 DR1=00000000 DR2=00000000 DR3=00000000 
DR6=ffff0ff0 DR7=00000400
CCS=0000000c CCD=c0109f24 CCO=SUBL
EFER=0000000000000000
Servicing hardware INT=0x21
    67: v=21 e=0000 i=0 cpl=0 IP=0008:c01022aa pc=c01022aa SP=0010:c0109f4c env->regs[R_EAX]=0000036f
EAX=0000036f EBX=00400000 ECX=00000000 EDX=000003f8
ESI=00000000 EDI=00108000 EBP=c0109f78 ESP=c0109f4c
EIP=c01022aa EFL=00000292 [--S-A--] CPL=0 II=0 A20=1 SMM=0 HLT=0
ES =0010 00000000 ffffffff 00cf9300 DPL=0 DS   [-WA]
CS =0008 00000000 ffffffff 00cf9a00 DPL=0 CS32 [-R-]
SS =0010 00000000 ffffffff 00cf9300 DPL=0 DS   [-WA]
DS =0010 00000000 ffffffff 00cf9300 DPL=0 DS   [-WA]
FS =0010 00000000 ffffffff 00cf9300 DPL=0 DS   [-WA]
GS =0010 00000000 ffffffff 00cf9300 DPL=0 DS   [-WA]
LDT=0000 00000000 0000ffff 00008200 DPL=0 LDT
TR =0000 00000000 0000ffff 00008b00 DPL=0 TSS32-busy
GDT=     c0105000 00000017
IDT=     c010a020 000007ff
CR0=80000011 CR2=00000000 CR3=00106000 CR4=00000000
DR0=00000000 DR1=00000000 DR2=00000000 DR3=00000000 
DR6=ffff0ff0 DR7=00000400
CCS=00000008 CCD=c0109f58 CCO=SUBL
EFER=0000000000000000
Servicing hardware INT=0x20
    68: v=20 e=0000 i=0 cpl=0 IP=0008:c01022b1 pc=c01022b1 SP=0010:c0109f1c env->regs[R_EAX]=00000360
EAX=00000360 EBX=00400000 ECX=00000000 EDX=000003fd
ESI=00000000 EDI=00108000 EBP=c0109f48 ESP=c0109f1c
EIP=c01022b1 EFL=00000296 [--S-AP-] CPL=0 II=0 A20=1 SMM=0 HLT=0
ES =0010 00000000 ffffffff 00cf9300 DPL=0 DS   [-WA]
CS =0008 00000000 ffffffff 00cf9a00 DPL=0 CS32 [-R-]
SS =0010 00000000 ffffffff 00cf9300 DPL=0 DS   [-WA]
DS =0010 00000000 ffffffff 00cf9300 DPL=0 DS   [-WA]
FS =0010 00000000 ffffffff 00cf9300 DPL=0 DS   [-WA]
GS =0010 00000000 ffffffff 00cf9300 DPL=0 DS   [-WA]
LDT=0000 00000000 0000ffff 00008200 DPL=0 LDT
TR =0000 00000000 0000ffff 00008b00 DPL=0 TSS32-busy
GDT=     c0105000 00000017
IDT=     c010a020 000007ff
CR0=80000011 CR2=00000000 CR3=00106000 CR4=00000000
DR0=00000000 DR1=00000000 DR2=00000000 DR3=00000000 
DR6=ffff0ff0 DR7=00000400
CCS=00000094 CCD=c0109f24 CCO=EFLAGS
EFER=0000000000000000
Servicing hardware INT=0x21
    69: v=21 e=0000 i=0 cpl=0 IP=0008:c01022aa pc=c01022aa SP=0010:c0109f4c env->regs[R_EAX]=00000374
EAX=00000374 EBX=00400000 ECX=00000000 EDX=000003f8
ESI=00000000 EDI=00108000 EBP=c0109f78 ESP=c0109f4c
EIP=c01022aa EFL=00000292 [--S-A--] CPL=0 II=0 A20=1 SMM=0 HLT=0
ES =0010 00000000 ffffffff 00cf9300 DPL=0 DS   [-WA]
CS =0008 00000000 ffffffff 00cf9a00 DPL=0 CS32 [-R-]
SS =0010 00000000 ffffffff 00cf9300 DPL=0 DS   [-WA]
DS =0010 00000000 ffffffff 00cf9300 DPL=0 DS   [-WA]
FS =0010 00000000 ffffffff 00cf9300 DPL=0 DS   [-WA]
GS =0010 00000000 ffffffff 00cf9300 DPL=0 DS   [-WA]
LDT=0000 00000000 0000ffff 00008200 DPL=0 LDT
TR =0000 00000000 0000ffff 00008b00 DPL=0 TSS32-busy
GDT=     c0105000 00000017
IDT=     c010a020 000007ff
CR0=80000011 CR2=00000000 CR3=00106000 CR4=00000000
DR0=00000000 DR1=00000000 DR2=00000000 DR3=00000000 
DR6=ffff0ff0 DR7=00000400
CCS=00000008 CCD=c0109f58 CCO=SUBL
EFER=0000000000000000
Servicing hardware INT=0x20
    70: v=20 e=0000 i=0 cpl=0 IP=0008:c01022b1 pc=c01022b1 SP=0010:c0109f1c env->regs[R_EAX]=00000360
EAX=00000360 EBX=00400000 ECX=00000000 EDX=000003fd
ESI=00000000 EDI=00108000 EBP=c0109f48 ESP=c0109f1c
EIP=c01022b1 EFL=00000296 [--S-AP-] CPL=0 II=0 A20=1 SMM=0 HLT=0
ES =0010 00000000 ffffffff 00cf9300 DPL=0 DS   [-WA]
CS =0008 00000000 ffffffff 00cf9a00 DPL=0 CS32 [-R-]
SS =0010 00000000 ffffffff 00cf9300 DPL=0 DS   [-WA]
DS =0010 00000000 ffffffff 00cf9300 DPL=0 DS   [-WA]
FS =0010 00000000 ffffffff 00cf9300 DPL=0 DS   [-WA]
GS =0010 00000000 ffffffff 00cf9300 DPL=0 DS   [-WA]
LDT=0000 00000000 0000ffff 00008200 DPL=0 LDT
TR =0000 00000000 0000ffff 00008b00 DPL=0 TSS32-busy
GDT=     c0105000 00000017
IDT=     c010a020 000007ff
CR0=80000011 CR2=00000000 CR3=00106000 CR4=00000000
DR0=00000000 DR1=00000000 DR2=00000000 DR3=00000000 
DR6=ffff0ff0 DR7=00000400
CCS=00000094 CCD=c0109f24 CCO=EFLAGS
EFER=0000000000000000
Servicing hardware INT=0x21
    71: v=21 e=0000 i=0 cpl=0 IP=0008:c01022b1 pc=c01022b1 SP=0010:c0109f1c env->regs[R_EAX]=00000360
EAX=00000360 EBX=00400000 ECX=00000000 EDX=000003fd
ESI=00000000 EDI=00108000 EBP=c0109f48 ESP=c0109f1c
EIP=c01022b1 EFL=00000296 [--S-AP-] CPL=0 II=0 A20=1 SMM=0 HLT=0
ES =0010 00000000 ffffffff 00cf9300 DPL=0 DS   [-WA]
CS =0008 00000000 ffffffff 00cf9a00 DPL=0 CS32 [-R-]
SS =0010 00000000 ffffffff 00cf9300 DPL=0 DS   [-WA]
DS =0010 00000000 ffffffff 00cf9300 DPL=0 DS   [-WA]
FS =0010 00000000 ffffffff 00cf9300 DPL=0 DS   [-WA]
GS =0010 00000000 ffffffff 00cf9300 DPL=0 DS   [-WA]
LDT=0000 00000000 0000ffff 00008200 DPL=0 LDT
TR =0000 00000000 0000ffff 00008b00 DPL=0 TSS32-busy
GDT=     c0105000 00000017
IDT=     c010a020 000007ff
CR0=80000011 CR2=00000000 CR3=00106000 CR4=00000000
DR0=00000000 DR1=00000000 DR2=00000000 DR3=00000000 
DR6=ffff0ff0 DR7=00000400
CCS=0000000c CCD=c0109f24 CCO=SUBL
EFER=0000000000000000
Servicing hardware INT=0x21
    72: v=21 e=0000 i=0 cpl=0 IP=0008:c01022b1 pc=c01022b1 SP=0010:c0109f1c env->regs[R_EAX]=00000360
EAX=00000360 EBX=00400000 ECX=00000000 EDX=000003fd
ESI=00000000 EDI=00108000 EBP=c0109f48 ESP=c0109f1c
EIP=c01022b1 EFL=00000296 [--S-AP-] CPL=0 II=0 A20=1 SMM=0 HLT=0
ES =0010 00000000 ffffffff 00cf9300 DPL=0 DS   [-WA]
CS =0008 00000000 ffffffff 00cf9a00 DPL=0 CS32 [-R-]
SS =0010 00000000 ffffffff 00cf9300 DPL=0 DS   [-WA]
DS =0010 00000000 ffffffff 00cf9300 DPL=0 DS   [-WA]
FS =0010 00000000 ffffffff 00cf9300 DPL=0 DS   [-WA]
GS =0010 00000000 ffffffff 00cf9300 DPL=0 DS   [-WA]
LDT=0000 00000000 0000ffff 00008200 DPL=0 LDT
TR =0000 00000000 0000ffff 00008b00 DPL=0 TSS32-busy
GDT=     c0105000 00000017
IDT=     c010a020 000007ff
CR0=80000011 CR2=00000000 CR3=00106000 CR4=00000000
DR0=00000000 DR1=00000000 DR2=00000000 DR3=00000000 
DR6=ffff0ff0 DR7=00000400
CCS=0000000c CCD=c0109f24 CCO=SUBL
EFER=0000000000000000
Servicing hardware INT=0x20
    73: v=20 e=0000 i=0 cpl=0 IP=0008:c01022b1 pc=c01022b1 SP=0010:c0109f1c env->regs[R_EAX]=00000360
EAX=00000360 EBX=00400000 ECX=00000000 EDX=000003fd
ESI=00000000 EDI=00108000 EBP=c0109f48 ESP=c0109f1c
EIP=c01022b1 EFL=00000296 [--S-AP-] CPL=0 II=0 A20=1 SMM=0 HLT=0
ES =0010 00000000 ffffffff 00cf9300 DPL=0 DS   [-WA]
CS =0008 00000000 ffffffff 00cf9a00 DPL=0 CS32 [-R-]
SS =0010 00000000 ffffffff 00cf9300 DPL=0 DS   [-WA]
DS =0010 00000000 ffffffff 00cf9300 DPL=0 DS   [-WA]
FS =0010 00000000 ffffffff 00cf9300 DPL=0 DS   [-WA]
GS =0010 00000000 ffffffff 00cf9300 DPL=0 DS   [-WA]
LDT=0000 00000000 0000ffff 00008200 DPL=0 LDT
TR =0000 00000000 0000ffff 00008b00 DPL=0 TSS32-busy
GDT=     c0105000 00000017
IDT=     c010a020 000007ff
CR0=80000011 CR2=00000000 CR3=00106000 CR4=00000000
DR0=00000000 DR1=00000000 DR2=00000000 DR3=00000000 
DR6=ffff0ff0 DR7=00000400
CCS=00000094 CCD=c0109f24 CCO=EFLAGS
EFER=0000000000000000
Servicing hardware INT=0x21
    74: v=21 e=0000 i=0 cpl=0 IP=0008:c01022b1 pc=c01022b1 SP=0010:c0109f1c env->regs[R_EAX]=00000360
EAX=00000360 EBX=00400000 ECX=00000000 EDX=000003fd
ESI=00000000 EDI=00108000 EBP=c0109f48 ESP=c0109f1c
EIP=c01022b1 EFL=00000296 [--S-AP-] CPL=0 II=0 A20=1 SMM=0 HLT=0
ES =0010 00000000 ffffffff 00cf9300 DPL=0 DS   [-WA]
CS =0008 00000000 ffffffff 00cf9a00 DPL=0 CS32 [-R-]
SS =0010 00000000 ffffffff 00cf9300 DPL=0 DS   [-WA]
DS =0010 00000000 ffffffff 00cf9300 DPL=0 DS   [-WA]
FS =0010 00000000 ffffffff 00cf9300 DPL=0 DS   [-WA]
GS =0010 00000000 ffffffff 00cf9300 DPL=0 DS   [-WA]
LDT=0000 00000000 0000ffff 00008200 DPL=0 LDT
TR =0000 00000000 0000ffff 00008b00 DPL=0 TSS32-busy
GDT=     c0105000 00000017
IDT=     c010a020 000007ff
CR0=80000011 CR2=00000000 CR3=00106000 CR4=00000000
DR0=00000000 DR1=00000000 DR2=00000000 DR3=00000000 
DR6=ffff0ff0 DR7=00000400
CCS=0000000c CCD=c0109f24 CCO=SUBL
EFER=0000000000000000
Servicing hardware INT=0x20
    75: v=20 e=0000 i=0 cpl=0 IP=0008:c01022b1 pc=c01022b1 SP=0010:c0109f1c env->regs[R_EAX]=00000360
EAX=00000360 EBX=00400000 ECX=00000000 EDX=000003fd
ESI=00000000 EDI=00108000 EBP=c0109f48 ESP=c0109f1c
EIP=c01022b1 EFL=00000296 [--S-AP-] CPL=0 II=0 A20=1 SMM=0 HLT=0
ES =0010 00000000 ffffffff 00cf9300 DPL=0 DS   [-WA]
CS =0008 00000000 ffffffff 00cf9a00 DPL=0 CS32 [-R-]
SS =0010 00000000 ffffffff 00cf9300 DPL=0 DS   [-WA]
DS =0010 00000000 ffffffff 00cf9300 DPL=0 DS   [-WA]
FS =0010 00000000 ffffffff 00cf9300 DPL=0 DS   [-WA]
GS =0010 00000000 ffffffff 00cf9300 DPL=0 DS   [-WA]
LDT=0000 00000000 0000ffff 00008200 DPL=0 LDT
TR =0000 00000000 0000ffff 00008b00 DPL=0 TSS32-busy
GDT=     c0105000 00000017
IDT=     c010a020 000007ff
CR0=80000011 CR2=00000000 CR3=00106000 CR4=00000000
DR0=00000000 DR1=00000000 DR2=00000000 DR3=00000000 
DR6=ffff0ff0 DR7=00000400
CCS=00000094 CCD=c0109f24 CCO=EFLAGS
EFER=0000000000000000
Servicing hardware INT=0x20
    76: v=20 e=0000 i=0 cpl=0 IP=0008:c01022b1 pc=c01022b1 SP=0010:c0109f1c env->regs[R_EAX]=00000360
EAX=00000360 EBX=00400000 ECX=00000000 EDX=000003fd
ESI=00000000 EDI=00108000 EBP=c0109f48 ESP=c0109f1c
EIP=c01022b1 EFL=00000296 [--S-AP-] CPL=0 II=0 A20=1 SMM=0 HLT=0
ES =0010 00000000 ffffffff 00cf9300 DPL=0 DS   [-WA]
CS =0008 00000000 ffffffff 00cf9a00 DPL=0 CS32 [-R-]
SS =0010 00000000 ffffffff 00cf9300 DPL=0 DS   [-WA]
DS =0010 00000000 ffffffff 00cf9300 DPL=0 DS   [-WA]
FS =0010 00000000 ffffffff 00cf9300 DPL=0 DS   [-WA]
GS =0010 00000000 ffffffff 00cf9300 DPL=0 DS   [-WA]
LDT=0000 00000000 0000ffff 00008200 DPL=0 LDT
TR =0000 00000000 0000ffff 00008b00 DPL=0 TSS32-busy
GDT=     c0105000 00000017
IDT=     c010a020 000007ff
CR0=80000011 CR2=00000000 CR3=00106000 CR4=00000000
DR0=00000000 DR1=00000000 DR2=00000000 DR3=00000000 
DR6=ffff0ff0 DR7=00000400
CCS=00000094 CCD=c0109f24 CCO=EFLAGS
EFER=0000000000000000
Servicing hardware INT=0x21
    77: v=21 e=0000 i=0 cpl=0 IP=0008:c01022b1 pc=c01022b1 SP=0010:c0109f1c env->regs[R_EAX]=00000360
EAX=00000360 EBX=00400000 ECX=00000000 EDX=000003fd
ESI=00000000 EDI=00108000 EBP=c0109f48 ESP=c0109f1c
EIP=c01022b1 EFL=00000296 [--S-AP-] CPL=0 II=0 A20=1 SMM=0 HLT=0
ES =0010 00000000 ffffffff 00cf9300 DPL=0 DS   [-WA]
CS =0008 00000000 ffffffff 00cf9a00 DPL=0 CS32 [-R-]
SS =0010 00000000 ffffffff 00cf9300 DPL=0 DS   [-WA]
DS =0010 00000000 ffffffff 00cf9300 DPL=0 DS   [-WA]
FS =0010 00000000 ffffffff 00cf9300 DPL=0 DS   [-WA]
GS =0010 00000000 ffffffff 00cf9300 DPL=0 DS   [-WA]
LDT=0000 00000000 0000ffff 00008200 DPL=0 LDT
TR =0000 00000000 0000ffff 00008b00 DPL=0 TSS32-busy
GDT=     c0105000 00000017
IDT=     c010a020 000007ff
CR0=80000011 CR2=00000000 CR3=00106000 CR4=00000000
DR0=00000000 DR1=00000000 DR2=00000000 DR3=00000000 
DR6=ffff0ff0 DR7=00000400
CCS=0000000c CCD=c0109f24 CCO=SUBL
EFER=0000000000000000
Servicing hardware INT=0x21
    78: v=21 e=0000 i=0 cpl=0 IP=0008:c01022b1 pc=c01022b1 SP=0010:c0109f1c env->regs[R_EAX]=00000360
EAX=00000360 EBX=00400000 ECX=00000000 EDX=000003fd
ESI=00000000 EDI=00108000 EBP=c0109f48 ESP=c0109f1c
EIP=c01022b1 EFL=00000296 [--S-AP-] CPL=0 II=0 A20=1 SMM=0 HLT=0
ES =0010 00000000 ffffffff 00cf9300 DPL=0 DS   [-WA]
CS =0008 00000000 ffffffff 00cf9a00 DPL=0 CS32 [-R-]
SS =0010 00000000 ffffffff 00cf9300 DPL=0 DS   [-WA]
DS =0010 00000000 ffffffff 00cf9300 DPL=0 DS   [-WA]
FS =0010 00000000 ffffffff 00cf9300 DPL=0 DS   [-WA]
GS =0010 00000000 ffffffff 00cf9300 DPL=0 DS   [-WA]
LDT=0000 00000000 0000ffff 00008200 DPL=0 LDT
TR =0000 00000000 0000ffff 00008b00 DPL=0 TSS32-busy
GDT=     c0105000 00000017
IDT=     c010a020 000007ff
CR0=80000011 CR2=00000000 CR3=00106000 CR4=00000000
DR0=00000000 DR1=00000000 DR2=00000000 DR3=00000000 
DR6=ffff0ff0 DR7=00000400
CCS=0000000c CCD=c0109f24 CCO=SUBL
EFER=0000000000000000
Servicing hardware INT=0x21
    79: v=21 e=0000 i=0 cpl=0 IP=0008:c01022aa pc=c01022aa SP=0010:c0109f4c env->regs[R_EAX]=00000361
EAX=00000361 EBX=00400000 ECX=00000000 EDX=000003f8
ESI=00000000 EDI=00108000 EBP=c0109f78 ESP=c0109f4c
EIP=c01022aa EFL=00000292 [--S-A--] CPL=0 II=0 A20=1 SMM=0 HLT=0
ES =0010 00000000 ffffffff 00cf9300 DPL=0 DS   [-WA]
CS =0008 00000000 ffffffff 00cf9a00 DPL=0 CS32 [-R-]
SS =0010 00000000 ffffffff 00cf9300 DPL=0 DS   [-WA]
DS =0010 00000000 ffffffff 00cf9300 DPL=0 DS   [-WA]
FS =0010 00000000 ffffffff 00cf9300 DPL=0 DS   [-WA]
GS =0010 00000000 ffffffff 00cf9300 DPL=0 DS   [-WA]
LDT=0000 00000000 0000ffff 00008200 DPL=0 LDT
TR =0000 00000000 0000ffff 00008b00 DPL=0 TSS32-busy
GDT=     c0105000 00000017
IDT=     c010a020 000007ff
CR0=80000011 CR2=00000000 CR3=00106000 CR4=00000000
DR0=00000000 DR1=00000000 DR2=00000000 DR3=00000000 
DR6=ffff0ff0 DR7=00000400
CCS=00000008 CCD=c0109f58 CCO=SUBL
EFER=0000000000000000
Servicing hardware INT=0x20
    80: v=20 e=0000 i=0 cpl=0 IP=0008:c01022aa pc=c01022aa SP=0010:c0109f4c env->regs[R_EAX]=0000036b
EAX=0000036b EBX=00400000 ECX=00000000 EDX=000003f8
ESI=00000000 EDI=00108000 EBP=c0109f78 ESP=c0109f4c
EIP=c01022aa EFL=00000292 [--S-A--] CPL=0 II=0 A20=1 SMM=0 HLT=0
ES =0010 00000000 ffffffff 00cf9300 DPL=0 DS   [-WA]
CS =0008 00000000 ffffffff 00cf9a00 DPL=0 CS32 [-R-]
SS =0010 00000000 ffffffff 00cf9300 DPL=0 DS   [-WA]
DS =0010 00000000 ffffffff 00cf9300 DPL=0 DS   [-WA]
FS =0010 00000000 ffffffff 00cf9300 DPL=0 DS   [-WA]
GS =0010 00000000 ffffffff 00cf9300 DPL=0 DS   [-WA]
LDT=0000 00000000 0000ffff 00008200 DPL=0 LDT
TR =0000 00000000 0000ffff 00008b00 DPL=0 TSS32-busy
GDT=     c0105000 00000017
IDT=     c010a020 000007ff
CR0=80000011 CR2=00000000 CR3=00106000 CR4=00000000
DR0=00000000 DR1=00000000 DR2=00000000 DR3=00000000 
DR6=ffff0ff0 DR7=00000400
CCS=00000090 CCD=c0109f58 CCO=EFLAGS
EFER=0000000000000000
Servicing hardware INT=0x21
    81: v=21 e=0000 i=0 cpl=0 IP=0008:c01022b1 pc=c01022b1 SP=0010:c0109f1c env->regs[R_EAX]=00000360
EAX=00000360 EBX=00400000 ECX=00000000 EDX=000003fd
ESI=00000000 EDI=00108000 EBP=c0109f48 ESP=c0109f1c
EIP=c01022b1 EFL=00000296 [--S-AP-] CPL=0 II=0 A20=1 SMM=0 HLT=0
ES =0010 00000000 ffffffff 00cf9300 DPL=0 DS   [-WA]
CS =0008 00000000 ffffffff 00cf9a00 DPL=0 CS32 [-R-]
SS =0010 00000000 ffffffff 00cf9300 DPL=0 DS   [-WA]
DS =0010 00000000 ffffffff 00cf9300 DPL=0 DS   [-WA]
FS =0010 00000000 ffffffff 00cf9300 DPL=0 DS   [-WA]
GS =0010 00000000 ffffffff 00cf9300 DPL=0 DS   [-WA]
LDT=0000 00000000 0000ffff 00008200 DPL=0 LDT
TR =0000 00000000 0000ffff 00008b00 DPL=0 TSS32-busy
GDT=     c0105000 00000017
IDT=     c010a020 000007ff
CR0=80000011 CR2=00000000 CR3=00106000 CR4=00000000
DR0=00000000 DR1=00000000 DR2=00000000 DR3=00000000 
DR6=ffff0ff0 DR7=00000400
CCS=0000000c CCD=c0109f24 CCO=SUBL
EFER=0000000000000000
Servicing hardware INT=0x20
    82: v=20 e=0000 i=0 cpl=0 IP=0008:c01022b1 pc=c01022b1 SP=0010:c0109f1c env->regs[R_EAX]=00000360
EAX=00000360 EBX=00400000 ECX=00000000 EDX=000003fd
ESI=00000000 EDI=00108000 EBP=c0109f48 ESP=c0109f1c
EIP=c01022b1 EFL=00000296 [--S-AP-] CPL=0 II=0 A20=1 SMM=0 HLT=0
ES =0010 00000000 ffffffff 00cf9300 DPL=0 DS   [-WA]
CS =0008 00000000 ffffffff 00cf9a00 DPL=0 CS32 [-R-]
SS =0010 00000000 ffffffff 00cf9300 DPL=0 DS   [-WA]
DS =0010 00000000 ffffffff 00cf9300 DPL=0 DS   [-WA]
FS =0010 00000000 ffffffff 00cf9300 DPL=0 DS   [-WA]
GS =0010 00000000 ffffffff 00cf9300 DPL=0 DS   [-WA]
LDT=0000 00000000 0000ffff 00008200 DPL=0 LDT
TR =0000 00000000 0000ffff 00008b00 DPL=0 TSS32-busy
GDT=     c0105000 00000017
IDT=     c010a020 000007ff
CR0=80000011 CR2=00000000 CR3=00106000 CR4=00000000
DR0=00000000 DR1=00000000 DR2=00000000 DR3=00000000 
DR6=ffff0ff0 DR7=00000400
CCS=00000094 CCD=c0109f24 CCO=EFLAGS
EFER=0000000000000000
Servicing hardware INT=0x21
    83: v=21 e=0000 i=0 cpl=0 IP=0008:c01022aa pc=c01022aa SP=0010:c0109f4c env->regs[R_EAX]=00000361
EAX=00000361 EBX=00400000 ECX=00000000 EDX=000003f8
ESI=00000000 EDI=00108000 EBP=c0109f78 ESP=c0109f4c
EIP=c01022aa EFL=00000292 [--S-A--] CPL=0 II=0 A20=1 SMM=0 HLT=0
ES =0010 00000000 ffffffff 00cf9300 DPL=0 DS   [-WA]
CS =0008 00000000 ffffffff 00cf9a00 DPL=0 CS32 [-R-]
SS =0010 00000000 ffffffff 00cf9300 DPL=0 DS   [-WA]
DS =0010 00000000 ffffffff 00cf9300 DPL=0 DS   [-WA]
FS =0010 00000000 ffffffff 00cf9300 DPL=0 DS   [-WA]
GS =0010 00000000 ffffffff 00cf9300 DPL=0 DS   [-WA]
LDT=0000 00000000 0000ffff 00008200 DPL=0 LDT
TR =0000 00000000 0000ffff 00008b00 DPL=0 TSS32-busy
GDT=     c0105000 00000017
IDT=     c010a020 000007ff
CR0=80000011 CR2=00000000 CR3=00106000 CR4=00000000
DR0=00000000 DR1=00000000 DR2=00000000 DR3=00000000 
DR6=ffff0ff0 DR7=00000400
CCS=00000008 CCD=c0109f58 CCO=SUBL
EFER=0000000000000000
Servicing hardware INT=0x20
    84: v=20 e=0000 i=0 cpl=0 IP=0008:c01022b1 pc=c01022b1 SP=0010:c0109f1c env->regs[R_EAX]=00000360
EAX=00000360 EBX=00400000 ECX=00000000 EDX=000003fd
ESI=00000000 EDI=00108000 EBP=c0109f48 ESP=c0109f1c
EIP=c01022b1 EFL=00000296 [--S-AP-] CPL=0 II=0 A20=1 SMM=0 HLT=0
ES =0010 00000000 ffffffff 00cf9300 DPL=0 DS   [-WA]
CS =0008 00000000 ffffffff 00cf9a00 DPL=0 CS32 [-R-]
SS =0010 00000000 ffffffff 00cf9300 DPL=0 DS   [-WA]
DS =0010 00000000 ffffffff 00cf9300 DPL=0 DS   [-WA]
FS =0010 00000000 ffffffff 00cf9300 DPL=0 DS   [-WA]
GS =0010 00000000 ffffffff 00cf9300 DPL=0 DS   [-WA]
LDT=0000 00000000 0000ffff 00008200 DPL=0 LDT
TR =0000 00000000 0000ffff 00008b00 DPL=0 TSS32-busy
GDT=     c0105000 00000017
IDT=     c010a020 000007ff
CR0=80000011 CR2=00000000 CR3=00106000 CR4=00000000
DR0=00000000 DR1=00000000 DR2=00000000 DR3=00000000 
DR6=ffff0ff0 DR7=00000400
CCS=00000094 CCD=c0109f24 CCO=EFLAGS
EFER=0000000000000000
Servicing hardware INT=0x21
    85: v=21 e=0000 i=0 cpl=0 IP=0008:c01022b1 pc=c01022b1 SP=0010:c0109f1c env->regs[R_EAX]=00000360
EAX=00000360 EBX=00400000 ECX=00000000 EDX=000003fd
ESI=00000000 EDI=00108000 EBP=c0109f48 ESP=c0109f1c
EIP=c01022b1 EFL=00000296 [--S-AP-] CPL=0 II=0 A20=1 SMM=0 HLT=0
ES =0010 00000000 ffffffff 00cf9300 DPL=0 DS   [-WA]
CS =0008 00000000 ffffffff 00cf9a00 DPL=0 CS32 [-R-]
SS =0010 00000000 ffffffff 00cf9300 DPL=0 DS   [-WA]
DS =0010 00000000 ffffffff 00cf9300 DPL=0 DS   [-WA]
FS =0010 00000000 ffffffff 00cf9300 DPL=0 DS   [-WA]
GS =0010 00000000 ffffffff 00cf9300 DPL=0 DS   [-WA]
LDT=0000 00000000 0000ffff 00008200 DPL=0 LDT
TR =0000 00000000 0000ffff 00008b00 DPL=0 TSS32-busy
GDT=     c0105000 00000017
IDT=     c010a020 000007ff
CR0=80000011 CR2=00000000 CR3=00106000 CR4=00000000
DR0=00000000 DR1=00000000 DR2=00000000 DR3=00000000 
DR6=ffff0ff0 DR7=00000400
CCS=0000000c CCD=c0109f24 CCO=SUBL
EFER=0000000000000000
Servicing hardware INT=0x21
    86: v=21 e=0000 i=0 cpl=0 IP=0008:c01022aa pc=c01022aa SP=0010:c0109f4c env->regs[R_EAX]=0000035f
EAX=0000035f EBX=00400000 ECX=00000000 EDX=000003f8
ESI=00000000 EDI=00108000 EBP=c0109f78 ESP=c0109f4c
EIP=c01022aa EFL=00000292 [--S-A--] CPL=0 II=0 A20=1 SMM=0 HLT=0
ES =0010 00000000 ffffffff 00cf9300 DPL=0 DS   [-WA]
CS =0008 00000000 ffffffff 00cf9a00 DPL=0 CS32 [-R-]
SS =0010 00000000 ffffffff 00cf9300 DPL=0 DS   [-WA]
DS =0010 00000000 ffffffff 00cf9300 DPL=0 DS   [-WA]
FS =0010 00000000 ffffffff 00cf9300 DPL=0 DS   [-WA]
GS =0010 00000000 ffffffff 00cf9300 DPL=0 DS   [-WA]
LDT=0000 00000000 0000ffff 00008200 DPL=0 LDT
TR =0000 00000000 0000ffff 00008b00 DPL=0 TSS32-busy
GDT=     c0105000 00000017
IDT=     c010a020 000007ff
CR0=80000011 CR2=00000000 CR3=00106000 CR4=00000000
DR0=00000000 DR1=00000000 DR2=00000000 DR3=00000000 
DR6=ffff0ff0 DR7=00000400
CCS=00000008 CCD=c0109f58 CCO=SUBL
EFER=0000000000000000
Servicing hardware INT=0x21
    87: v=21 e=0000 i=0 cpl=0 IP=0008:c01022aa pc=c01022aa SP=0010:c0109f4c env->regs[R_EAX]=0000035f
EAX=0000035f EBX=00400000 ECX=00000000 EDX=000003f8
ESI=00000000 EDI=00108000 EBP=c0109f78 ESP=c0109f4c
EIP=c01022aa EFL=00000292 [--S-A--] CPL=0 II=0 A20=1 SMM=0 HLT=0
ES =0010 00000000 ffffffff 00cf9300 DPL=0 DS   [-WA]
CS =0008 00000000 ffffffff 00cf9a00 DPL=0 CS32 [-R-]
SS =0010 00000000 ffffffff 00cf9300 DPL=0 DS   [-WA]
DS =0010 00000000 ffffffff 00cf9300 DPL=0 DS   [-WA]
FS =0010 00000000 ffffffff 00cf9300 DPL=0 DS   [-WA]
GS =0010 00000000 ffffffff 00cf9300 DPL=0 DS   [-WA]
LDT=0000 00000000 0000ffff 00008200 DPL=0 LDT
TR =0000 00000000 0000ffff 00008b00 DPL=0 TSS32-busy
GDT=     c0105000 00000017
IDT=     c010a020 000007ff
CR0=80000011 CR2=00000000 CR3=00106000 CR4=00000000
DR0=00000000 DR1=00000000 DR2=00000000 DR3=00000000 
DR6=ffff0ff0 DR7=00000400
CCS=00000008 CCD=c0109f58 CCO=SUBL
EFER=0000000000000000
Servicing hardware INT=0x20
    88: v=20 e=0000 i=0 cpl=0 IP=0008:c01022b1 pc=c01022b1 SP=0010:c0109f1c env->regs[R_EAX]=00000360
EAX=00000360 EBX=00400000 ECX=00000000 EDX=000003fd
ESI=00000000 EDI=00108000 EBP=c0109f48 ESP=c0109f1c
EIP=c01022b1 EFL=00000296 [--S-AP-] CPL=0 II=0 A20=1 SMM=0 HLT=0
ES =0010 00000000 ffffffff 00cf9300 DPL=0 DS   [-WA]
CS =0008 00000000 ffffffff 00cf9a00 DPL=0 CS32 [-R-]
SS =0010 00000000 ffffffff 00cf9300 DPL=0 DS   [-WA]
DS =0010 00000000 ffffffff 00cf9300 DPL=0 DS   [-WA]
FS =0010 00000000 ffffffff 00cf9300 DPL=0 DS   [-WA]
GS =0010 00000000 ffffffff 00cf9300 DPL=0 DS   [-WA]
LDT=0000 00000000 0000ffff 00008200 DPL=0 LDT
TR =0000 00000000 0000ffff 00008b00 DPL=0 TSS32-busy
GDT=     c0105000 00000017
IDT=     c010a020 000007ff
CR0=80000011 CR2=00000000 CR3=00106000 CR4=00000000
DR0=00000000 DR1=00000000 DR2=00000000 DR3=00000000 
DR6=ffff0ff0 DR7=00000400
CCS=00000094 CCD=c0109f24 CCO=EFLAGS
EFER=0000000000000000
Servicing hardware INT=0x21
    89: v=21 e=0000 i=0 cpl=0 IP=0008:c01022b1 pc=c01022b1 SP=0010:c0109f1c env->regs[R_EAX]=00000360
EAX=00000360 EBX=00400000 ECX=00000000 EDX=000003fd
ESI=00000000 EDI=00108000 EBP=c0109f48 ESP=c0109f1c
EIP=c01022b1 EFL=00000296 [--S-AP-] CPL=0 II=0 A20=1 SMM=0 HLT=0
ES =0010 00000000 ffffffff 00cf9300 DPL=0 DS   [-WA]
CS =0008 00000000 ffffffff 00cf9a00 DPL=0 CS32 [-R-]
SS =0010 00000000 ffffffff 00cf9300 DPL=0 DS   [-WA]
DS =0010 00000000 ffffffff 00cf9300 DPL=0 DS   [-WA]
FS =0010 00000000 ffffffff 00cf9300 DPL=0 DS   [-WA]
GS =0010 00000000 ffffffff 00cf9300 DPL=0 DS   [-WA]
LDT=0000 00000000 0000ffff 00008200 DPL=0 LDT
TR =0000 00000000 0000ffff 00008b00 DPL=0 TSS32-busy
GDT=     c0105000 00000017
IDT=     c010a020 000007ff
CR0=80000011 CR2=00000000 CR3=00106000 CR4=00000000
DR0=00000000 DR1=00000000 DR2=00000000 DR3=00000000 
DR6=ffff0ff0 DR7=00000400
CCS=0000000c CCD=c0109f24 CCO=SUBL
EFER=0000000000000000
Servicing hardware INT=0x20
    90: v=20 e=0000 i=0 cpl=0 IP=0008:c01022b1 pc=c01022b1 SP=0010:c0109f1c env->regs[R_EAX]=00000360
EAX=00000360 EBX=00400000 ECX=00000000 EDX=000003fd
ESI=00000000 EDI=00108000 EBP=c0109f48 ESP=c0109f1c
EIP=c01022b1 EFL=00000296 [--S-AP-] CPL=0 II=0 A20=1 SMM=0 HLT=0
ES =0010 00000000 ffffffff 00cf9300 DPL=0 DS   [-WA]
CS =0008 00000000 ffffffff 00cf9a00 DPL=0 CS32 [-R-]
SS =0010 00000000 ffffffff 00cf9300 DPL=0 DS   [-WA]
DS =0010 00000000 ffffffff 00cf9300 DPL=0 DS   [-WA]
FS =0010 00000000 ffffffff 00cf9300 DPL=0 DS   [-WA]
GS =0010 00000000 ffffffff 00cf9300 DPL=0 DS   [-WA]
LDT=0000 00000000 0000ffff 00008200 DPL=0 LDT
TR =0000 00000000 0000ffff 00008b00 DPL=0 TSS32-busy
GDT=     c0105000 00000017
IDT=     c010a020 000007ff
CR0=80000011 CR2=00000000 CR3=00106000 CR4=00000000
DR0=00000000 DR1=00000000 DR2=00000000 DR3=00000000 
DR6=ffff0ff0 DR7=00000400
CCS=00000094 CCD=c0109f24 CCO=EFLAGS
EFER=0000000000000000
Servicing hardware INT=0x21
    91: v=21 e=0000 i=0 cpl=0 IP=0008:c01022b1 pc=c01022b1 SP=0010:c0109f1c env->regs[R_EAX]=00000360
EAX=00000360 EBX=00400000 ECX=00000000 EDX=000003fd
ESI=00000000 EDI=00108000 EBP=c0109f48 ESP=c0109f1c
EIP=c01022b1 EFL=00000296 [--S-AP-] CPL=0 II=0 A20=1 SMM=0 HLT=0
ES =0010 00000000 ffffffff 00cf9300 DPL=0 DS   [-WA]
CS =0008 00000000 ffffffff 00cf9a00 DPL=0 CS32 [-R-]
SS =0010 00000000 ffffffff 00cf9300 DPL=0 DS   [-WA]
DS =0010 00000000 ffffffff 00cf9300 DPL=0 DS   [-WA]
FS =0010 00000000 ffffffff 00cf9300 DPL=0 DS   [-WA]
GS =0010 00000000 ffffffff 00cf9300 DPL=0 DS   [-WA]
LDT=0000 00000000 0000ffff 00008200 DPL=0 LDT
TR =0000 00000000 0000ffff 00008b00 DPL=0 TSS32-busy
GDT=     c0105000 00000017
IDT=     c010a020 000007ff
CR0=80000011 CR2=00000000 CR3=00106000 CR4=00000000
DR0=00000000 DR1=00000000 DR2=00000000 DR3=00000000 
DR6=ffff0ff0 DR7=00000400
CCS=0000000c CCD=c0109f24 CCO=SUBL
EFER=0000000000000000
Servicing hardware INT=0x21
    92: v=21 e=0000 i=0 cpl=0 IP=0008:c01022b1 pc=c01022b1 SP=0010:c0109f1c env->regs[R_EAX]=00000360
EAX=00000360 EBX=00400000 ECX=00000000 EDX=000003fd
ESI=00000000 EDI=00108000 EBP=c0109f48 ESP=c0109f1c
EIP=c01022b1 EFL=00000296 [--S-AP-] CPL=0 II=0 A20=1 SMM=0 HLT=0
ES =0010 00000000 ffffffff 00cf9300 DPL=0 DS   [-WA]
CS =0008 00000000 ffffffff 00cf9a00 DPL=0 CS32 [-R-]
SS =0010 00000000 ffffffff 00cf9300 DPL=0 DS   [-WA]
DS =0010 00000000 ffffffff 00cf9300 DPL=0 DS   [-WA]
FS =0010 00000000 ffffffff 00cf9300 DPL=0 DS   [-WA]
GS =0010 00000000 ffffffff 00cf9300 DPL=0 DS   [-WA]
LDT=0000 00000000 0000ffff 00008200 DPL=0 LDT
TR =0000 00000000 0000ffff 00008b00 DPL=0 TSS32-busy
GDT=     c0105000 00000017
IDT=     c010a020 000007ff
CR0=80000011 CR2=00000000 CR3=00106000 CR4=00000000
DR0=00000000 DR1=00000000 DR2=00000000 DR3=00000000 
DR6=ffff0ff0 DR7=00000400
CCS=0000000c CCD=c0109f24 CCO=SUBL
EFER=0000000000000000
Servicing hardware INT=0x20
    93: v=20 e=0000 i=0 cpl=0 IP=0008:c01022b1 pc=c01022b1 SP=0010:c0109f1c env->regs[R_EAX]=00000360
EAX=00000360 EBX=00400000 ECX=00000000 EDX=000003fd
ESI=00000000 EDI=00108000 EBP=c0109f48 ESP=c0109f1c
EIP=c01022b1 EFL=00000296 [--S-AP-] CPL=0 II=0 A20=1 SMM=0 HLT=0
ES =0010 00000000 ffffffff 00cf9300 DPL=0 DS   [-WA]
CS =0008 00000000 ffffffff 00cf9a00 DPL=0 CS32 [-R-]
SS =0010 00000000 ffffffff 00cf9300 DPL=0 DS   [-WA]
DS =0010 00000000 ffffffff 00cf9300 DPL=0 DS   [-WA]
FS =0010 00000000 ffffffff 00cf9300 DPL=0 DS   [-WA]
GS =0010 00000000 ffffffff 00cf9300 DPL=0 DS   [-WA]
LDT=0000 00000000 0000ffff 00008200 DPL=0 LDT
TR =0000 00000000 0000ffff 00008b00 DPL=0 TSS32-busy
GDT=     c0105000 00000017
IDT=     c010a020 000007ff
CR0=80000011 CR2=00000000 CR3=00106000 CR4=00000000
DR0=00000000 DR1=00000000 DR2=00000000 DR3=00000000 
DR6=ffff0ff0 DR7=00000400
CCS=00000094 CCD=c0109f24 CCO=EFLAGS
EFER=0000000000000000
Servicing hardware INT=0x21
    94: v=21 e=0000 i=0 cpl=0 IP=0008:c01022aa pc=c01022aa SP=0010:c0109f4c env->regs[R_EAX]=00000361
EAX=00000361 EBX=00400000 ECX=00000000 EDX=000003f8
ESI=00000000 EDI=00108000 EBP=c0109f78 ESP=c0109f4c
EIP=c01022aa EFL=00000292 [--S-A--] CPL=0 II=0 A20=1 SMM=0 HLT=0
ES =0010 00000000 ffffffff 00cf9300 DPL=0 DS   [-WA]
CS =0008 00000000 ffffffff 00cf9a00 DPL=0 CS32 [-R-]
SS =0010 00000000 ffffffff 00cf9300 DPL=0 DS   [-WA]
DS =0010 00000000 ffffffff 00cf9300 DPL=0 DS   [-WA]
FS =0010 00000000 ffffffff 00cf9300 DPL=0 DS   [-WA]
GS =0010 00000000 ffffffff 00cf9300 DPL=0 DS   [-WA]
LDT=0000 00000000 0000ffff 00008200 DPL=0 LDT
TR =0000 00000000 0000ffff 00008b00 DPL=0 TSS32-busy
GDT=     c0105000 00000017
IDT=     c010a020 000007ff
CR0=80000011 CR2=00000000 CR3=00106000 CR4=00000000
DR0=00000000 DR1=00000000 DR2=00000000 DR3=00000000 
DR6=ffff0ff0 DR7=00000400
CCS=00000008 CCD=c0109f58 CCO=SUBL
EFER=0000000000000000
Servicing hardware INT=0x21
    95: v=21 e=0000 i=0 cpl=0 IP=0008:c01022b1 pc=c01022b1 SP=0010:c0109f1c env->regs[R_EAX]=00000360
EAX=00000360 EBX=00400000 ECX=00000000 EDX=000003fd
ESI=00000000 EDI=00108000 EBP=c0109f48 ESP=c0109f1c
EIP=c01022b1 EFL=00000296 [--S-AP-] CPL=0 II=0 A20=1 SMM=0 HLT=0
ES =0010 00000000 ffffffff 00cf9300 DPL=0 DS   [-WA]
CS =0008 00000000 ffffffff 00cf9a00 DPL=0 CS32 [-R-]
SS =0010 00000000 ffffffff 00cf9300 DPL=0 DS   [-WA]
DS =0010 00000000 ffffffff 00cf9300 DPL=0 DS   [-WA]
FS =0010 00000000 ffffffff 00cf9300 DPL=0 DS   [-WA]
GS =0010 00000000 ffffffff 00cf9300 DPL=0 DS   [-WA]
LDT=0000 00000000 0000ffff 00008200 DPL=0 LDT
TR =0000 00000000 0000ffff 00008b00 DPL=0 TSS32-busy
GDT=     c0105000 00000017
IDT=     c010a020 000007ff
CR0=80000011 CR2=00000000 CR3=00106000 CR4=00000000
DR0=00000000 DR1=00000000 DR2=00000000 DR3=00000000 
DR6=ffff0ff0 DR7=00000400
CCS=0000000c CCD=c0109f24 CCO=SUBL
EFER=0000000000000000
Servicing hardware INT=0x20
    96: v=20 e=0000 i=0 cpl=0 IP=0008:c01022b1 pc=c01022b1 SP=0010:c0109f1c env->regs[R_EAX]=00000360
EAX=00000360 EBX=00400000 ECX=00000000 EDX=000003fd
ESI=00000000 EDI=00108000 EBP=c0109f48 ESP=c0109f1c
EIP=c01022b1 EFL=00000296 [--S-AP-] CPL=0 II=0 A20=1 SMM=0 HLT=0
ES =0010 00000000 ffffffff 00cf9300 DPL=0 DS   [-WA]
CS =0008 00000000 ffffffff 00cf9a00 DPL=0 CS32 [-R-]
SS =0010 00000000 ffffffff 00cf9300 DPL=0 DS   [-WA]
DS =0010 00000000 ffffffff 00cf9300 DPL=0 DS   [-WA]
FS =0010 00000000 ffffffff 00cf9300 DPL=0 DS   [-WA]
GS =0010 00000000 ffffffff 00cf9300 DPL=0 DS   [-WA]
LDT=0000 00000000 0000ffff 00008200 DPL=0 LDT
TR =0000 00000000 0000ffff 00008b00 DPL=0 TSS32-busy
GDT=     c0105000 00000017
IDT=     c010a020 000007ff
CR0=80000011 CR2=00000000 CR3=00106000 CR4=00000000
DR0=00000000 DR1=00000000 DR2=00000000 DR3=00000000 
DR6=ffff0ff0 DR7=00000400
CCS=00000094 CCD=c0109f24 CCO=EFLAGS
EFER=0000000000000000
Servicing hardware INT=0x21
    97: v=21 e=0000 i=0 cpl=0 IP=0008:c01022b1 pc=c01022b1 SP=0010:c0109f1c env->regs[R_EAX]=00000360
EAX=00000360 EBX=00400000 ECX=00000000 EDX=000003fd
ESI=00000000 EDI=00108000 EBP=c0109f48 ESP=c0109f1c
EIP=c01022b1 EFL=00000296 [--S-AP-] CPL=0 II=0 A20=1 SMM=0 HLT=0
ES =0010 00000000 ffffffff 00cf9300 DPL=0 DS   [-WA]
CS =0008 00000000 ffffffff 00cf9a00 DPL=0 CS32 [-R-]
SS =0010 00000000 ffffffff 00cf9300 DPL=0 DS   [-WA]
DS =0010 00000000 ffffffff 00cf9300 DPL=0 DS   [-WA]
FS =0010 00000000 ffffffff 00cf9300 DPL=0 DS   [-WA]
GS =0010 00000000 ffffffff 00cf9300 DPL=0 DS   [-WA]
LDT=0000 00000000 0000ffff 00008200 DPL=0 LDT
TR =0000 00000000 0000ffff 00008b00 DPL=0 TSS32-busy
GDT=     c0105000 00000017
IDT=     c010a020 000007ff
CR0=80000011 CR2=00000000 CR3=00106000 CR4=00000000
DR0=00000000 DR1=00000000 DR2=00000000 DR3=00000000 
DR6=ffff0ff0 DR7=00000400
CCS=0000000c CCD=c0109f24 CCO=SUBL
EFER=0000000000000000
Servicing hardware INT=0x20
    98: v=20 e=0000 i=0 cpl=0 IP=0008:c01022aa pc=c01022aa SP=0010:c0109f4c env->regs[R_EAX]=0000030a
EAX=0000030a EBX=00400000 ECX=00000000 EDX=000003f8
ESI=00000000 EDI=00108000 EBP=c0109f78 ESP=c0109f4c
EIP=c01022aa EFL=00000292 [--S-A--] CPL=0 II=0 A20=1 SMM=0 HLT=0
ES =0010 00000000 ffffffff 00cf9300 DPL=0 DS   [-WA]
CS =0008 00000000 ffffffff 00cf9a00 DPL=0 CS32 [-R-]
SS =0010 00000000 ffffffff 00cf9300 DPL=0 DS   [-WA]
DS =0010 00000000 ffffffff 00cf9300 DPL=0 DS   [-WA]
FS =0010 00000000 ffffffff 00cf9300 DPL=0 DS   [-WA]
GS =0010 00000000 ffffffff 00cf9300 DPL=0 DS   [-WA]
LDT=0000 00000000 0000ffff 00008200 DPL=0 LDT
TR =0000 00000000 0000ffff 00008b00 DPL=0 TSS32-busy
GDT=     c0105000 00000017
IDT=     c010a020 000007ff
CR0=80000011 CR2=00000000 CR3=00106000 CR4=00000000
DR0=00000000 DR1=00000000 DR2=00000000 DR3=00000000 
DR6=ffff0ff0 DR7=00000400
CCS=00000090 CCD=c0109f58 CCO=EFLAGS
EFER=0000000000000000
Servicing hardware INT=0x21
    99: v=21 e=0000 i=0 cpl=0 IP=0008:c01022b1 pc=c01022b1 SP=0010:c0109f1c env->regs[R_EAX]=00000360
EAX=00000360 EBX=00400000 ECX=00000000 EDX=000003fd
ESI=00000000 EDI=00108000 EBP=c0109f48 ESP=c0109f1c
EIP=c01022b1 EFL=00000296 [--S-AP-] CPL=0 II=0 A20=1 SMM=0 HLT=0
ES =0010 00000000 ffffffff 00cf9300 DPL=0 DS   [-WA]
CS =0008 00000000 ffffffff 00cf9a00 DPL=0 CS32 [-R-]
SS =0010 00000000 ffffffff 00cf9300 DPL=0 DS   [-WA]
DS =0010 00000000 ffffffff 00cf9300 DPL=0 DS   [-WA]
FS =0010 00000000 ffffffff 00cf9300 DPL=0 DS   [-WA]
GS =0010 00000000 ffffffff 00cf9300 DPL=0 DS   [-WA]
LDT=0000 00000000 0000ffff 00008200 DPL=0 LDT
TR =0000 00000000 0000ffff 00008b00 DPL=0 TSS32-busy
GDT=     c0105000 00000017
IDT=     c010a020 000007ff
CR0=80000011 CR2=00000000 CR3=00106000 CR4=00000000
DR0=00000000 DR1=00000000 DR2=00000000 DR3=00000000 
DR6=ffff0ff0 DR7=00000400
CCS=0000000c CCD=c0109f24 CCO=SUBL
EFER=0000000000000000
Servicing hardware INT=0x21
   100: v=21 e=0000 i=0 cpl=0 IP=0008:c01022b1 pc=c01022b1 SP=0010:c0109f1c env->regs[R_EAX]=00000360
EAX=00000360 EBX=00400000 ECX=00000000 EDX=000003fd
ESI=00000000 EDI=00108000 EBP=c0109f48 ESP=c0109f1c
EIP=c01022b1 EFL=00000296 [--S-AP-] CPL=0 II=0 A20=1 SMM=0 HLT=0
ES =0010 00000000 ffffffff 00cf9300 DPL=0 DS   [-WA]
CS =0008 00000000 ffffffff 00cf9a00 DPL=0 CS32 [-R-]
SS =0010 00000000 ffffffff 00cf9300 DPL=0 DS   [-WA]
DS =0010 00000000 ffffffff 00cf9300 DPL=0 DS   [-WA]
FS =0010 00000000 ffffffff 00cf9300 DPL=0 DS   [-WA]
GS =0010 00000000 ffffffff 00cf9300 DPL=0 DS   [-WA]
LDT=0000 00000000 0000ffff 00008200 DPL=0 LDT
TR =0000 00000000 0000ffff 00008b00 DPL=0 TSS32-busy
GDT=     c0105000 00000017
IDT=     c010a020 000007ff
CR0=80000011 CR2=00000000 CR3=00106000 CR4=00000000
DR0=00000000 DR1=00000000 DR2=00000000 DR3=00000000 
DR6=ffff0ff0 DR7=00000400
CCS=0000000c CCD=c0109f24 CCO=SUBL
EFER=0000000000000000
Servicing hardware INT=0x20
   101: v=20 e=0000 i=0 cpl=0 IP=0008:c01022b1 pc=c01022b1 SP=0010:c0109f1c env->regs[R_EAX]=00000360
EAX=00000360 EBX=00400000 ECX=00000000 EDX=000003fd
ESI=00000000 EDI=00108000 EBP=c0109f48 ESP=c0109f1c
EIP=c01022b1 EFL=00000296 [--S-AP-] CPL=0 II=0 A20=1 SMM=0 HLT=0
ES =0010 00000000 ffffffff 00cf9300 DPL=0 DS   [-WA]
CS =0008 00000000 ffffffff 00cf9a00 DPL=0 CS32 [-R-]
SS =0010 00000000 ffffffff 00cf9300 DPL=0 DS   [-WA]
DS =0010 00000000 ffffffff 00cf9300 DPL=0 DS   [-WA]
FS =0010 00000000 ffffffff 00cf9300 DPL=0 DS   [-WA]
GS =0010 00000000 ffffffff 00cf9300 DPL=0 DS   [-WA]
LDT=0000 00000000 0000ffff 00008200 DPL=0 LDT
TR =0000 00000000 0000ffff 00008b00 DPL=0 TSS32-busy
GDT=     c0105000 00000017
IDT=     c010a020 000007ff
CR0=80000011 CR2=00000000 CR3=00106000 CR4=00000000
DR0=00000000 DR1=00000000 DR2=00000000 DR3=00000000 
DR6=ffff0ff0 DR7=00000400
CCS=00000094 CCD=c0109f24 CCO=EFLAGS
EFER=0000000000000000
Servicing hardware INT=0x21
   102: v=21 e=0000 i=0 cpl=0 IP=0008:c01022b1 pc=c01022b1 SP=0010:c0109f1c env->regs[R_EAX]=00000360
EAX=00000360 EBX=00400000 ECX=00000000 EDX=000003fd
ESI=00000000 EDI=00108000 EBP=c0109f48 ESP=c0109f1c
EIP=c01022b1 EFL=00000296 [--S-AP-] CPL=0 II=0 A20=1 SMM=0 HLT=0
ES =0010 00000000 ffffffff 00cf9300 DPL=0 DS   [-WA]
CS =0008 00000000 ffffffff 00cf9a00 DPL=0 CS32 [-R-]
SS =0010 00000000 ffffffff 00cf9300 DPL=0 DS   [-WA]
DS =0010 00000000 ffffffff 00cf9300 DPL=0 DS   [-WA]
FS =0010 00000000 ffffffff 00cf9300 DPL=0 DS   [-WA]
GS =0010 00000000 ffffffff 00cf9300 DPL=0 DS   [-WA]
LDT=0000 00000000 0000ffff 00008200 DPL=0 LDT
TR =0000 00000000 0000ffff 00008b00 DPL=0 TSS32-busy
GDT=     c0105000 00000017
IDT=     c010a020 000007ff
CR0=80000011 CR2=00000000 CR3=00106000 CR4=00000000
DR0=00000000 DR1=00000000 DR2=00000000 DR3=00000000 
DR6=ffff0ff0 DR7=00000400
CCS=0000000c CCD=c0109f24 CCO=SUBL
EFER=0000000000000000
Servicing hardware INT=0x20
   103: v=20 e=0000 i=0 cpl=0 IP=0008:c01022b1 pc=c01022b1 SP=0010:c0109f1c env->regs[R_EAX]=00000360
EAX=00000360 EBX=00400000 ECX=00000000 EDX=000003fd
ESI=00000000 EDI=00108000 EBP=c0109f48 ESP=c0109f1c
EIP=c01022b1 EFL=00000296 [--S-AP-] CPL=0 II=0 A20=1 SMM=0 HLT=0
ES =0010 00000000 ffffffff 00cf9300 DPL=0 DS   [-WA]
CS =0008 00000000 ffffffff 00cf9a00 DPL=0 CS32 [-R-]
SS =0010 00000000 ffffffff 00cf9300 DPL=0 DS   [-WA]
DS =0010 00000000 ffffffff 00cf9300 DPL=0 DS   [-WA]
FS =0010 00000000 ffffffff 00cf9300 DPL=0 DS   [-WA]
GS =0010 00000000 ffffffff 00cf9300 DPL=0 DS   [-WA]
LDT=0000 00000000 0000ffff 00008200 DPL=0 LDT
TR =0000 00000000 0000ffff 00008b00 DPL=0 TSS32-busy
GDT=     c0105000 00000017
IDT=     c010a020 000007ff
CR0=80000011 CR2=00000000 CR3=00106000 CR4=00000000
DR0=00000000 DR1=00000000 DR2=00000000 DR3=00000000 
DR6=ffff0ff0 DR7=00000400
CCS=00000094 CCD=c0109f24 CCO=EFLAGS
EFER=0000000000000000
Servicing hardware INT=0x21
   104: v=21 e=0000 i=0 cpl=0 IP=0008:c01022b1 pc=c01022b1 SP=0010:c0109f1c env->regs[R_EAX]=00000360
EAX=00000360 EBX=00400000 ECX=00000000 EDX=000003fd
ESI=00000000 EDI=00108000 EBP=c0109f48 ESP=c0109f1c
EIP=c01022b1 EFL=00000296 [--S-AP-] CPL=0 II=0 A20=1 SMM=0 HLT=0
ES =0010 00000000 ffffffff 00cf9300 DPL=0 DS   [-WA]
CS =0008 00000000 ffffffff 00cf9a00 DPL=0 CS32 [-R-]
SS =0010 00000000 ffffffff 00cf9300 DPL=0 DS   [-WA]
DS =0010 00000000 ffffffff 00cf9300 DPL=0 DS   [-WA]
FS =0010 00000000 ffffffff 00cf9300 DPL=0 DS   [-WA]
GS =0010 00000000 ffffffff 00cf9300 DPL=0 DS   [-WA]
LDT=0000 00000000 0000ffff 00008200 DPL=0 LDT
TR =0000 00000000 0000ffff 00008b00 DPL=0 TSS32-busy
GDT=     c0105000 00000017
IDT=     c010a020 000007ff
CR0=80000011 CR2=00000000 CR3=00106000 CR4=00000000
DR0=00000000 DR1=00000000 DR2=00000000 DR3=00000000 
DR6=ffff0ff0 DR7=00000400
CCS=0000000c CCD=c0109f24 CCO=SUBL
EFER=0000000000000000
Servicing hardware INT=0x21
   105: v=21 e=0000 i=0 cpl=0 IP=0008:c01022aa pc=c01022aa SP=0010:c0109f4c env->regs[R_EAX]=00000367
EAX=00000367 EBX=00400000 ECX=00000000 EDX=000003f8
ESI=00000000 EDI=00108000 EBP=c0109f78 ESP=c0109f4c
EIP=c01022aa EFL=00000292 [--S-A--] CPL=0 II=0 A20=1 SMM=0 HLT=0
ES =0010 00000000 ffffffff 00cf9300 DPL=0 DS   [-WA]
CS =0008 00000000 ffffffff 00cf9a00 DPL=0 CS32 [-R-]
SS =0010 00000000 ffffffff 00cf9300 DPL=0 DS   [-WA]
DS =0010 00000000 ffffffff 00cf9300 DPL=0 DS   [-WA]
FS =0010 00000000 ffffffff 00cf9300 DPL=0 DS   [-WA]
GS =0010 00000000 ffffffff 00cf9300 DPL=0 DS   [-WA]
LDT=0000 00000000 0000ffff 00008200 DPL=0 LDT
TR =0000 00000000 0000ffff 00008b00 DPL=0 TSS32-busy
GDT=     c0105000 00000017
IDT=     c010a020 000007ff
CR0=80000011 CR2=00000000 CR3=00106000 CR4=00000000
DR0=00000000 DR1=00000000 DR2=00000000 DR3=00000000 
DR6=ffff0ff0 DR7=00000400
CCS=00000008 CCD=c0109f58 CCO=SUBL
EFER=0000000000000000
Servicing hardware INT=0x20
   106: v=20 e=0000 i=0 cpl=0 IP=0008:c01022b1 pc=c01022b1 SP=0010:c0109f1c env->regs[R_EAX]=00000360
EAX=00000360 EBX=00400000 ECX=00000000 EDX=000003fd
ESI=00000000 EDI=00108000 EBP=c0109f48 ESP=c0109f1c
EIP=c01022b1 EFL=00000296 [--S-AP-] CPL=0 II=0 A20=1 SMM=0 HLT=0
ES =0010 00000000 ffffffff 00cf9300 DPL=0 DS   [-WA]
CS =0008 00000000 ffffffff 00cf9a00 DPL=0 CS32 [-R-]
SS =0010 00000000 ffffffff 00cf9300 DPL=0 DS   [-WA]
DS =0010 00000000 ffffffff 00cf9300 DPL=0 DS   [-WA]
FS =0010 00000000 ffffffff 00cf9300 DPL=0 DS   [-WA]
GS =0010 00000000 ffffffff 00cf9300 DPL=0 DS   [-WA]
LDT=0000 00000000 0000ffff 00008200 DPL=0 LDT
TR =0000 00000000 0000ffff 00008b00 DPL=0 TSS32-busy
GDT=     c0105000 00000017
IDT=     c010a020 000007ff
CR0=80000011 CR2=00000000 CR3=00106000 CR4=00000000
DR0=00000000 DR1=00000000 DR2=00000000 DR3=00000000 
DR6=ffff0ff0 DR7=00000400
CCS=00000094 CCD=c0109f24 CCO=EFLAGS
EFER=0000000000000000
Servicing hardware INT=0x21
   107: v=21 e=0000 i=0 cpl=0 IP=0008:c01022aa pc=c01022aa SP=0010:c0109f4c env->regs[R_EAX]=00000368
EAX=00000368 EBX=00400000 ECX=00000000 EDX=000003f8
ESI=00000000 EDI=00108000 EBP=c0109f78 ESP=c0109f4c
EIP=c01022aa EFL=00000292 [--S-A--] CPL=0 II=0 A20=1 SMM=0 HLT=0
ES =0010 00000000 ffffffff 00cf9300 DPL=0 DS   [-WA]
CS =0008 00000000 ffffffff 00cf9a00 DPL=0 CS32 [-R-]
SS =0010 00000000 ffffffff 00cf9300 DPL=0 DS   [-WA]
DS =0010 00000000 ffffffff 00cf9300 DPL=0 DS   [-WA]
FS =0010 00000000 ffffffff 00cf9300 DPL=0 DS   [-WA]
GS =0010 00000000 ffffffff 00cf9300 DPL=0 DS   [-WA]
LDT=0000 00000000 0000ffff 00008200 DPL=0 LDT
TR =0000 00000000 0000ffff 00008b00 DPL=0 TSS32-busy
GDT=     c0105000 00000017
IDT=     c010a020 000007ff
CR0=80000011 CR2=00000000 CR3=00106000 CR4=00000000
DR0=00000000 DR1=00000000 DR2=00000000 DR3=00000000 
DR6=ffff0ff0 DR7=00000400
CCS=00000008 CCD=c0109f58 CCO=SUBL
EFER=0000000000000000
Servicing hardware INT=0x20
   108: v=20 e=0000 i=0 cpl=0 IP=0008:c01022b1 pc=c01022b1 SP=0010:c0109f1c env->regs[R_EAX]=00000360
EAX=00000360 EBX=00400000 ECX=00000000 EDX=000003fd
ESI=00000000 EDI=00108000 EBP=c0109f48 ESP=c0109f1c
EIP=c01022b1 EFL=00000296 [--S-AP-] CPL=0 II=0 A20=1 SMM=0 HLT=0
ES =0010 00000000 ffffffff 00cf9300 DPL=0 DS   [-WA]
CS =0008 00000000 ffffffff 00cf9a00 DPL=0 CS32 [-R-]
SS =0010 00000000 ffffffff 00cf9300 DPL=0 DS   [-WA]
DS =0010 00000000 ffffffff 00cf9300 DPL=0 DS   [-WA]
FS =0010 00000000 ffffffff 00cf9300 DPL=0 DS   [-WA]
GS =0010 00000000 ffffffff 00cf9300 DPL=0 DS   [-WA]
LDT=0000 00000000 0000ffff 00008200 DPL=0 LDT
TR =0000 00000000 0000ffff 00008b00 DPL=0 TSS32-busy
GDT=     c0105000 00000017
IDT=     c010a020 000007ff
CR0=80000011 CR2=00000000 CR3=00106000 CR4=00000000
DR0=00000000 DR1=00000000 DR2=00000000 DR3=00000000 
DR6=ffff0ff0 DR7=00000400
CCS=00000094 CCD=c0109f24 CCO=EFLAGS
EFER=0000000000000000
Servicing hardware INT=0x21
   109: v=21 e=0000 i=0 cpl=0 IP=0008:c01022b1 pc=c01022b1 SP=0010:c0109f1c env->regs[R_EAX]=00000360
EAX=00000360 EBX=00400000 ECX=00000000 EDX=000003fd
ESI=00000000 EDI=00108000 EBP=c0109f48 ESP=c0109f1c
EIP=c01022b1 EFL=00000296 [--S-AP-] CPL=0 II=0 A20=1 SMM=0 HLT=0
ES =0010 00000000 ffffffff 00cf9300 DPL=0 DS   [-WA]
CS =0008 00000000 ffffffff 00cf9a00 DPL=0 CS32 [-R-]
SS =0010 00000000 ffffffff 00cf9300 DPL=0 DS   [-WA]
DS =0010 00000000 ffffffff 00cf9300 DPL=0 DS   [-WA]
FS =0010 00000000 ffffffff 00cf9300 DPL=0 DS   [-WA]
GS =0010 00000000 ffffffff 00cf9300 DPL=0 DS   [-WA]
LDT=0000 00000000 0000ffff 00008200 DPL=0 LDT
TR =0000 00000000 0000ffff 00008b00 DPL=0 TSS32-busy
GDT=     c0105000 00000017
IDT=     c010a020 000007ff
CR0=80000011 CR2=00000000 CR3=00106000 CR4=00000000
DR0=00000000 DR1=00000000 DR2=00000000 DR3=00000000 
DR6=ffff0ff0 DR7=00000400
CCS=0000000c CCD=c0109f24 CCO=SUBL
EFER=0000000000000000
Servicing hardware INT=0x21
   110: v=21 e=0000 i=0 cpl=0 IP=0008:c01022aa pc=c01022aa SP=0010:c0109f4c env->regs[R_EAX]=00000365
EAX=00000365 EBX=00400000 ECX=00000000 EDX=000003f8
ESI=00000000 EDI=00108000 EBP=c0109f78 ESP=c0109f4c
EIP=c01022aa EFL=00000292 [--S-A--] CPL=0 II=0 A20=1 SMM=0 HLT=0
ES =0010 00000000 ffffffff 00cf9300 DPL=0 DS   [-WA]
CS =0008 00000000 ffffffff 00cf9a00 DPL=0 CS32 [-R-]
SS =0010 00000000 ffffffff 00cf9300 DPL=0 DS   [-WA]
DS =0010 00000000 ffffffff 00cf9300 DPL=0 DS   [-WA]
FS =0010 00000000 ffffffff 00cf9300 DPL=0 DS   [-WA]
GS =0010 00000000 ffffffff 00cf9300 DPL=0 DS   [-WA]
LDT=0000 00000000 0000ffff 00008200 DPL=0 LDT
TR =0000 00000000 0000ffff 00008b00 DPL=0 TSS32-busy
GDT=     c0105000 00000017
IDT=     c010a020 000007ff
CR0=80000011 CR2=00000000 CR3=00106000 CR4=00000000
DR0=00000000 DR1=00000000 DR2=00000000 DR3=00000000 
DR6=ffff0ff0 DR7=00000400
CCS=00000008 CCD=c0109f58 CCO=SUBL
EFER=0000000000000000
Servicing hardware INT=0x21
   111: v=21 e=0000 i=0 cpl=0 IP=0008:c01022b1 pc=c01022b1 SP=0010:c0109f1c env->regs[R_EAX]=00000360
EAX=00000360 EBX=00400000 ECX=00000000 EDX=000003fd
ESI=00000000 EDI=00108000 EBP=c0109f48 ESP=c0109f1c
EIP=c01022b1 EFL=00000296 [--S-AP-] CPL=0 II=0 A20=1 SMM=0 HLT=0
ES =0010 00000000 ffffffff 00cf9300 DPL=0 DS   [-WA]
CS =0008 00000000 ffffffff 00cf9a00 DPL=0 CS32 [-R-]
SS =0010 00000000 ffffffff 00cf9300 DPL=0 DS   [-WA]
DS =0010 00000000 ffffffff 00cf9300 DPL=0 DS   [-WA]
FS =0010 00000000 ffffffff 00cf9300 DPL=0 DS   [-WA]
GS =0010 00000000 ffffffff 00cf9300 DPL=0 DS   [-WA]
LDT=0000 00000000 0000ffff 00008200 DPL=0 LDT
TR =0000 00000000 0000ffff 00008b00 DPL=0 TSS32-busy
GDT=     c0105000 00000017
IDT=     c010a020 000007ff
CR0=80000011 CR2=00000000 CR3=00106000 CR4=00000000
DR0=00000000 DR1=00000000 DR2=00000000 DR3=00000000 
DR6=ffff0ff0 DR7=00000400
CCS=0000000c CCD=c0109f24 CCO=SUBL
EFER=0000000000000000
Servicing hardware INT=0x20
   112: v=20 e=0000 i=0 cpl=0 IP=0008:c01022b1 pc=c01022b1 SP=0010:c0109f1c env->regs[R_EAX]=00000360
EAX=00000360 EBX=00400000 ECX=00000000 EDX=000003fd
ESI=00000000 EDI=00108000 EBP=c0109f48 ESP=c0109f1c
EIP=c01022b1 EFL=00000296 [--S-AP-] CPL=0 II=0 A20=1 SMM=0 HLT=0
ES =0010 00000000 ffffffff 00cf9300 DPL=0 DS   [-WA]
CS =0008 00000000 ffffffff 00cf9a00 DPL=0 CS32 [-R-]
SS =0010 00000000 ffffffff 00cf9300 DPL=0 DS   [-WA]
DS =0010 00000000 ffffffff 00cf9300 DPL=0 DS   [-WA]
FS =0010 00000000 ffffffff 00cf9300 DPL=0 DS   [-WA]
GS =0010 00000000 ffffffff 00cf9300 DPL=0 DS   [-WA]
LDT=0000 00000000 0000ffff 00008200 DPL=0 LDT
TR =0000 00000000 0000ffff 00008b00 DPL=0 TSS32-busy
GDT=     c0105000 00000017
IDT=     c010a020 000007ff
CR0=80000011 CR2=00000000 CR3=00106000 CR4=00000000
DR0=00000000 DR1=00000000 DR2=00000000 DR3=00000000 
DR6=ffff0ff0 DR7=00000400
CCS=00000094 CCD=c0109f24 CCO=EFLAGS
EFER=0000000000000000
Servicing hardware INT=0x21
   113: v=21 e=0000 i=0 cpl=0 IP=0008:c01022b1 pc=c01022b1 SP=0010:c0109f1c env->regs[R_EAX]=00000360
EAX=00000360 EBX=00400000 ECX=00000000 EDX=000003fd
ESI=00000000 EDI=00108000 EBP=c0109f48 ESP=c0109f1c
EIP=c01022b1 EFL=00000296 [--S-AP-] CPL=0 II=0 A20=1 SMM=0 HLT=0
ES =0010 00000000 ffffffff 00cf9300 DPL=0 DS   [-WA]
CS =0008 00000000 ffffffff 00cf9a00 DPL=0 CS32 [-R-]
SS =0010 00000000 ffffffff 00cf9300 DPL=0 DS   [-WA]
DS =0010 00000000 ffffffff 00cf9300 DPL=0 DS   [-WA]
FS =0010 00000000 ffffffff 00cf9300 DPL=0 DS   [-WA]
GS =0010 00000000 ffffffff 00cf9300 DPL=0 DS   [-WA]
LDT=0000 00000000 0000ffff 00008200 DPL=0 LDT
TR =0000 00000000 0000ffff 00008b00 DPL=0 TSS32-busy
GDT=     c0105000 00000017
IDT=     c010a020 000007ff
CR0=80000011 CR2=00000000 CR3=00106000 CR4=00000000
DR0=00000000 DR1=00000000 DR2=00000000 DR3=00000000 
DR6=ffff0ff0 DR7=00000400
CCS=0000000c CCD=c0109f24 CCO=SUBL
EFER=0000000000000000
Servicing hardware INT=0x20
   114: v=20 e=0000 i=0 cpl=0 IP=0008:c01022b1 pc=c01022b1 SP=0010:c0109f1c env->regs[R_EAX]=00000360
EAX=00000360 EBX=00400000 ECX=00000000 EDX=000003fd
ESI=00000000 EDI=00108000 EBP=c0109f48 ESP=c0109f1c
EIP=c01022b1 EFL=00000296 [--S-AP-] CPL=0 II=0 A20=1 SMM=0 HLT=0
ES =0010 00000000 ffffffff 00cf9300 DPL=0 DS   [-WA]
CS =0008 00000000 ffffffff 00cf9a00 DPL=0 CS32 [-R-]
SS =0010 00000000 ffffffff 00cf9300 DPL=0 DS   [-WA]
DS =0010 00000000 ffffffff 00cf9300 DPL=0 DS   [-WA]
FS =0010 00000000 ffffffff 00cf9300 DPL=0 DS   [-WA]
GS =0010 00000000 ffffffff 00cf9300 DPL=0 DS   [-WA]
LDT=0000 00000000 0000ffff 00008200 DPL=0 LDT
TR =0000 00000000 0000ffff 00008b00 DPL=0 TSS32-busy
GDT=     c0105000 00000017
IDT=     c010a020 000007ff
CR0=80000011 CR2=00000000 CR3=00106000 CR4=00000000
DR0=00000000 DR1=00000000 DR2=00000000 DR3=00000000 
DR6=ffff0ff0 DR7=00000400
CCS=00000094 CCD=c0109f24 CCO=EFLAGS
EFER=0000000000000000
Servicing hardware INT=0x20
   115: v=20 e=0000 i=0 cpl=0 IP=0008:c01022b1 pc=c01022b1 SP=0010:c0109f1c env->regs[R_EAX]=00000360
EAX=00000360 EBX=00400000 ECX=00000000 EDX=000003fd
ESI=00000000 EDI=00108000 EBP=c0109f48 ESP=c0109f1c
EIP=c01022b1 EFL=00000296 [--S-AP-] CPL=0 II=0 A20=1 SMM=0 HLT=0
ES =0010 00000000 ffffffff 00cf9300 DPL=0 DS   [-WA]
CS =0008 00000000 ffffffff 00cf9a00 DPL=0 CS32 [-R-]
SS =0010 00000000 ffffffff 00cf9300 DPL=0 DS   [-WA]
DS =0010 00000000 ffffffff 00cf9300 DPL=0 DS   [-WA]
FS =0010 00000000 ffffffff 00cf9300 DPL=0 DS   [-WA]
GS =0010 00000000 ffffffff 00cf9300 DPL=0 DS   [-WA]
LDT=0000 00000000 0000ffff 00008200 DPL=0 LDT
TR =0000 00000000 0000ffff 00008b00 DPL=0 TSS32-busy
GDT=     c0105000 00000017
IDT=     c010a020 000007ff
CR0=80000011 CR2=00000000 CR3=00106000 CR4=00000000
DR0=00000000 DR1=00000000 DR2=00000000 DR3=00000000 
DR6=ffff0ff0 DR7=00000400
CCS=00000094 CCD=c0109f24 CCO=EFLAGS
EFER=0000000000000000
Servicing hardware INT=0x21
   116: v=21 e=0000 i=0 cpl=0 IP=0008:c01022b1 pc=c01022b1 SP=0010:c0109f1c env->regs[R_EAX]=00000360
EAX=00000360 EBX=00400000 ECX=00000000 EDX=000003fd
ESI=00000000 EDI=00108000 EBP=c0109f48 ESP=c0109f1c
EIP=c01022b1 EFL=00000296 [--S-AP-] CPL=0 II=0 A20=1 SMM=0 HLT=0
ES =0010 00000000 ffffffff 00cf9300 DPL=0 DS   [-WA]
CS =0008 00000000 ffffffff 00cf9a00 DPL=0 CS32 [-R-]
SS =0010 00000000 ffffffff 00cf9300 DPL=0 DS   [-WA]
DS =0010 00000000 ffffffff 00cf9300 DPL=0 DS   [-WA]
FS =0010 00000000 ffffffff 00cf9300 DPL=0 DS   [-WA]
GS =0010 00000000 ffffffff 00cf9300 DPL=0 DS   [-WA]
LDT=0000 00000000 0000ffff 00008200 DPL=0 LDT
TR =0000 00000000 0000ffff 00008b00 DPL=0 TSS32-busy
GDT=     c0105000 00000017
IDT=     c010a020 000007ff
CR0=80000011 CR2=00000000 CR3=00106000 CR4=00000000
DR0=00000000 DR1=00000000 DR2=00000000 DR3=00000000 
DR6=ffff0ff0 DR7=00000400
CCS=0000000c CCD=c0109f24 CCO=SUBL
EFER=0000000000000000
Servicing hardware INT=0x21
   117: v=21 e=0000 i=0 cpl=0 IP=0008:c01022b1 pc=c01022b1 SP=0010:c0109f1c env->regs[R_EAX]=00000360
EAX=00000360 EBX=00400000 ECX=00000000 EDX=000003fd
ESI=00000000 EDI=00108000 EBP=c0109f48 ESP=c0109f1c
EIP=c01022b1 EFL=00000296 [--S-AP-] CPL=0 II=0 A20=1 SMM=0 HLT=0
ES =0010 00000000 ffffffff 00cf9300 DPL=0 DS   [-WA]
CS =0008 00000000 ffffffff 00cf9a00 DPL=0 CS32 [-R-]
SS =0010 00000000 ffffffff 00cf9300 DPL=0 DS   [-WA]
DS =0010 00000000 ffffffff 00cf9300 DPL=0 DS   [-WA]
FS =0010 00000000 ffffffff 00cf9300 DPL=0 DS   [-WA]
GS =0010 00000000 ffffffff 00cf9300 DPL=0 DS   [-WA]
LDT=0000 00000000 0000ffff 00008200 DPL=0 LDT
TR =0000 00000000 0000ffff 00008b00 DPL=0 TSS32-busy
GDT=     c0105000 00000017
IDT=     c010a020 000007ff
CR0=80000011 CR2=00000000 CR3=00106000 CR4=00000000
DR0=00000000 DR1=00000000 DR2=00000000 DR3=00000000 
DR6=ffff0ff0 DR7=00000400
CCS=0000000c CCD=c0109f24 CCO=SUBL
EFER=0000000000000000
Servicing hardware INT=0x21
   118: v=21 e=0000 i=0 cpl=0 IP=0008:c01022b1 pc=c01022b1 SP=0010:c0109f1c env->regs[R_EAX]=00000360
EAX=00000360 EBX=00400000 ECX=00000000 EDX=000003fd
ESI=00000000 EDI=00108000 EBP=c0109f48 ESP=c0109f1c
EIP=c01022b1 EFL=00000296 [--S-AP-] CPL=0 II=0 A20=1 SMM=0 HLT=0
ES =0010 00000000 ffffffff 00cf9300 DPL=0 DS   [-WA]
CS =0008 00000000 ffffffff 00cf9a00 DPL=0 CS32 [-R-]
SS =0010 00000000 ffffffff 00cf9300 DPL=0 DS   [-WA]
DS =0010 00000000 ffffffff 00cf9300 DPL=0 DS   [-WA]
FS =0010 00000000 ffffffff 00cf9300 DPL=0 DS   [-WA]
GS =0010 00000000 ffffffff 00cf9300 DPL=0 DS   [-WA]
LDT=0000 00000000 0000ffff 00008200 DPL=0 LDT
TR =0000 00000000 0000ffff 00008b00 DPL=0 TSS32-busy
GDT=     c0105000 00000017
IDT=     c010a020 000007ff
CR0=80000011 CR2=00000000 CR3=00106000 CR4=00000000
DR0=00000000 DR1=00000000 DR2=00000000 DR3=00000000 
DR6=ffff0ff0 DR7=00000400
CCS=0000000c CCD=c0109f24 CCO=SUBL
EFER=0000000000000000
Servicing hardware INT=0x21
   119: v=21 e=0000 i=0 cpl=0 IP=0008:c01022b1 pc=c01022b1 SP=0010:c0109f1c env->regs[R_EAX]=00000360
EAX=00000360 EBX=00400000 ECX=00000000 EDX=000003fd
ESI=00000000 EDI=00108000 EBP=c0109f48 ESP=c0109f1c
EIP=c01022b1 EFL=00000296 [--S-AP-] CPL=0 II=0 A20=1 SMM=0 HLT=0
ES =0010 00000000 ffffffff 00cf9300 DPL=0 DS   [-WA]
CS =0008 00000000 ffffffff 00cf9a00 DPL=0 CS32 [-R-]
SS =0010 00000000 ffffffff 00cf9300 DPL=0 DS   [-WA]
DS =0010 00000000 ffffffff 00cf9300 DPL=0 DS   [-WA]
FS =0010 00000000 ffffffff 00cf9300 DPL=0 DS   [-WA]
GS =0010 00000000 ffffffff 00cf9300 DPL=0 DS   [-WA]
LDT=0000 00000000 0000ffff 00008200 DPL=0 LDT
TR =0000 00000000 0000ffff 00008b00 DPL=0 TSS32-busy
GDT=     c0105000 00000017
IDT=     c010a020 000007ff
CR0=80000011 CR2=00000000 CR3=00106000 CR4=00000000
DR0=00000000 DR1=00000000 DR2=00000000 DR3=00000000 
DR6=ffff0ff0 DR7=00000400
CCS=0000000c CCD=c0109f24 CCO=SUBL
EFER=0000000000000000
Servicing hardware INT=0x20
   120: v=20 e=0000 i=0 cpl=0 IP=0008:c01022b1 pc=c01022b1 SP=0010:c0109f1c env->regs[R_EAX]=00000360
EAX=00000360 EBX=00400000 ECX=00000000 EDX=000003fd
ESI=00000000 EDI=00108000 EBP=c0109f48 ESP=c0109f1c
EIP=c01022b1 EFL=00000296 [--S-AP-] CPL=0 II=0 A20=1 SMM=0 HLT=0
ES =0010 00000000 ffffffff 00cf9300 DPL=0 DS   [-WA]
CS =0008 00000000 ffffffff 00cf9a00 DPL=0 CS32 [-R-]
SS =0010 00000000 ffffffff 00cf9300 DPL=0 DS   [-WA]
DS =0010 00000000 ffffffff 00cf9300 DPL=0 DS   [-WA]
FS =0010 00000000 ffffffff 00cf9300 DPL=0 DS   [-WA]
GS =0010 00000000 ffffffff 00cf9300 DPL=0 DS   [-WA]
LDT=0000 00000000 0000ffff 00008200 DPL=0 LDT
TR =0000 00000000 0000ffff 00008b00 DPL=0 TSS32-busy
GDT=     c0105000 00000017
IDT=     c010a020 000007ff
CR0=80000011 CR2=00000000 CR3=00106000 CR4=00000000
DR0=00000000 DR1=00000000 DR2=00000000 DR3=00000000 
DR6=ffff0ff0 DR7=00000400
CCS=00000094 CCD=c0109f24 CCO=EFLAGS
EFER=0000000000000000
Servicing hardware INT=0x21
   121: v=21 e=0000 i=0 cpl=0 IP=0008:c01022aa pc=c01022aa SP=0010:c0109f4c env->regs[R_EAX]=00000364
EAX=00000364 EBX=00400000 ECX=00000000 EDX=000003f8
ESI=00000000 EDI=00108000 EBP=c0109f78 ESP=c0109f4c
EIP=c01022aa EFL=00000292 [--S-A--] CPL=0 II=0 A20=1 SMM=0 HLT=0
ES =0010 00000000 ffffffff 00cf9300 DPL=0 DS   [-WA]
CS =0008 00000000 ffffffff 00cf9a00 DPL=0 CS32 [-R-]
SS =0010 00000000 ffffffff 00cf9300 DPL=0 DS   [-WA]
DS =0010 00000000 ffffffff 00cf9300 DPL=0 DS   [-WA]
FS =0010 00000000 ffffffff 00cf9300 DPL=0 DS   [-WA]
GS =0010 00000000 ffffffff 00cf9300 DPL=0 DS   [-WA]
LDT=0000 00000000 0000ffff 00008200 DPL=0 LDT
TR =0000 00000000 0000ffff 00008b00 DPL=0 TSS32-busy
GDT=     c0105000 00000017
IDT=     c010a020 000007ff
CR0=80000011 CR2=00000000 CR3=00106000 CR4=00000000
DR0=00000000 DR1=00000000 DR2=00000000 DR3=00000000 
DR6=ffff0ff0 DR7=00000400
CCS=00000008 CCD=c0109f58 CCO=SUBL
EFER=0000000000000000
Servicing hardware INT=0x20
   122: v=20 e=0000 i=0 cpl=0 IP=0008:c01022aa pc=c01022aa SP=0010:c0109f4c env->regs[R_EAX]=00000363
EAX=00000363 EBX=00400000 ECX=00000000 EDX=000003f8
ESI=00000000 EDI=00108000 EBP=c0109f78 ESP=c0109f4c
EIP=c01022aa EFL=00000292 [--S-A--] CPL=0 II=0 A20=1 SMM=0 HLT=0
ES =0010 00000000 ffffffff 00cf9300 DPL=0 DS   [-WA]
CS =0008 00000000 ffffffff 00cf9a00 DPL=0 CS32 [-R-]
SS =0010 00000000 ffffffff 00cf9300 DPL=0 DS   [-WA]
DS =0010 00000000 ffffffff 00cf9300 DPL=0 DS   [-WA]
FS =0010 00000000 ffffffff 00cf9300 DPL=0 DS   [-WA]
GS =0010 00000000 ffffffff 00cf9300 DPL=0 DS   [-WA]
LDT=0000 00000000 0000ffff 00008200 DPL=0 LDT
TR =0000 00000000 0000ffff 00008b00 DPL=0 TSS32-busy
GDT=     c0105000 00000017
IDT=     c010a020 000007ff
CR0=80000011 CR2=00000000 CR3=00106000 CR4=00000000
DR0=00000000 DR1=00000000 DR2=00000000 DR3=00000000 
DR6=ffff0ff0 DR7=00000400
CCS=00000090 CCD=c0109f58 CCO=EFLAGS
EFER=0000000000000000
Servicing hardware INT=0x21
   123: v=21 e=0000 i=0 cpl=0 IP=0008:c01022aa pc=c01022aa SP=0010:c0109f4c env->regs[R_EAX]=0000035f
EAX=0000035f EBX=00400000 ECX=00000000 EDX=000003f8
ESI=00000000 EDI=00108000 EBP=c0109f78 ESP=c0109f4c
EIP=c01022aa EFL=00000292 [--S-A--] CPL=0 II=0 A20=1 SMM=0 HLT=0
ES =0010 00000000 ffffffff 00cf9300 DPL=0 DS   [-WA]
CS =0008 00000000 ffffffff 00cf9a00 DPL=0 CS32 [-R-]
SS =0010 00000000 ffffffff 00cf9300 DPL=0 DS   [-WA]
DS =0010 00000000 ffffffff 00cf9300 DPL=0 DS   [-WA]
FS =0010 00000000 ffffffff 00cf9300 DPL=0 DS   [-WA]
GS =0010 00000000 ffffffff 00cf9300 DPL=0 DS   [-WA]
LDT=0000 00000000 0000ffff 00008200 DPL=0 LDT
TR =0000 00000000 0000ffff 00008b00 DPL=0 TSS32-busy
GDT=     c0105000 00000017
IDT=     c010a020 000007ff
CR0=80000011 CR2=00000000 CR3=00106000 CR4=00000000
DR0=00000000 DR1=00000000 DR2=00000000 DR3=00000000 
DR6=ffff0ff0 DR7=00000400
CCS=00000008 CCD=c0109f58 CCO=SUBL
EFER=0000000000000000
Servicing hardware INT=0x21
   124: v=21 e=0000 i=0 cpl=0 IP=0008:c01022b1 pc=c01022b1 SP=0010:c0109f1c env->regs[R_EAX]=00000360
EAX=00000360 EBX=00400000 ECX=00000000 EDX=000003fd
ESI=00000000 EDI=00108000 EBP=c0109f48 ESP=c0109f1c
EIP=c01022b1 EFL=00000296 [--S-AP-] CPL=0 II=0 A20=1 SMM=0 HLT=0
ES =0010 00000000 ffffffff 00cf9300 DPL=0 DS   [-WA]
CS =0008 00000000 ffffffff 00cf9a00 DPL=0 CS32 [-R-]
SS =0010 00000000 ffffffff 00cf9300 DPL=0 DS   [-WA]
DS =0010 00000000 ffffffff 00cf9300 DPL=0 DS   [-WA]
FS =0010 00000000 ffffffff 00cf9300 DPL=0 DS   [-WA]
GS =0010 00000000 ffffffff 00cf9300 DPL=0 DS   [-WA]
LDT=0000 00000000 0000ffff 00008200 DPL=0 LDT
TR =0000 00000000 0000ffff 00008b00 DPL=0 TSS32-busy
GDT=     c0105000 00000017
IDT=     c010a020 000007ff
CR0=80000011 CR2=00000000 CR3=00106000 CR4=00000000
DR0=00000000 DR1=00000000 DR2=00000000 DR3=00000000 
DR6=ffff0ff0 DR7=00000400
CCS=0000000c CCD=c0109f24 CCO=SUBL
EFER=0000000000000000
Servicing hardware INT=0x21
   125: v=21 e=0000 i=0 cpl=0 IP=0008:c01022b1 pc=c01022b1 SP=0010:c0109f1c env->regs[R_EAX]=00000360
EAX=00000360 EBX=00400000 ECX=00000000 EDX=000003fd
ESI=00000000 EDI=00108000 EBP=c0109f48 ESP=c0109f1c
EIP=c01022b1 EFL=00000296 [--S-AP-] CPL=0 II=0 A20=1 SMM=0 HLT=0
ES =0010 00000000 ffffffff 00cf9300 DPL=0 DS   [-WA]
CS =0008 00000000 ffffffff 00cf9a00 DPL=0 CS32 [-R-]
SS =0010 00000000 ffffffff 00cf9300 DPL=0 DS   [-WA]
DS =0010 00000000 ffffffff 00cf9300 DPL=0 DS   [-WA]
FS =0010 00000000 ffffffff 00cf9300 DPL=0 DS   [-WA]
GS =0010 00000000 ffffffff 00cf9300 DPL=0 DS   [-WA]
LDT=0000 00000000 0000ffff 00008200 DPL=0 LDT
TR =0000 00000000 0000ffff 00008b00 DPL=0 TSS32-busy
GDT=     c0105000 00000017
IDT=     c010a020 000007ff
CR0=80000011 CR2=00000000 CR3=00106000 CR4=00000000
DR0=00000000 DR1=00000000 DR2=00000000 DR3=00000000 
DR6=ffff0ff0 DR7=00000400
CCS=0000000c CCD=c0109f24 CCO=SUBL
EFER=0000000000000000
Servicing hardware INT=0x20
   126: v=20 e=0000 i=0 cpl=0 IP=0008:c01022b1 pc=c01022b1 SP=0010:c0109f1c env->regs[R_EAX]=00000360
EAX=00000360 EBX=00400000 ECX=00000000 EDX=000003fd
ESI=00000000 EDI=00108000 EBP=c0109f48 ESP=c0109f1c
EIP=c01022b1 EFL=00000296 [--S-AP-] CPL=0 II=0 A20=1 SMM=0 HLT=0
ES =0010 00000000 ffffffff 00cf9300 DPL=0 DS   [-WA]
CS =0008 00000000 ffffffff 00cf9a00 DPL=0 CS32 [-R-]
SS =0010 00000000 ffffffff 00cf9300 DPL=0 DS   [-WA]
DS =0010 00000000 ffffffff 00cf9300 DPL=0 DS   [-WA]
FS =0010 00000000 ffffffff 00cf9300 DPL=0 DS   [-WA]
GS =0010 00000000 ffffffff 00cf9300 DPL=0 DS   [-WA]
LDT=0000 00000000 0000ffff 00008200 DPL=0 LDT
TR =0000 00000000 0000ffff 00008b00 DPL=0 TSS32-busy
GDT=     c0105000 00000017
IDT=     c010a020 000007ff
CR0=80000011 CR2=00000000 CR3=00106000 CR4=00000000
DR0=00000000 DR1=00000000 DR2=00000000 DR3=00000000 
DR6=ffff0ff0 DR7=00000400
CCS=00000094 CCD=c0109f24 CCO=EFLAGS
EFER=0000000000000000
Servicing hardware INT=0x20
   127: v=20 e=0000 i=0 cpl=0 IP=0008:c01022aa pc=c01022aa SP=0010:c0109f4c env->regs[R_EAX]=0000030a
EAX=0000030a EBX=00400000 ECX=00000000 EDX=000003f8
ESI=00000000 EDI=00108000 EBP=c0109f78 ESP=c0109f4c
EIP=c01022aa EFL=00000292 [--S-A--] CPL=0 II=0 A20=1 SMM=0 HLT=0
ES =0010 00000000 ffffffff 00cf9300 DPL=0 DS   [-WA]
CS =0008 00000000 ffffffff 00cf9a00 DPL=0 CS32 [-R-]
SS =0010 00000000 ffffffff 00cf9300 DPL=0 DS   [-WA]
DS =0010 00000000 ffffffff 00cf9300 DPL=0 DS   [-WA]
FS =0010 00000000 ffffffff 00cf9300 DPL=0 DS   [-WA]
GS =0010 00000000 ffffffff 00cf9300 DPL=0 DS   [-WA]
LDT=0000 00000000 0000ffff 00008200 DPL=0 LDT
TR =0000 00000000 0000ffff 00008b00 DPL=0 TSS32-busy
GDT=     c0105000 00000017
IDT=     c010a020 000007ff
CR0=80000011 CR2=00000000 CR3=00106000 CR4=00000000
DR0=00000000 DR1=00000000 DR2=00000000 DR3=00000000 
DR6=ffff0ff0 DR7=00000400
CCS=00000090 CCD=c0109f58 CCO=EFLAGS
EFER=0000000000000000
Servicing hardware INT=0x21
   128: v=21 e=0000 i=0 cpl=0 IP=0008:c01022b1 pc=c01022b1 SP=0010:c0109f1c env->regs[R_EAX]=00000360
EAX=00000360 EBX=00400000 ECX=00000000 EDX=000003fd
ESI=00000000 EDI=00108000 EBP=c0109f48 ESP=c0109f1c
EIP=c01022b1 EFL=00000296 [--S-AP-] CPL=0 II=0 A20=1 SMM=0 HLT=0
ES =0010 00000000 ffffffff 00cf9300 DPL=0 DS   [-WA]
CS =0008 00000000 ffffffff 00cf9a00 DPL=0 CS32 [-R-]
SS =0010 00000000 ffffffff 00cf9300 DPL=0 DS   [-WA]
DS =0010 00000000 ffffffff 00cf9300 DPL=0 DS   [-WA]
FS =0010 00000000 ffffffff 00cf9300 DPL=0 DS   [-WA]
GS =0010 00000000 ffffffff 00cf9300 DPL=0 DS   [-WA]
LDT=0000 00000000 0000ffff 00008200 DPL=0 LDT
TR =0000 00000000 0000ffff 00008b00 DPL=0 TSS32-busy
GDT=     c0105000 00000017
IDT=     c010a020 000007ff
CR0=80000011 CR2=00000000 CR3=00106000 CR4=00000000
DR0=00000000 DR1=00000000 DR2=00000000 DR3=00000000 
DR6=ffff0ff0 DR7=00000400
CCS=0000000c CCD=c0109f24 CCO=SUBL
EFER=0000000000000000
Servicing hardware INT=0x21
   129: v=21 e=0000 i=0 cpl=0 IP=0008:c01022aa pc=c01022aa SP=0010:c0109f4c env->regs[R_EAX]=0000030a
EAX=0000030a EBX=00400000 ECX=00000000 EDX=000003f8
ESI=00000000 EDI=00108000 EBP=c0109f78 ESP=c0109f4c
EIP=c01022aa EFL=00000292 [--S-A--] CPL=0 II=0 A20=1 SMM=0 HLT=0
ES =0010 00000000 ffffffff 00cf9300 DPL=0 DS   [-WA]
CS =0008 00000000 ffffffff 00cf9a00 DPL=0 CS32 [-R-]
SS =0010 00000000 ffffffff 00cf9300 DPL=0 DS   [-WA]
DS =0010 00000000 ffffffff 00cf9300 DPL=0 DS   [-WA]
FS =0010 00000000 ffffffff 00cf9300 DPL=0 DS   [-WA]
GS =0010 00000000 ffffffff 00cf9300 DPL=0 DS   [-WA]
LDT=0000 00000000 0000ffff 00008200 DPL=0 LDT
TR =0000 00000000 0000ffff 00008b00 DPL=0 TSS32-busy
GDT=     c0105000 00000017
IDT=     c010a020 000007ff
CR0=80000011 CR2=00000000 CR3=00106000 CR4=00000000
DR0=00000000 DR1=00000000 DR2=00000000 DR3=00000000 
DR6=ffff0ff0 DR7=00000400
CCS=00000008 CCD=c0109f58 CCO=SUBL
EFER=0000000000000000
Servicing hardware INT=0x21
   130: v=21 e=0000 i=0 cpl=0 IP=0008:c01022b1 pc=c01022b1 SP=0010:c0109f1c env->regs[R_EAX]=00000360
EAX=00000360 EBX=00400000 ECX=00000000 EDX=000003fd
ESI=00000000 EDI=00108000 EBP=c0109f48 ESP=c0109f1c
EIP=c01022b1 EFL=00000296 [--S-AP-] CPL=0 II=0 A20=1 SMM=0 HLT=0
ES =0010 00000000 ffffffff 00cf9300 DPL=0 DS   [-WA]
CS =0008 00000000 ffffffff 00cf9a00 DPL=0 CS32 [-R-]
SS =0010 00000000 ffffffff 00cf9300 DPL=0 DS   [-WA]
DS =0010 00000000 ffffffff 00cf9300 DPL=0 DS   [-WA]
FS =0010 00000000 ffffffff 00cf9300 DPL=0 DS   [-WA]
GS =0010 00000000 ffffffff 00cf9300 DPL=0 DS   [-WA]
LDT=0000 00000000 0000ffff 00008200 DPL=0 LDT
TR =0000 00000000 0000ffff 00008b00 DPL=0 TSS32-busy
GDT=     c0105000 00000017
IDT=     c010a020 000007ff
CR0=80000011 CR2=00000000 CR3=00106000 CR4=00000000
DR0=00000000 DR1=00000000 DR2=00000000 DR3=00000000 
DR6=ffff0ff0 DR7=00000400
CCS=0000000c CCD=c0109f24 CCO=SUBL
EFER=0000000000000000
Servicing hardware INT=0x20
   131: v=20 e=0000 i=0 cpl=0 IP=0008:c01022aa pc=c01022aa SP=0010:c0109f4c env->regs[R_EAX]=00000363
EAX=00000363 EBX=00400000 ECX=00000000 EDX=000003f8
ESI=00000000 EDI=00108000 EBP=c0109f78 ESP=c0109f4c
EIP=c01022aa EFL=00000292 [--S-A--] CPL=0 II=0 A20=1 SMM=0 HLT=0
ES =0010 00000000 ffffffff 00cf9300 DPL=0 DS   [-WA]
CS =0008 00000000 ffffffff 00cf9a00 DPL=0 CS32 [-R-]
SS =0010 00000000 ffffffff 00cf9300 DPL=0 DS   [-WA]
DS =0010 00000000 ffffffff 00cf9300 DPL=0 DS   [-WA]
FS =0010 00000000 ffffffff 00cf9300 DPL=0 DS   [-WA]
GS =0010 00000000 ffffffff 00cf9300 DPL=0 DS   [-WA]
LDT=0000 00000000 0000ffff 00008200 DPL=0 LDT
TR =0000 00000000 0000ffff 00008b00 DPL=0 TSS32-busy
GDT=     c0105000 00000017
IDT=     c010a020 000007ff
CR0=80000011 CR2=00000000 CR3=00106000 CR4=00000000
DR0=00000000 DR1=00000000 DR2=00000000 DR3=00000000 
DR6=ffff0ff0 DR7=00000400
CCS=00000090 CCD=c0109f58 CCO=EFLAGS
EFER=0000000000000000
Servicing hardware INT=0x21
   132: v=21 e=0000 i=0 cpl=0 IP=0008:c01022b1 pc=c01022b1 SP=0010:c0109f1c env->regs[R_EAX]=00000360
EAX=00000360 EBX=00400000 ECX=00000000 EDX=000003fd
ESI=00000000 EDI=00108000 EBP=c0109f48 ESP=c0109f1c
EIP=c01022b1 EFL=00000296 [--S-AP-] CPL=0 II=0 A20=1 SMM=0 HLT=0
ES =0010 00000000 ffffffff 00cf9300 DPL=0 DS   [-WA]
CS =0008 00000000 ffffffff 00cf9a00 DPL=0 CS32 [-R-]
SS =0010 00000000 ffffffff 00cf9300 DPL=0 DS   [-WA]
DS =0010 00000000 ffffffff 00cf9300 DPL=0 DS   [-WA]
FS =0010 00000000 ffffffff 00cf9300 DPL=0 DS   [-WA]
GS =0010 00000000 ffffffff 00cf9300 DPL=0 DS   [-WA]
LDT=0000 00000000 0000ffff 00008200 DPL=0 LDT
TR =0000 00000000 0000ffff 00008b00 DPL=0 TSS32-busy
GDT=     c0105000 00000017
IDT=     c010a020 000007ff
CR0=80000011 CR2=00000000 CR3=00106000 CR4=00000000
DR0=00000000 DR1=00000000 DR2=00000000 DR3=00000000 
DR6=ffff0ff0 DR7=00000400
CCS=0000000c CCD=c0109f24 CCO=SUBL
EFER=0000000000000000
Servicing hardware INT=0x20
   133: v=20 e=0000 i=0 cpl=0 IP=0008:c01022b1 pc=c01022b1 SP=0010:c0109f1c env->regs[R_EAX]=00000360
EAX=00000360 EBX=00400000 ECX=00000000 EDX=000003fd
ESI=00000000 EDI=00108000 EBP=c0109f48 ESP=c0109f1c
EIP=c01022b1 EFL=00000296 [--S-AP-] CPL=0 II=0 A20=1 SMM=0 HLT=0
ES =0010 00000000 ffffffff 00cf9300 DPL=0 DS   [-WA]
CS =0008 00000000 ffffffff 00cf9a00 DPL=0 CS32 [-R-]
SS =0010 00000000 ffffffff 00cf9300 DPL=0 DS   [-WA]
DS =0010 00000000 ffffffff 00cf9300 DPL=0 DS   [-WA]
FS =0010 00000000 ffffffff 00cf9300 DPL=0 DS   [-WA]
GS =0010 00000000 ffffffff 00cf9300 DPL=0 DS   [-WA]
LDT=0000 00000000 0000ffff 00008200 DPL=0 LDT
TR =0000 00000000 0000ffff 00008b00 DPL=0 TSS32-busy
GDT=     c0105000 00000017
IDT=     c010a020 000007ff
CR0=80000011 CR2=00000000 CR3=00106000 CR4=00000000
DR0=00000000 DR1=00000000 DR2=00000000 DR3=00000000 
DR6=ffff0ff0 DR7=00000400
CCS=00000094 CCD=c0109f24 CCO=EFLAGS
EFER=0000000000000000
Servicing hardware INT=0x21
   134: v=21 e=0000 i=0 cpl=0 IP=0008:c01022b1 pc=c01022b1 SP=0010:c0109f1c env->regs[R_EAX]=00000360
EAX=00000360 EBX=00400000 ECX=00000000 EDX=000003fd
ESI=00000000 EDI=00108000 EBP=c0109f48 ESP=c0109f1c
EIP=c01022b1 EFL=00000296 [--S-AP-] CPL=0 II=0 A20=1 SMM=0 HLT=0
ES =0010 00000000 ffffffff 00cf9300 DPL=0 DS   [-WA]
CS =0008 00000000 ffffffff 00cf9a00 DPL=0 CS32 [-R-]
SS =0010 00000000 ffffffff 00cf9300 DPL=0 DS   [-WA]
DS =0010 00000000 ffffffff 00cf9300 DPL=0 DS   [-WA]
FS =0010 00000000 ffffffff 00cf9300 DPL=0 DS   [-WA]
GS =0010 00000000 ffffffff 00cf9300 DPL=0 DS   [-WA]
LDT=0000 00000000 0000ffff 00008200 DPL=0 LDT
TR =0000 00000000 0000ffff 00008b00 DPL=0 TSS32-busy
GDT=     c0105000 00000017
IDT=     c010a020 000007ff
CR0=80000011 CR2=00000000 CR3=00106000 CR4=00000000
DR0=00000000 DR1=00000000 DR2=00000000 DR3=00000000 
DR6=ffff0ff0 DR7=00000400
CCS=0000000c CCD=c0109f24 CCO=SUBL
EFER=0000000000000000
Servicing hardware INT=0x21
   135: v=21 e=0000 i=0 cpl=0 IP=0008:c01022b1 pc=c01022b1 SP=0010:c0109f1c env->regs[R_EAX]=00000360
EAX=00000360 EBX=00400000 ECX=00000000 EDX=000003fd
ESI=00000000 EDI=00108000 EBP=c0109f48 ESP=c0109f1c
EIP=c01022b1 EFL=00000296 [--S-AP-] CPL=0 II=0 A20=1 SMM=0 HLT=0
ES =0010 00000000 ffffffff 00cf9300 DPL=0 DS   [-WA]
CS =0008 00000000 ffffffff 00cf9a00 DPL=0 CS32 [-R-]
SS =0010 00000000 ffffffff 00cf9300 DPL=0 DS   [-WA]
DS =0010 00000000 ffffffff 00cf9300 DPL=0 DS   [-WA]
FS =0010 00000000 ffffffff 00cf9300 DPL=0 DS   [-WA]
GS =0010 00000000 ffffffff 00cf9300 DPL=0 DS   [-WA]
LDT=0000 00000000 0000ffff 00008200 DPL=0 LDT
TR =0000 00000000 0000ffff 00008b00 DPL=0 TSS32-busy
GDT=     c0105000 00000017
IDT=     c010a020 000007ff
CR0=80000011 CR2=00000000 CR3=00106000 CR4=00000000
DR0=00000000 DR1=00000000 DR2=00000000 DR3=00000000 
DR6=ffff0ff0 DR7=00000400
CCS=0000000c CCD=c0109f24 CCO=SUBL
EFER=0000000000000000
Servicing hardware INT=0x20
   136: v=20 e=0000 i=0 cpl=0 IP=0008:c01022aa pc=c01022aa SP=0010:c0109f4c env->regs[R_EAX]=0000036b
EAX=0000036b EBX=00400000 ECX=00000000 EDX=000003f8
ESI=00000000 EDI=00108000 EBP=c0109f78 ESP=c0109f4c
EIP=c01022aa EFL=00000292 [--S-A--] CPL=0 II=0 A20=1 SMM=0 HLT=0
ES =0010 00000000 ffffffff 00cf9300 DPL=0 DS   [-WA]
CS =0008 00000000 ffffffff 00cf9a00 DPL=0 CS32 [-R-]
SS =0010 00000000 ffffffff 00cf9300 DPL=0 DS   [-WA]
DS =0010 00000000 ffffffff 00cf9300 DPL=0 DS   [-WA]
FS =0010 00000000 ffffffff 00cf9300 DPL=0 DS   [-WA]
GS =0010 00000000 ffffffff 00cf9300 DPL=0 DS   [-WA]
LDT=0000 00000000 0000ffff 00008200 DPL=0 LDT
TR =0000 00000000 0000ffff 00008b00 DPL=0 TSS32-busy
GDT=     c0105000 00000017
IDT=     c010a020 000007ff
CR0=80000011 CR2=00000000 CR3=00106000 CR4=00000000
DR0=00000000 DR1=00000000 DR2=00000000 DR3=00000000 
DR6=ffff0ff0 DR7=00000400
CCS=00000090 CCD=c0109f58 CCO=EFLAGS
EFER=0000000000000000
Servicing hardware INT=0x21
   137: v=21 e=0000 i=0 cpl=0 IP=0008:c01022aa pc=c01022aa SP=0010:c0109f4c env->regs[R_EAX]=00000363
EAX=00000363 EBX=00400000 ECX=00000000 EDX=000003f8
ESI=00000000 EDI=00108000 EBP=c0109f78 ESP=c0109f4c
EIP=c01022aa EFL=00000292 [--S-A--] CPL=0 II=0 A20=1 SMM=0 HLT=0
ES =0010 00000000 ffffffff 00cf9300 DPL=0 DS   [-WA]
CS =0008 00000000 ffffffff 00cf9a00 DPL=0 CS32 [-R-]
SS =0010 00000000 ffffffff 00cf9300 DPL=0 DS   [-WA]
DS =0010 00000000 ffffffff 00cf9300 DPL=0 DS   [-WA]
FS =0010 00000000 ffffffff 00cf9300 DPL=0 DS   [-WA]
GS =0010 00000000 ffffffff 00cf9300 DPL=0 DS   [-WA]
LDT=0000 00000000 0000ffff 00008200 DPL=0 LDT
TR =0000 00000000 0000ffff 00008b00 DPL=0 TSS32-busy
GDT=     c0105000 00000017
IDT=     c010a020 000007ff
CR0=80000011 CR2=00000000 CR3=00106000 CR4=00000000
DR0=00000000 DR1=00000000 DR2=00000000 DR3=00000000 
DR6=ffff0ff0 DR7=00000400
CCS=00000008 CCD=c0109f58 CCO=SUBL
EFER=0000000000000000
Servicing hardware INT=0x21
   138: v=21 e=0000 i=0 cpl=0 IP=0008:c01022b1 pc=c01022b1 SP=0010:c0109f1c env->regs[R_EAX]=00000360
EAX=00000360 EBX=00400000 ECX=00000000 EDX=000003fd
ESI=00000000 EDI=00108000 EBP=c0109f48 ESP=c0109f1c
EIP=c01022b1 EFL=00000296 [--S-AP-] CPL=0 II=0 A20=1 SMM=0 HLT=0
ES =0010 00000000 ffffffff 00cf9300 DPL=0 DS   [-WA]
CS =0008 00000000 ffffffff 00cf9a00 DPL=0 CS32 [-R-]
SS =0010 00000000 ffffffff 00cf9300 DPL=0 DS   [-WA]
DS =0010 00000000 ffffffff 00cf9300 DPL=0 DS   [-WA]
FS =0010 00000000 ffffffff 00cf9300 DPL=0 DS   [-WA]
GS =0010 00000000 ffffffff 00cf9300 DPL=0 DS   [-WA]
LDT=0000 00000000 0000ffff 00008200 DPL=0 LDT
TR =0000 00000000 0000ffff 00008b00 DPL=0 TSS32-busy
GDT=     c0105000 00000017
IDT=     c010a020 000007ff
CR0=80000011 CR2=00000000 CR3=00106000 CR4=00000000
DR0=00000000 DR1=00000000 DR2=00000000 DR3=00000000 
DR6=ffff0ff0 DR7=00000400
CCS=0000000c CCD=c0109f24 CCO=SUBL
EFER=0000000000000000
Servicing hardware INT=0x20
   139: v=20 e=0000 i=0 cpl=0 IP=0008:c01022b1 pc=c01022b1 SP=0010:c0109f1c env->regs[R_EAX]=00000360
EAX=00000360 EBX=00400000 ECX=00000000 EDX=000003fd
ESI=00000000 EDI=00108000 EBP=c0109f48 ESP=c0109f1c
EIP=c01022b1 EFL=00000296 [--S-AP-] CPL=0 II=0 A20=1 SMM=0 HLT=0
ES =0010 00000000 ffffffff 00cf9300 DPL=0 DS   [-WA]
CS =0008 00000000 ffffffff 00cf9a00 DPL=0 CS32 [-R-]
SS =0010 00000000 ffffffff 00cf9300 DPL=0 DS   [-WA]
DS =0010 00000000 ffffffff 00cf9300 DPL=0 DS   [-WA]
FS =0010 00000000 ffffffff 00cf9300 DPL=0 DS   [-WA]
GS =0010 00000000 ffffffff 00cf9300 DPL=0 DS   [-WA]
LDT=0000 00000000 0000ffff 00008200 DPL=0 LDT
TR =0000 00000000 0000ffff 00008b00 DPL=0 TSS32-busy
GDT=     c0105000 00000017
IDT=     c010a020 000007ff
CR0=80000011 CR2=00000000 CR3=00106000 CR4=00000000
DR0=00000000 DR1=00000000 DR2=00000000 DR3=00000000 
DR6=ffff0ff0 DR7=00000400
CCS=00000094 CCD=c0109f24 CCO=EFLAGS
EFER=0000000000000000
Servicing hardware INT=0x20
   140: v=20 e=0000 i=0 cpl=0 IP=0008:c01022b1 pc=c01022b1 SP=0010:c0109f1c env->regs[R_EAX]=00000360
EAX=00000360 EBX=00400000 ECX=00000000 EDX=000003fd
ESI=00000000 EDI=00108000 EBP=c0109f48 ESP=c0109f1c
EIP=c01022b1 EFL=00000296 [--S-AP-] CPL=0 II=0 A20=1 SMM=0 HLT=0
ES =0010 00000000 ffffffff 00cf9300 DPL=0 DS   [-WA]
CS =0008 00000000 ffffffff 00cf9a00 DPL=0 CS32 [-R-]
SS =0010 00000000 ffffffff 00cf9300 DPL=0 DS   [-WA]
DS =0010 00000000 ffffffff 00cf9300 DPL=0 DS   [-WA]
FS =0010 00000000 ffffffff 00cf9300 DPL=0 DS   [-WA]
GS =0010 00000000 ffffffff 00cf9300 DPL=0 DS   [-WA]
LDT=0000 00000000 0000ffff 00008200 DPL=0 LDT
TR =0000 00000000 0000ffff 00008b00 DPL=0 TSS32-busy
GDT=     c0105000 00000017
IDT=     c010a020 000007ff
CR0=80000011 CR2=00000000 CR3=00106000 CR4=00000000
DR0=00000000 DR1=00000000 DR2=00000000 DR3=00000000 
DR6=ffff0ff0 DR7=00000400
CCS=00000094 CCD=c0109f24 CCO=EFLAGS
EFER=0000000000000000
Servicing hardware INT=0x21
   141: v=21 e=0000 i=0 cpl=0 IP=0008:c01022b1 pc=c01022b1 SP=0010:c0109f1c env->regs[R_EAX]=00000360
EAX=00000360 EBX=00400000 ECX=00000000 EDX=000003fd
ESI=00000000 EDI=00108000 EBP=c0109f48 ESP=c0109f1c
EIP=c01022b1 EFL=00000296 [--S-AP-] CPL=0 II=0 A20=1 SMM=0 HLT=0
ES =0010 00000000 ffffffff 00cf9300 DPL=0 DS   [-WA]
CS =0008 00000000 ffffffff 00cf9a00 DPL=0 CS32 [-R-]
SS =0010 00000000 ffffffff 00cf9300 DPL=0 DS   [-WA]
DS =0010 00000000 ffffffff 00cf9300 DPL=0 DS   [-WA]
FS =0010 00000000 ffffffff 00cf9300 DPL=0 DS   [-WA]
GS =0010 00000000 ffffffff 00cf9300 DPL=0 DS   [-WA]
LDT=0000 00000000 0000ffff 00008200 DPL=0 LDT
TR =0000 00000000 0000ffff 00008b00 DPL=0 TSS32-busy
GDT=     c0105000 00000017
IDT=     c010a020 000007ff
CR0=80000011 CR2=00000000 CR3=00106000 CR4=00000000
DR0=00000000 DR1=00000000 DR2=00000000 DR3=00000000 
DR6=ffff0ff0 DR7=00000400
CCS=0000000c CCD=c0109f24 CCO=SUBL
EFER=0000000000000000
Servicing hardware INT=0x21
   142: v=21 e=0000 i=0 cpl=0 IP=0008:c01022b1 pc=c01022b1 SP=0010:c0109f1c env->regs[R_EAX]=00000360
EAX=00000360 EBX=00400000 ECX=00000000 EDX=000003fd
ESI=00000000 EDI=00108000 EBP=c0109f48 ESP=c0109f1c
EIP=c01022b1 EFL=00000296 [--S-AP-] CPL=0 II=0 A20=1 SMM=0 HLT=0
ES =0010 00000000 ffffffff 00cf9300 DPL=0 DS   [-WA]
CS =0008 00000000 ffffffff 00cf9a00 DPL=0 CS32 [-R-]
SS =0010 00000000 ffffffff 00cf9300 DPL=0 DS   [-WA]
DS =0010 00000000 ffffffff 00cf9300 DPL=0 DS   [-WA]
FS =0010 00000000 ffffffff 00cf9300 DPL=0 DS   [-WA]
GS =0010 00000000 ffffffff 00cf9300 DPL=0 DS   [-WA]
LDT=0000 00000000 0000ffff 00008200 DPL=0 LDT
TR =0000 00000000 0000ffff 00008b00 DPL=0 TSS32-busy
GDT=     c0105000 00000017
IDT=     c010a020 000007ff
CR0=80000011 CR2=00000000 CR3=00106000 CR4=00000000
DR0=00000000 DR1=00000000 DR2=00000000 DR3=00000000 
DR6=ffff0ff0 DR7=00000400
CCS=0000000c CCD=c0109f24 CCO=SUBL
EFER=0000000000000000
Servicing hardware INT=0x21
   143: v=21 e=0000 i=0 cpl=0 IP=0008:c01022aa pc=c01022aa SP=0010:c0109f4c env->regs[R_EAX]=00000361
EAX=00000361 EBX=00400000 ECX=00000000 EDX=000003f8
ESI=00000000 EDI=00108000 EBP=c0109f78 ESP=c0109f4c
EIP=c01022aa EFL=00000292 [--S-A--] CPL=0 II=0 A20=1 SMM=0 HLT=0
ES =0010 00000000 ffffffff 00cf9300 DPL=0 DS   [-WA]
CS =0008 00000000 ffffffff 00cf9a00 DPL=0 CS32 [-R-]
SS =0010 00000000 ffffffff 00cf9300 DPL=0 DS   [-WA]
DS =0010 00000000 ffffffff 00cf9300 DPL=0 DS   [-WA]
FS =0010 00000000 ffffffff 00cf9300 DPL=0 DS   [-WA]
GS =0010 00000000 ffffffff 00cf9300 DPL=0 DS   [-WA]
LDT=0000 00000000 0000ffff 00008200 DPL=0 LDT
TR =0000 00000000 0000ffff 00008b00 DPL=0 TSS32-busy
GDT=     c0105000 00000017
IDT=     c010a020 000007ff
CR0=80000011 CR2=00000000 CR3=00106000 CR4=00000000
DR0=00000000 DR1=00000000 DR2=00000000 DR3=00000000 
DR6=ffff0ff0 DR7=00000400
CCS=00000008 CCD=c0109f58 CCO=SUBL
EFER=0000000000000000
Servicing hardware INT=0x20
   144: v=20 e=0000 i=0 cpl=0 IP=0008:c01022b1 pc=c01022b1 SP=0010:c0109f1c env->regs[R_EAX]=00000360
EAX=00000360 EBX=00400000 ECX=00000000 EDX=000003fd
ESI=00000000 EDI=00108000 EBP=c0109f48 ESP=c0109f1c
EIP=c01022b1 EFL=00000296 [--S-AP-] CPL=0 II=0 A20=1 SMM=0 HLT=0
ES =0010 00000000 ffffffff 00cf9300 DPL=0 DS   [-WA]
CS =0008 00000000 ffffffff 00cf9a00 DPL=0 CS32 [-R-]
SS =0010 00000000 ffffffff 00cf9300 DPL=0 DS   [-WA]
DS =0010 00000000 ffffffff 00cf9300 DPL=0 DS   [-WA]
FS =0010 00000000 ffffffff 00cf9300 DPL=0 DS   [-WA]
GS =0010 00000000 ffffffff 00cf9300 DPL=0 DS   [-WA]
LDT=0000 00000000 0000ffff 00008200 DPL=0 LDT
TR =0000 00000000 0000ffff 00008b00 DPL=0 TSS32-busy
GDT=     c0105000 00000017
IDT=     c010a020 000007ff
CR0=80000011 CR2=00000000 CR3=00106000 CR4=00000000
DR0=00000000 DR1=00000000 DR2=00000000 DR3=00000000 
DR6=ffff0ff0 DR7=00000400
CCS=00000094 CCD=c0109f24 CCO=EFLAGS
EFER=0000000000000000
Servicing hardware INT=0x21
   145: v=21 e=0000 i=0 cpl=0 IP=0008:c01022b1 pc=c01022b1 SP=0010:c0109f1c env->regs[R_EAX]=00000360
EAX=00000360 EBX=00400000 ECX=00000000 EDX=000003fd
ESI=00000000 EDI=00108000 EBP=c0109f48 ESP=c0109f1c
EIP=c01022b1 EFL=00000296 [--S-AP-] CPL=0 II=0 A20=1 SMM=0 HLT=0
ES =0010 00000000 ffffffff 00cf9300 DPL=0 DS   [-WA]
CS =0008 00000000 ffffffff 00cf9a00 DPL=0 CS32 [-R-]
SS =0010 00000000 ffffffff 00cf9300 DPL=0 DS   [-WA]
DS =0010 00000000 ffffffff 00cf9300 DPL=0 DS   [-WA]
FS =0010 00000000 ffffffff 00cf9300 DPL=0 DS   [-WA]
GS =0010 00000000 ffffffff 00cf9300 DPL=0 DS   [-WA]
LDT=0000 00000000 0000ffff 00008200 DPL=0 LDT
TR =0000 00000000 0000ffff 00008b00 DPL=0 TSS32-busy
GDT=     c0105000 00000017
IDT=     c010a020 000007ff
CR0=80000011 CR2=00000000 CR3=00106000 CR4=00000000
DR0=00000000 DR1=00000000 DR2=00000000 DR3=00000000 
DR6=ffff0ff0 DR7=00000400
CCS=0000000c CCD=c0109f24 CCO=SUBL
EFER=0000000000000000
Servicing hardware INT=0x20
   146: v=20 e=0000 i=0 cpl=0 IP=0008:c01022aa pc=c01022aa SP=0010:c0109f4c env->regs[R_EAX]=00000379
EAX=00000379 EBX=00400000 ECX=00000000 EDX=000003f8
ESI=00000000 EDI=00108000 EBP=c0109f78 ESP=c0109f4c
EIP=c01022aa EFL=00000292 [--S-A--] CPL=0 II=0 A20=1 SMM=0 HLT=0
ES =0010 00000000 ffffffff 00cf9300 DPL=0 DS   [-WA]
CS =0008 00000000 ffffffff 00cf9a00 DPL=0 CS32 [-R-]
SS =0010 00000000 ffffffff 00cf9300 DPL=0 DS   [-WA]
DS =0010 00000000 ffffffff 00cf9300 DPL=0 DS   [-WA]
FS =0010 00000000 ffffffff 00cf9300 DPL=0 DS   [-WA]
GS =0010 00000000 ffffffff 00cf9300 DPL=0 DS   [-WA]
LDT=0000 00000000 0000ffff 00008200 DPL=0 LDT
TR =0000 00000000 0000ffff 00008b00 DPL=0 TSS32-busy
GDT=     c0105000 00000017
IDT=     c010a020 000007ff
CR0=80000011 CR2=00000000 CR3=00106000 CR4=00000000
DR0=00000000 DR1=00000000 DR2=00000000 DR3=00000000 
DR6=ffff0ff0 DR7=00000400
CCS=00000090 CCD=c0109f58 CCO=EFLAGS
EFER=0000000000000000
Servicing hardware INT=0x21
   147: v=21 e=0000 i=0 cpl=0 IP=0008:c01022b1 pc=c01022b1 SP=0010:c0109f1c env->regs[R_EAX]=00000360
EAX=00000360 EBX=00400000 ECX=00000000 EDX=000003fd
ESI=00000000 EDI=00108000 EBP=c0109f48 ESP=c0109f1c
EIP=c01022b1 EFL=00000296 [--S-AP-] CPL=0 II=0 A20=1 SMM=0 HLT=0
ES =0010 00000000 ffffffff 00cf9300 DPL=0 DS   [-WA]
CS =0008 00000000 ffffffff 00cf9a00 DPL=0 CS32 [-R-]
SS =0010 00000000 ffffffff 00cf9300 DPL=0 DS   [-WA]
DS =0010 00000000 ffffffff 00cf9300 DPL=0 DS   [-WA]
FS =0010 00000000 ffffffff 00cf9300 DPL=0 DS   [-WA]
GS =0010 00000000 ffffffff 00cf9300 DPL=0 DS   [-WA]
LDT=0000 00000000 0000ffff 00008200 DPL=0 LDT
TR =0000 00000000 0000ffff 00008b00 DPL=0 TSS32-busy
GDT=     c0105000 00000017
IDT=     c010a020 000007ff
CR0=80000011 CR2=00000000 CR3=00106000 CR4=00000000
DR0=00000000 DR1=00000000 DR2=00000000 DR3=00000000 
DR6=ffff0ff0 DR7=00000400
CCS=0000000c CCD=c0109f24 CCO=SUBL
EFER=0000000000000000
Servicing hardware INT=0x20
   148: v=20 e=0000 i=0 cpl=0 IP=0008:c01022aa pc=c01022aa SP=0010:c0109f4c env->regs[R_EAX]=00000372
EAX=00000372 EBX=00400000 ECX=00000000 EDX=000003f8
ESI=00000000 EDI=00108000 EBP=c0109f78 ESP=c0109f4c
EIP=c01022aa EFL=00000292 [--S-A--] CPL=0 II=0 A20=1 SMM=0 HLT=0
ES =0010 00000000 ffffffff 00cf9300 DPL=0 DS   [-WA]
CS =0008 00000000 ffffffff 00cf9a00 DPL=0 CS32 [-R-]
SS =0010 00000000 ffffffff 00cf9300 DPL=0 DS   [-WA]
DS =0010 00000000 ffffffff 00cf9300 DPL=0 DS   [-WA]
FS =0010 00000000 ffffffff 00cf9300 DPL=0 DS   [-WA]
GS =0010 00000000 ffffffff 00cf9300 DPL=0 DS   [-WA]
LDT=0000 00000000 0000ffff 00008200 DPL=0 LDT
TR =0000 00000000 0000ffff 00008b00 DPL=0 TSS32-busy
GDT=     c0105000 00000017
IDT=     c010a020 000007ff
CR0=80000011 CR2=00000000 CR3=00106000 CR4=00000000
DR0=00000000 DR1=00000000 DR2=00000000 DR3=00000000 
DR6=ffff0ff0 DR7=00000400
CCS=00000090 CCD=c0109f58 CCO=EFLAGS
EFER=0000000000000000
Servicing hardware INT=0x20
   149: v=20 e=0000 i=0 cpl=0 IP=0008:c01022b1 pc=c01022b1 SP=0010:c0109f1c env->regs[R_EAX]=00000360
EAX=00000360 EBX=00400000 ECX=00000000 EDX=000003fd
ESI=00000000 EDI=00108000 EBP=c0109f48 ESP=c0109f1c
EIP=c01022b1 EFL=00000296 [--S-AP-] CPL=0 II=0 A20=1 SMM=0 HLT=0
ES =0010 00000000 ffffffff 00cf9300 DPL=0 DS   [-WA]
CS =0008 00000000 ffffffff 00cf9a00 DPL=0 CS32 [-R-]
SS =0010 00000000 ffffffff 00cf9300 DPL=0 DS   [-WA]
DS =0010 00000000 ffffffff 00cf9300 DPL=0 DS   [-WA]
FS =0010 00000000 ffffffff 00cf9300 DPL=0 DS   [-WA]
GS =0010 00000000 ffffffff 00cf9300 DPL=0 DS   [-WA]
LDT=0000 00000000 0000ffff 00008200 DPL=0 LDT
TR =0000 00000000 0000ffff 00008b00 DPL=0 TSS32-busy
GDT=     c0105000 00000017
IDT=     c010a020 000007ff
CR0=80000011 CR2=00000000 CR3=00106000 CR4=00000000
DR0=00000000 DR1=00000000 DR2=00000000 DR3=00000000 
DR6=ffff0ff0 DR7=00000400
CCS=00000094 CCD=c0109f24 CCO=EFLAGS
EFER=0000000000000000
Servicing hardware INT=0x21
   150: v=21 e=0000 i=0 cpl=0 IP=0008:c01022b1 pc=c01022b1 SP=0010:c0109f1c env->regs[R_EAX]=00000360
EAX=00000360 EBX=00400000 ECX=00000000 EDX=000003fd
ESI=00000000 EDI=00108000 EBP=c0109f48 ESP=c0109f1c
EIP=c01022b1 EFL=00000296 [--S-AP-] CPL=0 II=0 A20=1 SMM=0 HLT=0
ES =0010 00000000 ffffffff 00cf9300 DPL=0 DS   [-WA]
CS =0008 00000000 ffffffff 00cf9a00 DPL=0 CS32 [-R-]
SS =0010 00000000 ffffffff 00cf9300 DPL=0 DS   [-WA]
DS =0010 00000000 ffffffff 00cf9300 DPL=0 DS   [-WA]
FS =0010 00000000 ffffffff 00cf9300 DPL=0 DS   [-WA]
GS =0010 00000000 ffffffff 00cf9300 DPL=0 DS   [-WA]
LDT=0000 00000000 0000ffff 00008200 DPL=0 LDT
TR =0000 00000000 0000ffff 00008b00 DPL=0 TSS32-busy
GDT=     c0105000 00000017
IDT=     c010a020 000007ff
CR0=80000011 CR2=00000000 CR3=00106000 CR4=00000000
DR0=00000000 DR1=00000000 DR2=00000000 DR3=00000000 
DR6=ffff0ff0 DR7=00000400
CCS=0000000c CCD=c0109f24 CCO=SUBL
EFER=0000000000000000
Servicing hardware INT=0x20
   151: v=20 e=0000 i=0 cpl=0 IP=0008:c01022aa pc=c01022aa SP=0010:c0109f4c env->regs[R_EAX]=00000374
EAX=00000374 EBX=00400000 ECX=00000000 EDX=000003f8
ESI=00000000 EDI=00108000 EBP=c0109f78 ESP=c0109f4c
EIP=c01022aa EFL=00000292 [--S-A--] CPL=0 II=0 A20=1 SMM=0 HLT=0
ES =0010 00000000 ffffffff 00cf9300 DPL=0 DS   [-WA]
CS =0008 00000000 ffffffff 00cf9a00 DPL=0 CS32 [-R-]
SS =0010 00000000 ffffffff 00cf9300 DPL=0 DS   [-WA]
DS =0010 00000000 ffffffff 00cf9300 DPL=0 DS   [-WA]
FS =0010 00000000 ffffffff 00cf9300 DPL=0 DS   [-WA]
GS =0010 00000000 ffffffff 00cf9300 DPL=0 DS   [-WA]
LDT=0000 00000000 0000ffff 00008200 DPL=0 LDT
TR =0000 00000000 0000ffff 00008b00 DPL=0 TSS32-busy
GDT=     c0105000 00000017
IDT=     c010a020 000007ff
CR0=80000011 CR2=00000000 CR3=00106000 CR4=00000000
DR0=00000000 DR1=00000000 DR2=00000000 DR3=00000000 
DR6=ffff0ff0 DR7=00000400
CCS=00000090 CCD=c0109f58 CCO=EFLAGS
EFER=0000000000000000
Servicing hardware INT=0x20
   152: v=20 e=0000 i=0 cpl=0 IP=0008:c01022b1 pc=c01022b1 SP=0010:c0109f1c env->regs[R_EAX]=00000360
EAX=00000360 EBX=00400000 ECX=00000000 EDX=000003fd
ESI=00000000 EDI=00108000 EBP=c0109f48 ESP=c0109f1c
EIP=c01022b1 EFL=00000296 [--S-AP-] CPL=0 II=0 A20=1 SMM=0 HLT=0
ES =0010 00000000 ffffffff 00cf9300 DPL=0 DS   [-WA]
CS =0008 00000000 ffffffff 00cf9a00 DPL=0 CS32 [-R-]
SS =0010 00000000 ffffffff 00cf9300 DPL=0 DS   [-WA]
DS =0010 00000000 ffffffff 00cf9300 DPL=0 DS   [-WA]
FS =0010 00000000 ffffffff 00cf9300 DPL=0 DS   [-WA]
GS =0010 00000000 ffffffff 00cf9300 DPL=0 DS   [-WA]
LDT=0000 00000000 0000ffff 00008200 DPL=0 LDT
TR =0000 00000000 0000ffff 00008b00 DPL=0 TSS32-busy
GDT=     c0105000 00000017
IDT=     c010a020 000007ff
CR0=80000011 CR2=00000000 CR3=00106000 CR4=00000000
DR0=00000000 DR1=00000000 DR2=00000000 DR3=00000000 
DR6=ffff0ff0 DR7=00000400
CCS=00000094 CCD=c0109f24 CCO=EFLAGS
EFER=0000000000000000
Servicing hardware INT=0x21
   153: v=21 e=0000 i=0 cpl=0 IP=0008:c01022aa pc=c01022aa SP=0010:c0109f4c env->regs[R_EAX]=0000036f
EAX=0000036f EBX=00400000 ECX=00000000 EDX=000003f8
ESI=00000000 EDI=00108000 EBP=c0109f78 ESP=c0109f4c
EIP=c01022aa EFL=00000292 [--S-A--] CPL=0 II=0 A20=1 SMM=0 HLT=0
ES =0010 00000000 ffffffff 00cf9300 DPL=0 DS   [-WA]
CS =0008 00000000 ffffffff 00cf9a00 DPL=0 CS32 [-R-]
SS =0010 00000000 ffffffff 00cf9300 DPL=0 DS   [-WA]
DS =0010 00000000 ffffffff 00cf9300 DPL=0 DS   [-WA]
FS =0010 00000000 ffffffff 00cf9300 DPL=0 DS   [-WA]
GS =0010 00000000 ffffffff 00cf9300 DPL=0 DS   [-WA]
LDT=0000 00000000 0000ffff 00008200 DPL=0 LDT
TR =0000 00000000 0000ffff 00008b00 DPL=0 TSS32-busy
GDT=     c0105000 00000017
IDT=     c010a020 000007ff
CR0=80000011 CR2=00000000 CR3=00106000 CR4=00000000
DR0=00000000 DR1=00000000 DR2=00000000 DR3=00000000 
DR6=ffff0ff0 DR7=00000400
CCS=00000008 CCD=c0109f58 CCO=SUBL
EFER=0000000000000000
Servicing hardware INT=0x20
   154: v=20 e=0000 i=0 cpl=0 IP=0008:c01022b1 pc=c01022b1 SP=0010:c0109f1c env->regs[R_EAX]=00000360
EAX=00000360 EBX=00400000 ECX=00000061 EDX=000003fd
ESI=00000000 EDI=00108000 EBP=c0109f48 ESP=c0109f1c
EIP=c01022b1 EFL=00000296 [--S-AP-] CPL=0 II=0 A20=1 SMM=0 HLT=0
ES =0010 00000000 ffffffff 00cf9300 DPL=0 DS   [-WA]
CS =0008 00000000 ffffffff 00cf9a00 DPL=0 CS32 [-R-]
SS =0010 00000000 ffffffff 00cf9300 DPL=0 DS   [-WA]
DS =0010 00000000 ffffffff 00cf9300 DPL=0 DS   [-WA]
FS =0010 00000000 ffffffff 00cf9300 DPL=0 DS   [-WA]
GS =0010 00000000 ffffffff 00cf9300 DPL=0 DS   [-WA]
LDT=0000 00000000 0000ffff 00008200 DPL=0 LDT
TR =0000 00000000 0000ffff 00008b00 DPL=0 TSS32-busy
GDT=     c0105000 00000017
IDT=     c010a020 000007ff
CR0=80000011 CR2=00000000 CR3=00106000 CR4=00000000
DR0=00000000 DR1=00000000 DR2=00000000 DR3=00000000 
DR6=ffff0ff0 DR7=00000400
CCS=00000094 CCD=c0109f24 CCO=EFLAGS
EFER=0000000000000000
Servicing hardware INT=0x20
   155: v=20 e=0000 i=0 cpl=0 IP=0008:c01022aa pc=c01022aa SP=0010:c0109f4c env->regs[R_EAX]=00000362
EAX=00000362 EBX=00400000 ECX=00000061 EDX=000003f8
ESI=00000000 EDI=00108000 EBP=c0109f78 ESP=c0109f4c
EIP=c01022aa EFL=00000292 [--S-A--] CPL=0 II=0 A20=1 SMM=0 HLT=0
ES =0010 00000000 ffffffff 00cf9300 DPL=0 DS   [-WA]
CS =0008 00000000 ffffffff 00cf9a00 DPL=0 CS32 [-R-]
SS =0010 00000000 ffffffff 00cf9300 DPL=0 DS   [-WA]
DS =0010 00000000 ffffffff 00cf9300 DPL=0 DS   [-WA]
FS =0010 00000000 ffffffff 00cf9300 DPL=0 DS   [-WA]
GS =0010 00000000 ffffffff 00cf9300 DPL=0 DS   [-WA]
LDT=0000 00000000 0000ffff 00008200 DPL=0 LDT
TR =0000 00000000 0000ffff 00008b00 DPL=0 TSS32-busy
GDT=     c0105000 00000017
IDT=     c010a020 000007ff
CR0=80000011 CR2=00000000 CR3=00106000 CR4=00000000
DR0=00000000 DR1=00000000 DR2=00000000 DR3=00000000 
DR6=ffff0ff0 DR7=00000400
CCS=00000090 CCD=c0109f58 CCO=EFLAGS
EFER=0000000000000000
Servicing hardware INT=0x21
   156: v=21 e=0000 i=0 cpl=0 IP=0008:c01022b1 pc=c01022b1 SP=0010:c0109f1c env->regs[R_EAX]=00000360
EAX=00000360 EBX=00400000 ECX=00000061 EDX=000003fd
ESI=00000000 EDI=00108000 EBP=c0109f48 ESP=c0109f1c
EIP=c01022b1 EFL=00000296 [--S-AP-] CPL=0 II=0 A20=1 SMM=0 HLT=0
ES =0010 00000000 ffffffff 00cf9300 DPL=0 DS   [-WA]
CS =0008 00000000 ffffffff 00cf9a00 DPL=0 CS32 [-R-]
SS =0010 00000000 ffffffff 00cf9300 DPL=0 DS   [-WA]
DS =0010 00000000 ffffffff 00cf9300 DPL=0 DS   [-WA]
FS =0010 00000000 ffffffff 00cf9300 DPL=0 DS   [-WA]
GS =0010 00000000 ffffffff 00cf9300 DPL=0 DS   [-WA]
LDT=0000 00000000 0000ffff 00008200 DPL=0 LDT
TR =0000 00000000 0000ffff 00008b00 DPL=0 TSS32-busy
GDT=     c0105000 00000017
IDT=     c010a020 000007ff
CR0=80000011 CR2=00000000 CR3=00106000 CR4=00000000
DR0=00000000 DR1=00000000 DR2=00000000 DR3=00000000 
DR6=ffff0ff0 DR7=00000400
CCS=0000000c CCD=c0109f24 CCO=SUBL
EFER=0000000000000000
Servicing hardware INT=0x20
   157: v=20 e=0000 i=0 cpl=0 IP=0008:c01022b1 pc=c01022b1 SP=0010:c0109f1c env->regs[R_EAX]=00000360
EAX=00000360 EBX=00400000 ECX=00000061 EDX=000003fd
ESI=00000000 EDI=00108000 EBP=c0109f48 ESP=c0109f1c
EIP=c01022b1 EFL=00000296 [--S-AP-] CPL=0 II=0 A20=1 SMM=0 HLT=0
ES =0010 00000000 ffffffff 00cf9300 DPL=0 DS   [-WA]
CS =0008 00000000 ffffffff 00cf9a00 DPL=0 CS32 [-R-]
SS =0010 00000000 ffffffff 00cf9300 DPL=0 DS   [-WA]
DS =0010 00000000 ffffffff 00cf9300 DPL=0 DS   [-WA]
FS =0010 00000000 ffffffff 00cf9300 DPL=0 DS   [-WA]
GS =0010 00000000 ffffffff 00cf9300 DPL=0 DS   [-WA]
LDT=0000 00000000 0000ffff 00008200 DPL=0 LDT
TR =0000 00000000 0000ffff 00008b00 DPL=0 TSS32-busy
GDT=     c0105000 00000017
IDT=     c010a020 000007ff
CR0=80000011 CR2=00000000 CR3=00106000 CR4=00000000
DR0=00000000 DR1=00000000 DR2=00000000 DR3=00000000 
DR6=ffff0ff0 DR7=00000400
CCS=00000094 CCD=c0109f24 CCO=EFLAGS
EFER=0000000000000000
Servicing hardware INT=0x20
   158: v=20 e=0000 i=0 cpl=0 IP=0008:c01022b1 pc=c01022b1 SP=0010:c0109f1c env->regs[R_EAX]=00000360
EAX=00000360 EBX=00400000 ECX=00000061 EDX=000003fd
ESI=00000000 EDI=00108000 EBP=c0109f48 ESP=c0109f1c
EIP=c01022b1 EFL=00000296 [--S-AP-] CPL=0 II=0 A20=1 SMM=0 HLT=0
ES =0010 00000000 ffffffff 00cf9300 DPL=0 DS   [-WA]
CS =0008 00000000 ffffffff 00cf9a00 DPL=0 CS32 [-R-]
SS =0010 00000000 ffffffff 00cf9300 DPL=0 DS   [-WA]
DS =0010 00000000 ffffffff 00cf9300 DPL=0 DS   [-WA]
FS =0010 00000000 ffffffff 00cf9300 DPL=0 DS   [-WA]
GS =0010 00000000 ffffffff 00cf9300 DPL=0 DS   [-WA]
LDT=0000 00000000 0000ffff 00008200 DPL=0 LDT
TR =0000 00000000 0000ffff 00008b00 DPL=0 TSS32-busy
GDT=     c0105000 00000017
IDT=     c010a020 000007ff
CR0=80000011 CR2=00000000 CR3=00106000 CR4=00000000
DR0=00000000 DR1=00000000 DR2=00000000 DR3=00000000 
DR6=ffff0ff0 DR7=00000400
CCS=00000094 CCD=c0109f24 CCO=EFLAGS
EFER=0000000000000000
Servicing hardware INT=0x20
   159: v=20 e=0000 i=0 cpl=0 IP=0008:c01022b1 pc=c01022b1 SP=0010:c0109f1c env->regs[R_EAX]=00000360
EAX=00000360 EBX=00400000 ECX=00000061 EDX=000003fd
ESI=00000000 EDI=00108000 EBP=c0109f48 ESP=c0109f1c
EIP=c01022b1 EFL=00000296 [--S-AP-] CPL=0 II=0 A20=1 SMM=0 HLT=0
ES =0010 00000000 ffffffff 00cf9300 DPL=0 DS   [-WA]
CS =0008 00000000 ffffffff 00cf9a00 DPL=0 CS32 [-R-]
SS =0010 00000000 ffffffff 00cf9300 DPL=0 DS   [-WA]
DS =0010 00000000 ffffffff 00cf9300 DPL=0 DS   [-WA]
FS =0010 00000000 ffffffff 00cf9300 DPL=0 DS   [-WA]
GS =0010 00000000 ffffffff 00cf9300 DPL=0 DS   [-WA]
LDT=0000 00000000 0000ffff 00008200 DPL=0 LDT
TR =0000 00000000 0000ffff 00008b00 DPL=0 TSS32-busy
GDT=     c0105000 00000017
IDT=     c010a020 000007ff
CR0=80000011 CR2=00000000 CR3=00106000 CR4=00000000
DR0=00000000 DR1=00000000 DR2=00000000 DR3=00000000 
DR6=ffff0ff0 DR7=00000400
CCS=00000094 CCD=c0109f24 CCO=EFLAGS
EFER=0000000000000000
Servicing hardware INT=0x20
   160: v=20 e=0000 i=0 cpl=0 IP=0008:c01022b1 pc=c01022b1 SP=0010:c0109f1c env->regs[R_EAX]=00000360
EAX=00000360 EBX=00400000 ECX=00000061 EDX=000003fd
ESI=00000000 EDI=00108000 EBP=c0109f48 ESP=c0109f1c
EIP=c01022b1 EFL=00000296 [--S-AP-] CPL=0 II=0 A20=1 SMM=0 HLT=0
ES =0010 00000000 ffffffff 00cf9300 DPL=0 DS   [-WA]
CS =0008 00000000 ffffffff 00cf9a00 DPL=0 CS32 [-R-]
SS =0010 00000000 ffffffff 00cf9300 DPL=0 DS   [-WA]
DS =0010 00000000 ffffffff 00cf9300 DPL=0 DS   [-WA]
FS =0010 00000000 ffffffff 00cf9300 DPL=0 DS   [-WA]
GS =0010 00000000 ffffffff 00cf9300 DPL=0 DS   [-WA]
LDT=0000 00000000 0000ffff 00008200 DPL=0 LDT
TR =0000 00000000 0000ffff 00008b00 DPL=0 TSS32-busy
GDT=     c0105000 00000017
IDT=     c010a020 000007ff
CR0=80000011 CR2=00000000 CR3=00106000 CR4=00000000
DR0=00000000 DR1=00000000 DR2=00000000 DR3=00000000 
DR6=ffff0ff0 DR7=00000400
CCS=00000094 CCD=c0109f24 CCO=EFLAGS
EFER=0000000000000000
Servicing hardware INT=0x20
   161: v=20 e=0000 i=0 cpl=0 IP=0008:c01022aa pc=c01022aa SP=0010:c0109f4c env->regs[R_EAX]=00000367
EAX=00000367 EBX=00400000 ECX=00000061 EDX=000003f8
ESI=00000000 EDI=00108000 EBP=c0109f78 ESP=c0109f4c
EIP=c01022aa EFL=00000292 [--S-A--] CPL=0 II=0 A20=1 SMM=0 HLT=0
ES =0010 00000000 ffffffff 00cf9300 DPL=0 DS   [-WA]
CS =0008 00000000 ffffffff 00cf9a00 DPL=0 CS32 [-R-]
SS =0010 00000000 ffffffff 00cf9300 DPL=0 DS   [-WA]
DS =0010 00000000 ffffffff 00cf9300 DPL=0 DS   [-WA]
FS =0010 00000000 ffffffff 00cf9300 DPL=0 DS   [-WA]
GS =0010 00000000 ffffffff 00cf9300 DPL=0 DS   [-WA]
LDT=0000 00000000 0000ffff 00008200 DPL=0 LDT
TR =0000 00000000 0000ffff 00008b00 DPL=0 TSS32-busy
GDT=     c0105000 00000017
IDT=     c010a020 000007ff
CR0=80000011 CR2=00000000 CR3=00106000 CR4=00000000
DR0=00000000 DR1=00000000 DR2=00000000 DR3=00000000 
DR6=ffff0ff0 DR7=00000400
CCS=00000090 CCD=c0109f58 CCO=EFLAGS
EFER=0000000000000000
Servicing hardware INT=0x20
   162: v=20 e=0000 i=0 cpl=0 IP=0008:c01022b1 pc=c01022b1 SP=0010:c0109f1c env->regs[R_EAX]=00000360
EAX=00000360 EBX=00400000 ECX=00000061 EDX=000003fd
ESI=00000000 EDI=00108000 EBP=c0109f48 ESP=c0109f1c
EIP=c01022b1 EFL=00000296 [--S-AP-] CPL=0 II=0 A20=1 SMM=0 HLT=0
ES =0010 00000000 ffffffff 00cf9300 DPL=0 DS   [-WA]
CS =0008 00000000 ffffffff 00cf9a00 DPL=0 CS32 [-R-]
SS =0010 00000000 ffffffff 00cf9300 DPL=0 DS   [-WA]
DS =0010 00000000 ffffffff 00cf9300 DPL=0 DS   [-WA]
FS =0010 00000000 ffffffff 00cf9300 DPL=0 DS   [-WA]
GS =0010 00000000 ffffffff 00cf9300 DPL=0 DS   [-WA]
LDT=0000 00000000 0000ffff 00008200 DPL=0 LDT
TR =0000 00000000 0000ffff 00008b00 DPL=0 TSS32-busy
GDT=     c0105000 00000017
IDT=     c010a020 000007ff
CR0=80000011 CR2=00000000 CR3=00106000 CR4=00000000
DR0=00000000 DR1=00000000 DR2=00000000 DR3=00000000 
DR6=ffff0ff0 DR7=00000400
CCS=00000094 CCD=c0109f24 CCO=EFLAGS
EFER=0000000000000000
Servicing hardware INT=0x20
   163: v=20 e=0000 i=0 cpl=0 IP=0008:c01022b1 pc=c01022b1 SP=0010:c0109f1c env->regs[R_EAX]=00000360
EAX=00000360 EBX=00400000 ECX=00000061 EDX=000003fd
ESI=00000000 EDI=00108000 EBP=c0109f48 ESP=c0109f1c
EIP=c01022b1 EFL=00000296 [--S-AP-] CPL=0 II=0 A20=1 SMM=0 HLT=0
ES =0010 00000000 ffffffff 00cf9300 DPL=0 DS   [-WA]
CS =0008 00000000 ffffffff 00cf9a00 DPL=0 CS32 [-R-]
SS =0010 00000000 ffffffff 00cf9300 DPL=0 DS   [-WA]
DS =0010 00000000 ffffffff 00cf9300 DPL=0 DS   [-WA]
FS =0010 00000000 ffffffff 00cf9300 DPL=0 DS   [-WA]
GS =0010 00000000 ffffffff 00cf9300 DPL=0 DS   [-WA]
LDT=0000 00000000 0000ffff 00008200 DPL=0 LDT
TR =0000 00000000 0000ffff 00008b00 DPL=0 TSS32-busy
GDT=     c0105000 00000017
IDT=     c010a020 000007ff
CR0=80000011 CR2=00000000 CR3=00106000 CR4=00000000
DR0=00000000 DR1=00000000 DR2=00000000 DR3=00000000 
DR6=ffff0ff0 DR7=00000400
CCS=00000094 CCD=c0109f24 CCO=EFLAGS
EFER=0000000000000000
Servicing hardware INT=0x21
   164: v=21 e=0000 i=0 cpl=0 IP=0008:c01022b1 pc=c01022b1 SP=0010:c0109f1c env->regs[R_EAX]=00000360
EAX=00000360 EBX=00400000 ECX=00000061 EDX=000003fd
ESI=00000000 EDI=00108000 EBP=c0109f48 ESP=c0109f1c
EIP=c01022b1 EFL=00000296 [--S-AP-] CPL=0 II=0 A20=1 SMM=0 HLT=0
ES =0010 00000000 ffffffff 00cf9300 DPL=0 DS   [-WA]
CS =0008 00000000 ffffffff 00cf9a00 DPL=0 CS32 [-R-]
SS =0010 00000000 ffffffff 00cf9300 DPL=0 DS   [-WA]
DS =0010 00000000 ffffffff 00cf9300 DPL=0 DS   [-WA]
FS =0010 00000000 ffffffff 00cf9300 DPL=0 DS   [-WA]
GS =0010 00000000 ffffffff 00cf9300 DPL=0 DS   [-WA]
LDT=0000 00000000 0000ffff 00008200 DPL=0 LDT
TR =0000 00000000 0000ffff 00008b00 DPL=0 TSS32-busy
GDT=     c0105000 00000017
IDT=     c010a020 000007ff
CR0=80000011 CR2=00000000 CR3=00106000 CR4=00000000
DR0=00000000 DR1=00000000 DR2=00000000 DR3=00000000 
DR6=ffff0ff0 DR7=00000400
CCS=0000000c CCD=c0109f24 CCO=SUBL
EFER=0000000000000000
Servicing hardware INT=0x20
   165: v=20 e=0000 i=0 cpl=0 IP=0008:c01022aa pc=c01022aa SP=0010:c0109f4c env->regs[R_EAX]=00000367
EAX=00000367 EBX=00400000 ECX=00000061 EDX=000003f8
ESI=00000000 EDI=00108000 EBP=c0109f78 ESP=c0109f4c
EIP=c01022aa EFL=00000292 [--S-A--] CPL=0 II=0 A20=1 SMM=0 HLT=0
ES =0010 00000000 ffffffff 00cf9300 DPL=0 DS   [-WA]
CS =0008 00000000 ffffffff 00cf9a00 DPL=0 CS32 [-R-]
SS =0010 00000000 ffffffff 00cf9300 DPL=0 DS   [-WA]
DS =0010 00000000 ffffffff 00cf9300 DPL=0 DS   [-WA]
FS =0010 00000000 ffffffff 00cf9300 DPL=0 DS   [-WA]
GS =0010 00000000 ffffffff 00cf9300 DPL=0 DS   [-WA]
LDT=0000 00000000 0000ffff 00008200 DPL=0 LDT
TR =0000 00000000 0000ffff 00008b00 DPL=0 TSS32-busy
GDT=     c0105000 00000017
IDT=     c010a020 000007ff
CR0=80000011 CR2=00000000 CR3=00106000 CR4=00000000
DR0=00000000 DR1=00000000 DR2=00000000 DR3=00000000 
DR6=ffff0ff0 DR7=00000400
CCS=00000090 CCD=c0109f58 CCO=EFLAGS
EFER=0000000000000000
Servicing hardware INT=0x21
   166: v=21 e=0000 i=0 cpl=0 IP=0008:c01022b1 pc=c01022b1 SP=0010:c0109f1c env->regs[R_EAX]=00000360
EAX=00000360 EBX=00400000 ECX=00000061 EDX=000003fd
ESI=00000000 EDI=00108000 EBP=c0109f48 ESP=c0109f1c
EIP=c01022b1 EFL=00000296 [--S-AP-] CPL=0 II=0 A20=1 SMM=0 HLT=0
ES =0010 00000000 ffffffff 00cf9300 DPL=0 DS   [-WA]
CS =0008 00000000 ffffffff 00cf9a00 DPL=0 CS32 [-R-]
SS =0010 00000000 ffffffff 00cf9300 DPL=0 DS   [-WA]
DS =0010 00000000 ffffffff 00cf9300 DPL=0 DS   [-WA]
FS =0010 00000000 ffffffff 00cf9300 DPL=0 DS   [-WA]
GS =0010 00000000 ffffffff 00cf9300 DPL=0 DS   [-WA]
LDT=0000 00000000 0000ffff 00008200 DPL=0 LDT
TR =0000 00000000 0000ffff 00008b00 DPL=0 TSS32-busy
GDT=     c0105000 00000017
IDT=     c010a020 000007ff
CR0=80000011 CR2=00000000 CR3=00106000 CR4=00000000
DR0=00000000 DR1=00000000 DR2=00000000 DR3=00000000 
DR6=ffff0ff0 DR7=00000400
CCS=0000000c CCD=c0109f24 CCO=SUBL
EFER=0000000000000000
Servicing hardware INT=0x21
   167: v=21 e=0000 i=0 cpl=0 IP=0008:c01022aa pc=c01022aa SP=0010:c0109f4c env->regs[R_EAX]=00000365
EAX=00000365 EBX=00400000 ECX=00000000 EDX=000003f8
ESI=00000000 EDI=00108000 EBP=c0109f78 ESP=c0109f4c
EIP=c01022aa EFL=00000292 [--S-A--] CPL=0 II=0 A20=1 SMM=0 HLT=0
ES =0010 00000000 ffffffff 00cf9300 DPL=0 DS   [-WA]
CS =0008 00000000 ffffffff 00cf9a00 DPL=0 CS32 [-R-]
SS =0010 00000000 ffffffff 00cf9300 DPL=0 DS   [-WA]
DS =0010 00000000 ffffffff 00cf9300 DPL=0 DS   [-WA]
FS =0010 00000000 ffffffff 00cf9300 DPL=0 DS   [-WA]
GS =0010 00000000 ffffffff 00cf9300 DPL=0 DS   [-WA]
LDT=0000 00000000 0000ffff 00008200 DPL=0 LDT
TR =0000 00000000 0000ffff 00008b00 DPL=0 TSS32-busy
GDT=     c0105000 00000017
IDT=     c010a020 000007ff
CR0=80000011 CR2=00000000 CR3=00106000 CR4=00000000
DR0=00000000 DR1=00000000 DR2=00000000 DR3=00000000 
DR6=ffff0ff0 DR7=00000400
CCS=00000008 CCD=c0109f58 CCO=SUBL
EFER=0000000000000000
Servicing hardware INT=0x20
   168: v=20 e=0000 i=0 cpl=0 IP=0008:c01022b1 pc=c01022b1 SP=0010:c0109f1c env->regs[R_EAX]=00000360
EAX=00000360 EBX=00400000 ECX=00000000 EDX=000003fd
ESI=00000000 EDI=00108000 EBP=c0109f48 ESP=c0109f1c
EIP=c01022b1 EFL=00000296 [--S-AP-] CPL=0 II=0 A20=1 SMM=0 HLT=0
ES =0010 00000000 ffffffff 00cf9300 DPL=0 DS   [-WA]
CS =0008 00000000 ffffffff 00cf9a00 DPL=0 CS32 [-R-]
SS =0010 00000000 ffffffff 00cf9300 DPL=0 DS   [-WA]
DS =0010 00000000 ffffffff 00cf9300 DPL=0 DS   [-WA]
FS =0010 00000000 ffffffff 00cf9300 DPL=0 DS   [-WA]
GS =0010 00000000 ffffffff 00cf9300 DPL=0 DS   [-WA]
LDT=0000 00000000 0000ffff 00008200 DPL=0 LDT
TR =0000 00000000 0000ffff 00008b00 DPL=0 TSS32-busy
GDT=     c0105000 00000017
IDT=     c010a020 000007ff
CR0=80000011 CR2=00000000 CR3=00106000 CR4=00000000
DR0=00000000 DR1=00000000 DR2=00000000 DR3=00000000 
DR6=ffff0ff0 DR7=00000400
CCS=00000094 CCD=c0109f24 CCO=EFLAGS
EFER=0000000000000000
Servicing hardware INT=0x20
   169: v=20 e=0000 i=0 cpl=0 IP=0008:c01022b1 pc=c01022b1 SP=0010:c0109f1c env->regs[R_EAX]=00000360
EAX=00000360 EBX=00400000 ECX=00000000 EDX=000003fd
ESI=00000000 EDI=00108000 EBP=c0109f48 ESP=c0109f1c
EIP=c01022b1 EFL=00000296 [--S-AP-] CPL=0 II=0 A20=1 SMM=0 HLT=0
ES =0010 00000000 ffffffff 00cf9300 DPL=0 DS   [-WA]
CS =0008 00000000 ffffffff 00cf9a00 DPL=0 CS32 [-R-]
SS =0010 00000000 ffffffff 00cf9300 DPL=0 DS   [-WA]
DS =0010 00000000 ffffffff 00cf9300 DPL=0 DS   [-WA]
FS =0010 00000000 ffffffff 00cf9300 DPL=0 DS   [-WA]
GS =0010 00000000 ffffffff 00cf9300 DPL=0 DS   [-WA]
LDT=0000 00000000 0000ffff 00008200 DPL=0 LDT
TR =0000 00000000 0000ffff 00008b00 DPL=0 TSS32-busy
GDT=     c0105000 00000017
IDT=     c010a020 000007ff
CR0=80000011 CR2=00000000 CR3=00106000 CR4=00000000
DR0=00000000 DR1=00000000 DR2=00000000 DR3=00000000 
DR6=ffff0ff0 DR7=00000400
CCS=00000094 CCD=c0109f24 CCO=EFLAGS
EFER=0000000000000000
Servicing hardware INT=0x21
   170: v=21 e=0000 i=0 cpl=0 IP=0008:c01022b1 pc=c01022b1 SP=0010:c0109f1c env->regs[R_EAX]=00000360
EAX=00000360 EBX=00400000 ECX=00000000 EDX=000003fd
ESI=00000000 EDI=00108000 EBP=c0109f48 ESP=c0109f1c
EIP=c01022b1 EFL=00000296 [--S-AP-] CPL=0 II=0 A20=1 SMM=0 HLT=0
ES =0010 00000000 ffffffff 00cf9300 DPL=0 DS   [-WA]
CS =0008 00000000 ffffffff 00cf9a00 DPL=0 CS32 [-R-]
SS =0010 00000000 ffffffff 00cf9300 DPL=0 DS   [-WA]
DS =0010 00000000 ffffffff 00cf9300 DPL=0 DS   [-WA]
FS =0010 00000000 ffffffff 00cf9300 DPL=0 DS   [-WA]
GS =0010 00000000 ffffffff 00cf9300 DPL=0 DS   [-WA]
LDT=0000 00000000 0000ffff 00008200 DPL=0 LDT
TR =0000 00000000 0000ffff 00008b00 DPL=0 TSS32-busy
GDT=     c0105000 00000017
IDT=     c010a020 000007ff
CR0=80000011 CR2=00000000 CR3=00106000 CR4=00000000
DR0=00000000 DR1=00000000 DR2=00000000 DR3=00000000 
DR6=ffff0ff0 DR7=00000400
CCS=0000000c CCD=c0109f24 CCO=SUBL
EFER=0000000000000000
Servicing hardware INT=0x21
   171: v=21 e=0000 i=0 cpl=0 IP=0008:c01022aa pc=c01022aa SP=0010:c0109f4c env->regs[R_EAX]=00000362
EAX=00000362 EBX=00400000 ECX=00000000 EDX=000003f8
ESI=00000000 EDI=00108000 EBP=c0109f78 ESP=c0109f4c
EIP=c01022aa EFL=00000292 [--S-A--] CPL=0 II=0 A20=1 SMM=0 HLT=0
ES =0010 00000000 ffffffff 00cf9300 DPL=0 DS   [-WA]
CS =0008 00000000 ffffffff 00cf9a00 DPL=0 CS32 [-R-]
SS =0010 00000000 ffffffff 00cf9300 DPL=0 DS   [-WA]
DS =0010 00000000 ffffffff 00cf9300 DPL=0 DS   [-WA]
FS =0010 00000000 ffffffff 00cf9300 DPL=0 DS   [-WA]
GS =0010 00000000 ffffffff 00cf9300 DPL=0 DS   [-WA]
LDT=0000 00000000 0000ffff 00008200 DPL=0 LDT
TR =0000 00000000 0000ffff 00008b00 DPL=0 TSS32-busy
GDT=     c0105000 00000017
IDT=     c010a020 000007ff
CR0=80000011 CR2=00000000 CR3=00106000 CR4=00000000
DR0=00000000 DR1=00000000 DR2=00000000 DR3=00000000 
DR6=ffff0ff0 DR7=00000400
CCS=00000008 CCD=c0109f58 CCO=SUBL
EFER=0000000000000000
Servicing hardware INT=0x20
   172: v=20 e=0000 i=0 cpl=0 IP=0008:c01022aa pc=c01022aa SP=0010:c0109f4c env->regs[R_EAX]=00000364
EAX=00000364 EBX=00400000 ECX=00000000 EDX=000003f8
ESI=00000000 EDI=00108000 EBP=c0109f78 ESP=c0109f4c
EIP=c01022aa EFL=00000292 [--S-A--] CPL=0 II=0 A20=1 SMM=0 HLT=0
ES =0010 00000000 ffffffff 00cf9300 DPL=0 DS   [-WA]
CS =0008 00000000 ffffffff 00cf9a00 DPL=0 CS32 [-R-]
SS =0010 00000000 ffffffff 00cf9300 DPL=0 DS   [-WA]
DS =0010 00000000 ffffffff 00cf9300 DPL=0 DS   [-WA]
FS =0010 00000000 ffffffff 00cf9300 DPL=0 DS   [-WA]
GS =0010 00000000 ffffffff 00cf9300 DPL=0 DS   [-WA]
LDT=0000 00000000 0000ffff 00008200 DPL=0 LDT
TR =0000 00000000 0000ffff 00008b00 DPL=0 TSS32-busy
GDT=     c0105000 00000017
IDT=     c010a020 000007ff
CR0=80000011 CR2=00000000 CR3=00106000 CR4=00000000
DR0=00000000 DR1=00000000 DR2=00000000 DR3=00000000 
DR6=ffff0ff0 DR7=00000400
CCS=00000090 CCD=c0109f58 CCO=EFLAGS
EFER=0000000000000000
Servicing hardware INT=0x21
   173: v=21 e=0000 i=0 cpl=0 IP=0008:c01022b1 pc=c01022b1 SP=0010:c0109f1c env->regs[R_EAX]=00000360
EAX=00000360 EBX=00400000 ECX=00000000 EDX=000003fd
ESI=00000000 EDI=00108000 EBP=c0109f48 ESP=c0109f1c
EIP=c01022b1 EFL=00000296 [--S-AP-] CPL=0 II=0 A20=1 SMM=0 HLT=0
ES =0010 00000000 ffffffff 00cf9300 DPL=0 DS   [-WA]
CS =0008 00000000 ffffffff 00cf9a00 DPL=0 CS32 [-R-]
SS =0010 00000000 ffffffff 00cf9300 DPL=0 DS   [-WA]
DS =0010 00000000 ffffffff 00cf9300 DPL=0 DS   [-WA]
FS =0010 00000000 ffffffff 00cf9300 DPL=0 DS   [-WA]
GS =0010 00000000 ffffffff 00cf9300 DPL=0 DS   [-WA]
LDT=0000 00000000 0000ffff 00008200 DPL=0 LDT
TR =0000 00000000 0000ffff 00008b00 DPL=0 TSS32-busy
GDT=     c0105000 00000017
IDT=     c010a020 000007ff
CR0=80000011 CR2=00000000 CR3=00106000 CR4=00000000
DR0=00000000 DR1=00000000 DR2=00000000 DR3=00000000 
DR6=ffff0ff0 DR7=00000400
CCS=0000000c CCD=c0109f24 CCO=SUBL
EFER=0000000000000000
Servicing hardware INT=0x20
   174: v=20 e=0000 i=0 cpl=0 IP=0008:c01022b1 pc=c01022b1 SP=0010:c0109f1c env->regs[R_EAX]=00000360
EAX=00000360 EBX=00400000 ECX=00000000 EDX=000003fd
ESI=00000000 EDI=00108000 EBP=c0109f48 ESP=c0109f1c
EIP=c01022b1 EFL=00000296 [--S-AP-] CPL=0 II=0 A20=1 SMM=0 HLT=0
ES =0010 00000000 ffffffff 00cf9300 DPL=0 DS   [-WA]
CS =0008 00000000 ffffffff 00cf9a00 DPL=0 CS32 [-R-]
SS =0010 00000000 ffffffff 00cf9300 DPL=0 DS   [-WA]
DS =0010 00000000 ffffffff 00cf9300 DPL=0 DS   [-WA]
FS =0010 00000000 ffffffff 00cf9300 DPL=0 DS   [-WA]
GS =0010 00000000 ffffffff 00cf9300 DPL=0 DS   [-WA]
LDT=0000 00000000 0000ffff 00008200 DPL=0 LDT
TR =0000 00000000 0000ffff 00008b00 DPL=0 TSS32-busy
GDT=     c0105000 00000017
IDT=     c010a020 000007ff
CR0=80000011 CR2=00000000 CR3=00106000 CR4=00000000
DR0=00000000 DR1=00000000 DR2=00000000 DR3=00000000 
DR6=ffff0ff0 DR7=00000400
CCS=00000094 CCD=c0109f24 CCO=EFLAGS
EFER=0000000000000000
Servicing hardware INT=0x21
   175: v=21 e=0000 i=0 cpl=0 IP=0008:c01022b1 pc=c01022b1 SP=0010:c0109f1c env->regs[R_EAX]=00000360
EAX=00000360 EBX=00400000 ECX=00000000 EDX=000003fd
ESI=00000000 EDI=00108000 EBP=c0109f48 ESP=c0109f1c
EIP=c01022b1 EFL=00000296 [--S-AP-] CPL=0 II=0 A20=1 SMM=0 HLT=0
ES =0010 00000000 ffffffff 00cf9300 DPL=0 DS   [-WA]
CS =0008 00000000 ffffffff 00cf9a00 DPL=0 CS32 [-R-]
SS =0010 00000000 ffffffff 00cf9300 DPL=0 DS   [-WA]
DS =0010 00000000 ffffffff 00cf9300 DPL=0 DS   [-WA]
FS =0010 00000000 ffffffff 00cf9300 DPL=0 DS   [-WA]
GS =0010 00000000 ffffffff 00cf9300 DPL=0 DS   [-WA]
LDT=0000 00000000 0000ffff 00008200 DPL=0 LDT
TR =0000 00000000 0000ffff 00008b00 DPL=0 TSS32-busy
GDT=     c0105000 00000017
IDT=     c010a020 000007ff
CR0=80000011 CR2=00000000 CR3=00106000 CR4=00000000
DR0=00000000 DR1=00000000 DR2=00000000 DR3=00000000 
DR6=ffff0ff0 DR7=00000400
CCS=0000000c CCD=c0109f24 CCO=SUBL
EFER=0000000000000000
Servicing hardware INT=0x21
   176: v=21 e=0000 i=0 cpl=0 IP=0008:c01022aa pc=c01022aa SP=0010:c0109f4c env->regs[R_EAX]=00000365
EAX=00000365 EBX=00400000 ECX=00000000 EDX=000003f8
ESI=00000000 EDI=00108000 EBP=c0109f78 ESP=c0109f4c
EIP=c01022aa EFL=00000292 [--S-A--] CPL=0 II=0 A20=1 SMM=0 HLT=0
ES =0010 00000000 ffffffff 00cf9300 DPL=0 DS   [-WA]
CS =0008 00000000 ffffffff 00cf9a00 DPL=0 CS32 [-R-]
SS =0010 00000000 ffffffff 00cf9300 DPL=0 DS   [-WA]
DS =0010 00000000 ffffffff 00cf9300 DPL=0 DS   [-WA]
FS =0010 00000000 ffffffff 00cf9300 DPL=0 DS   [-WA]
GS =0010 00000000 ffffffff 00cf9300 DPL=0 DS   [-WA]
LDT=0000 00000000 0000ffff 00008200 DPL=0 LDT
TR =0000 00000000 0000ffff 00008b00 DPL=0 TSS32-busy
GDT=     c0105000 00000017
IDT=     c010a020 000007ff
CR0=80000011 CR2=00000000 CR3=00106000 CR4=00000000
DR0=00000000 DR1=00000000 DR2=00000000 DR3=00000000 
DR6=ffff0ff0 DR7=00000400
CCS=00000008 CCD=c0109f58 CCO=SUBL
EFER=0000000000000000
Servicing hardware INT=0x21
   177: v=21 e=0000 i=0 cpl=0 IP=0008:c01022b1 pc=c01022b1 SP=0010:c0109f1c env->regs[R_EAX]=00000360
EAX=00000360 EBX=00400000 ECX=00000000 EDX=000003fd
ESI=00000000 EDI=00108000 EBP=c0109f48 ESP=c0109f1c
EIP=c01022b1 EFL=00000296 [--S-AP-] CPL=0 II=0 A20=1 SMM=0 HLT=0
ES =0010 00000000 ffffffff 00cf9300 DPL=0 DS   [-WA]
CS =0008 00000000 ffffffff 00cf9a00 DPL=0 CS32 [-R-]
SS =0010 00000000 ffffffff 00cf9300 DPL=0 DS   [-WA]
DS =0010 00000000 ffffffff 00cf9300 DPL=0 DS   [-WA]
FS =0010 00000000 ffffffff 00cf9300 DPL=0 DS   [-WA]
GS =0010 00000000 ffffffff 00cf9300 DPL=0 DS   [-WA]
LDT=0000 00000000 0000ffff 00008200 DPL=0 LDT
TR =0000 00000000 0000ffff 00008b00 DPL=0 TSS32-busy
GDT=     c0105000 00000017
IDT=     c010a020 000007ff
CR0=80000011 CR2=00000000 CR3=00106000 CR4=00000000
DR0=00000000 DR1=00000000 DR2=00000000 DR3=00000000 
DR6=ffff0ff0 DR7=00000400
CCS=0000000c CCD=c0109f24 CCO=SUBL
EFER=0000000000000000
Servicing hardware INT=0x20
   178: v=20 e=0000 i=0 cpl=0 IP=0008:c01022b1 pc=c01022b1 SP=0010:c0109f1c env->regs[R_EAX]=00000360
EAX=00000360 EBX=00400000 ECX=00000000 EDX=000003fd
ESI=00000000 EDI=00108000 EBP=c0109f48 ESP=c0109f1c
EIP=c01022b1 EFL=00000296 [--S-AP-] CPL=0 II=0 A20=1 SMM=0 HLT=0
ES =0010 00000000 ffffffff 00cf9300 DPL=0 DS   [-WA]
CS =0008 00000000 ffffffff 00cf9a00 DPL=0 CS32 [-R-]
SS =0010 00000000 ffffffff 00cf9300 DPL=0 DS   [-WA]
DS =0010 00000000 ffffffff 00cf9300 DPL=0 DS   [-WA]
FS =0010 00000000 ffffffff 00cf9300 DPL=0 DS   [-WA]
GS =0010 00000000 ffffffff 00cf9300 DPL=0 DS   [-WA]
LDT=0000 00000000 0000ffff 00008200 DPL=0 LDT
TR =0000 00000000 0000ffff 00008b00 DPL=0 TSS32-busy
GDT=     c0105000 00000017
IDT=     c010a020 000007ff
CR0=80000011 CR2=00000000 CR3=00106000 CR4=00000000
DR0=00000000 DR1=00000000 DR2=00000000 DR3=00000000 
DR6=ffff0ff0 DR7=00000400
CCS=00000094 CCD=c0109f24 CCO=EFLAGS
EFER=0000000000000000
Servicing hardware INT=0x21
   179: v=21 e=0000 i=0 cpl=0 IP=0008:c01022b1 pc=c01022b1 SP=0010:c0109f1c env->regs[R_EAX]=00000360
EAX=00000360 EBX=00400000 ECX=00000000 EDX=000003fd
ESI=00000000 EDI=00108000 EBP=c0109f48 ESP=c0109f1c
EIP=c01022b1 EFL=00000296 [--S-AP-] CPL=0 II=0 A20=1 SMM=0 HLT=0
ES =0010 00000000 ffffffff 00cf9300 DPL=0 DS   [-WA]
CS =0008 00000000 ffffffff 00cf9a00 DPL=0 CS32 [-R-]
SS =0010 00000000 ffffffff 00cf9300 DPL=0 DS   [-WA]
DS =0010 00000000 ffffffff 00cf9300 DPL=0 DS   [-WA]
FS =0010 00000000 ffffffff 00cf9300 DPL=0 DS   [-WA]
GS =0010 00000000 ffffffff 00cf9300 DPL=0 DS   [-WA]
LDT=0000 00000000 0000ffff 00008200 DPL=0 LDT
TR =0000 00000000 0000ffff 00008b00 DPL=0 TSS32-busy
GDT=     c0105000 00000017
IDT=     c010a020 000007ff
CR0=80000011 CR2=00000000 CR3=00106000 CR4=00000000
DR0=00000000 DR1=00000000 DR2=00000000 DR3=00000000 
DR6=ffff0ff0 DR7=00000400
CCS=0000000c CCD=c0109f24 CCO=SUBL
EFER=0000000000000000
Servicing hardware INT=0x20
   180: v=20 e=0000 i=0 cpl=0 IP=0008:c01022aa pc=c01022aa SP=0010:c0109f4c env->regs[R_EAX]=00000372
EAX=00000372 EBX=00400000 ECX=00000000 EDX=000003f8
ESI=00000000 EDI=00108000 EBP=c0109f78 ESP=c0109f4c
EIP=c01022aa EFL=00000292 [--S-A--] CPL=0 II=0 A20=1 SMM=0 HLT=0
ES =0010 00000000 ffffffff 00cf9300 DPL=0 DS   [-WA]
CS =0008 00000000 ffffffff 00cf9a00 DPL=0 CS32 [-R-]
SS =0010 00000000 ffffffff 00cf9300 DPL=0 DS   [-WA]
DS =0010 00000000 ffffffff 00cf9300 DPL=0 DS   [-WA]
FS =0010 00000000 ffffffff 00cf9300 DPL=0 DS   [-WA]
GS =0010 00000000 ffffffff 00cf9300 DPL=0 DS   [-WA]
LDT=0000 00000000 0000ffff 00008200 DPL=0 LDT
TR =0000 00000000 0000ffff 00008b00 DPL=0 TSS32-busy
GDT=     c0105000 00000017
IDT=     c010a020 000007ff
CR0=80000011 CR2=00000000 CR3=00106000 CR4=00000000
DR0=00000000 DR1=00000000 DR2=00000000 DR3=00000000 
DR6=ffff0ff0 DR7=00000400
CCS=00000090 CCD=c0109f58 CCO=EFLAGS
EFER=0000000000000000
Servicing hardware INT=0x21
   181: v=21 e=0000 i=0 cpl=0 IP=0008:c01022b1 pc=c01022b1 SP=0010:c0109f1c env->regs[R_EAX]=00000360
EAX=00000360 EBX=00400000 ECX=00000000 EDX=000003fd
ESI=00000000 EDI=00108000 EBP=c0109f48 ESP=c0109f1c
EIP=c01022b1 EFL=00000296 [--S-AP-] CPL=0 II=0 A20=1 SMM=0 HLT=0
ES =0010 00000000 ffffffff 00cf9300 DPL=0 DS   [-WA]
CS =0008 00000000 ffffffff 00cf9a00 DPL=0 CS32 [-R-]
SS =0010 00000000 ffffffff 00cf9300 DPL=0 DS   [-WA]
DS =0010 00000000 ffffffff 00cf9300 DPL=0 DS   [-WA]
FS =0010 00000000 ffffffff 00cf9300 DPL=0 DS   [-WA]
GS =0010 00000000 ffffffff 00cf9300 DPL=0 DS   [-WA]
LDT=0000 00000000 0000ffff 00008200 DPL=0 LDT
TR =0000 00000000 0000ffff 00008b00 DPL=0 TSS32-busy
GDT=     c0105000 00000017
IDT=     c010a020 000007ff
CR0=80000011 CR2=00000000 CR3=00106000 CR4=00000000
DR0=00000000 DR1=00000000 DR2=00000000 DR3=00000000 
DR6=ffff0ff0 DR7=00000400
CCS=0000000c CCD=c0109f24 CCO=SUBL
EFER=0000000000000000
Servicing hardware INT=0x21
   182: v=21 e=0000 i=0 cpl=0 IP=0008:c01022b1 pc=c01022b1 SP=0010:c0109f1c env->regs[R_EAX]=00000360
EAX=00000360 EBX=00400000 ECX=00000000 EDX=000003fd
ESI=00000000 EDI=00108000 EBP=c0109f48 ESP=c0109f1c
EIP=c01022b1 EFL=00000296 [--S-AP-] CPL=0 II=0 A20=1 SMM=0 HLT=0
ES =0010 00000000 ffffffff 00cf9300 DPL=0 DS   [-WA]
CS =0008 00000000 ffffffff 00cf9a00 DPL=0 CS32 [-R-]
SS =0010 00000000 ffffffff 00cf9300 DPL=0 DS   [-WA]
DS =0010 00000000 ffffffff 00cf9300 DPL=0 DS   [-WA]
FS =0010 00000000 ffffffff 00cf9300 DPL=0 DS   [-WA]
GS =0010 00000000 ffffffff 00cf9300 DPL=0 DS   [-WA]
LDT=0000 00000000 0000ffff 00008200 DPL=0 LDT
TR =0000 00000000 0000ffff 00008b00 DPL=0 TSS32-busy
GDT=     c0105000 00000017
IDT=     c010a020 000007ff
CR0=80000011 CR2=00000000 CR3=00106000 CR4=00000000
DR0=00000000 DR1=00000000 DR2=00000000 DR3=00000000 
DR6=ffff0ff0 DR7=00000400
CCS=0000000c CCD=c0109f24 CCO=SUBL
EFER=0000000000000000
Servicing hardware INT=0x20
   183: v=20 e=0000 i=0 cpl=0 IP=0008:c01022b1 pc=c01022b1 SP=0010:c0109f1c env->regs[R_EAX]=00000360
EAX=00000360 EBX=00400000 ECX=00000000 EDX=000003fd
ESI=00000000 EDI=00108000 EBP=c0109f48 ESP=c0109f1c
EIP=c01022b1 EFL=00000296 [--S-AP-] CPL=0 II=0 A20=1 SMM=0 HLT=0
ES =0010 00000000 ffffffff 00cf9300 DPL=0 DS   [-WA]
CS =0008 00000000 ffffffff 00cf9a00 DPL=0 CS32 [-R-]
SS =0010 00000000 ffffffff 00cf9300 DPL=0 DS   [-WA]
DS =0010 00000000 ffffffff 00cf9300 DPL=0 DS   [-WA]
FS =0010 00000000 ffffffff 00cf9300 DPL=0 DS   [-WA]
GS =0010 00000000 ffffffff 00cf9300 DPL=0 DS   [-WA]
LDT=0000 00000000 0000ffff 00008200 DPL=0 LDT
TR =0000 00000000 0000ffff 00008b00 DPL=0 TSS32-busy
GDT=     c0105000 00000017
IDT=     c010a020 000007ff
CR0=80000011 CR2=00000000 CR3=00106000 CR4=00000000
DR0=00000000 DR1=00000000 DR2=00000000 DR3=00000000 
DR6=ffff0ff0 DR7=00000400
CCS=00000094 CCD=c0109f24 CCO=EFLAGS
EFER=0000000000000000
Servicing hardware INT=0x21
   184: v=21 e=0000 i=0 cpl=0 IP=0008:c01022b1 pc=c01022b1 SP=0010:c0109f1c env->regs[R_EAX]=00000360
EAX=00000360 EBX=00400000 ECX=00000000 EDX=000003fd
ESI=00000000 EDI=00108000 EBP=c0109f48 ESP=c0109f1c
EIP=c01022b1 EFL=00000296 [--S-AP-] CPL=0 II=0 A20=1 SMM=0 HLT=0
ES =0010 00000000 ffffffff 00cf9300 DPL=0 DS   [-WA]
CS =0008 00000000 ffffffff 00cf9a00 DPL=0 CS32 [-R-]
SS =0010 00000000 ffffffff 00cf9300 DPL=0 DS   [-WA]
DS =0010 00000000 ffffffff 00cf9300 DPL=0 DS   [-WA]
FS =0010 00000000 ffffffff 00cf9300 DPL=0 DS   [-WA]
GS =0010 00000000 ffffffff 00cf9300 DPL=0 DS   [-WA]
LDT=0000 00000000 0000ffff 00008200 DPL=0 LDT
TR =0000 00000000 0000ffff 00008b00 DPL=0 TSS32-busy
GDT=     c0105000 00000017
IDT=     c010a020 000007ff
CR0=80000011 CR2=00000000 CR3=00106000 CR4=00000000
DR0=00000000 DR1=00000000 DR2=00000000 DR3=00000000 
DR6=ffff0ff0 DR7=00000400
CCS=0000000c CCD=c0109f24 CCO=SUBL
EFER=0000000000000000
Servicing hardware INT=0x20
   185: v=20 e=0000 i=0 cpl=0 IP=0008:c01022aa pc=c01022aa SP=0010:c0109f4c env->regs[R_EAX]=0000036b
EAX=0000036b EBX=00400000 ECX=00000000 EDX=000003f8
ESI=00000000 EDI=00108000 EBP=c0109f78 ESP=c0109f4c
EIP=c01022aa EFL=00000292 [--S-A--] CPL=0 II=0 A20=1 SMM=0 HLT=0
ES =0010 00000000 ffffffff 00cf9300 DPL=0 DS   [-WA]
CS =0008 00000000 ffffffff 00cf9a00 DPL=0 CS32 [-R-]
SS =0010 00000000 ffffffff 00cf9300 DPL=0 DS   [-WA]
DS =0010 00000000 ffffffff 00cf9300 DPL=0 DS   [-WA]
FS =0010 00000000 ffffffff 00cf9300 DPL=0 DS   [-WA]
GS =0010 00000000 ffffffff 00cf9300 DPL=0 DS   [-WA]
LDT=0000 00000000 0000ffff 00008200 DPL=0 LDT
TR =0000 00000000 0000ffff 00008b00 DPL=0 TSS32-busy
GDT=     c0105000 00000017
IDT=     c010a020 000007ff
CR0=80000011 CR2=00000000 CR3=00106000 CR4=00000000
DR0=00000000 DR1=00000000 DR2=00000000 DR3=00000000 
DR6=ffff0ff0 DR7=00000400
CCS=00000090 CCD=c0109f58 CCO=EFLAGS
EFER=0000000000000000
Servicing hardware INT=0x21
   186: v=21 e=0000 i=0 cpl=0 IP=0008:c01022b1 pc=c01022b1 SP=0010:c0109f1c env->regs[R_EAX]=00000360
EAX=00000360 EBX=00400000 ECX=00000000 EDX=000003fd
ESI=00000000 EDI=00108000 EBP=c0109f48 ESP=c0109f1c
EIP=c01022b1 EFL=00000296 [--S-AP-] CPL=0 II=0 A20=1 SMM=0 HLT=0
ES =0010 00000000 ffffffff 00cf9300 DPL=0 DS   [-WA]
CS =0008 00000000 ffffffff 00cf9a00 DPL=0 CS32 [-R-]
SS =0010 00000000 ffffffff 00cf9300 DPL=0 DS   [-WA]
DS =0010 00000000 ffffffff 00cf9300 DPL=0 DS   [-WA]
FS =0010 00000000 ffffffff 00cf9300 DPL=0 DS   [-WA]
GS =0010 00000000 ffffffff 00cf9300 DPL=0 DS   [-WA]
LDT=0000 00000000 0000ffff 00008200 DPL=0 LDT
TR =0000 00000000 0000ffff 00008b00 DPL=0 TSS32-busy
GDT=     c0105000 00000017
IDT=     c010a020 000007ff
CR0=80000011 CR2=00000000 CR3=00106000 CR4=00000000
DR0=00000000 DR1=00000000 DR2=00000000 DR3=00000000 
DR6=ffff0ff0 DR7=00000400
CCS=0000000c CCD=c0109f24 CCO=SUBL
EFER=0000000000000000
Servicing hardware INT=0x20
   187: v=20 e=0000 i=0 cpl=0 IP=0008:c01022aa pc=c01022aa SP=0010:c0109f4c env->regs[R_EAX]=00000365
EAX=00000365 EBX=00400000 ECX=00000000 EDX=000003f8
ESI=00000000 EDI=00108000 EBP=c0109f78 ESP=c0109f4c
EIP=c01022aa EFL=00000292 [--S-A--] CPL=0 II=0 A20=1 SMM=0 HLT=0
ES =0010 00000000 ffffffff 00cf9300 DPL=0 DS   [-WA]
CS =0008 00000000 ffffffff 00cf9a00 DPL=0 CS32 [-R-]
SS =0010 00000000 ffffffff 00cf9300 DPL=0 DS   [-WA]
DS =0010 00000000 ffffffff 00cf9300 DPL=0 DS   [-WA]
FS =0010 00000000 ffffffff 00cf9300 DPL=0 DS   [-WA]
GS =0010 00000000 ffffffff 00cf9300 DPL=0 DS   [-WA]
LDT=0000 00000000 0000ffff 00008200 DPL=0 LDT
TR =0000 00000000 0000ffff 00008b00 DPL=0 TSS32-busy
GDT=     c0105000 00000017
IDT=     c010a020 000007ff
CR0=80000011 CR2=00000000 CR3=00106000 CR4=00000000
DR0=00000000 DR1=00000000 DR2=00000000 DR3=00000000 
DR6=ffff0ff0 DR7=00000400
CCS=00000090 CCD=c0109f58 CCO=EFLAGS
EFER=0000000000000000
Servicing hardware INT=0x21
   188: v=21 e=0000 i=0 cpl=0 IP=0008:c01022b1 pc=c01022b1 SP=0010:c0109f1c env->regs[R_EAX]=00000360
EAX=00000360 EBX=00400000 ECX=00000000 EDX=000003fd
ESI=00000000 EDI=00108000 EBP=c0109f48 ESP=c0109f1c
EIP=c01022b1 EFL=00000296 [--S-AP-] CPL=0 II=0 A20=1 SMM=0 HLT=0
ES =0010 00000000 ffffffff 00cf9300 DPL=0 DS   [-WA]
CS =0008 00000000 ffffffff 00cf9a00 DPL=0 CS32 [-R-]
SS =0010 00000000 ffffffff 00cf9300 DPL=0 DS   [-WA]
DS =0010 00000000 ffffffff 00cf9300 DPL=0 DS   [-WA]
FS =0010 00000000 ffffffff 00cf9300 DPL=0 DS   [-WA]
GS =0010 00000000 ffffffff 00cf9300 DPL=0 DS   [-WA]
LDT=0000 00000000 0000ffff 00008200 DPL=0 LDT
TR =0000 00000000 0000ffff 00008b00 DPL=0 TSS32-busy
GDT=     c0105000 00000017
IDT=     c010a020 000007ff
CR0=80000011 CR2=00000000 CR3=00106000 CR4=00000000
DR0=00000000 DR1=00000000 DR2=00000000 DR3=00000000 
DR6=ffff0ff0 DR7=00000400
CCS=0000000c CCD=c0109f24 CCO=SUBL
EFER=0000000000000000
Servicing hardware INT=0x21
   189: v=21 e=0000 i=0 cpl=0 IP=0008:c01022aa pc=c01022aa SP=0010:c0109f4c env->regs[R_EAX]=00000372
EAX=00000372 EBX=00400000 ECX=00000000 EDX=000003f8
ESI=00000000 EDI=00108000 EBP=c0109f78 ESP=c0109f4c
EIP=c01022aa EFL=00000292 [--S-A--] CPL=0 II=0 A20=1 SMM=0 HLT=0
ES =0010 00000000 ffffffff 00cf9300 DPL=0 DS   [-WA]
CS =0008 00000000 ffffffff 00cf9a00 DPL=0 CS32 [-R-]
SS =0010 00000000 ffffffff 00cf9300 DPL=0 DS   [-WA]
DS =0010 00000000 ffffffff 00cf9300 DPL=0 DS   [-WA]
FS =0010 00000000 ffffffff 00cf9300 DPL=0 DS   [-WA]
GS =0010 00000000 ffffffff 00cf9300 DPL=0 DS   [-WA]
LDT=0000 00000000 0000ffff 00008200 DPL=0 LDT
TR =0000 00000000 0000ffff 00008b00 DPL=0 TSS32-busy
GDT=     c0105000 00000017
IDT=     c010a020 000007ff
CR0=80000011 CR2=00000000 CR3=00106000 CR4=00000000
DR0=00000000 DR1=00000000 DR2=00000000 DR3=00000000 
DR6=ffff0ff0 DR7=00000400
CCS=00000008 CCD=c0109f58 CCO=SUBL
EFER=0000000000000000
Servicing hardware INT=0x20
   190: v=20 e=0000 i=0 cpl=0 IP=0008:c01022b1 pc=c01022b1 SP=0010:c0109f1c env->regs[R_EAX]=00000360
EAX=00000360 EBX=00400000 ECX=00000000 EDX=000003fd
ESI=00000000 EDI=00108000 EBP=c0109f48 ESP=c0109f1c
EIP=c01022b1 EFL=00000296 [--S-AP-] CPL=0 II=0 A20=1 SMM=0 HLT=0
ES =0010 00000000 ffffffff 00cf9300 DPL=0 DS   [-WA]
CS =0008 00000000 ffffffff 00cf9a00 DPL=0 CS32 [-R-]
SS =0010 00000000 ffffffff 00cf9300 DPL=0 DS   [-WA]
DS =0010 00000000 ffffffff 00cf9300 DPL=0 DS   [-WA]
FS =0010 00000000 ffffffff 00cf9300 DPL=0 DS   [-WA]
GS =0010 00000000 ffffffff 00cf9300 DPL=0 DS   [-WA]
LDT=0000 00000000 0000ffff 00008200 DPL=0 LDT
TR =0000 00000000 0000ffff 00008b00 DPL=0 TSS32-busy
GDT=     c0105000 00000017
IDT=     c010a020 000007ff
CR0=80000011 CR2=00000000 CR3=00106000 CR4=00000000
DR0=00000000 DR1=00000000 DR2=00000000 DR3=00000000 
DR6=ffff0ff0 DR7=00000400
CCS=00000094 CCD=c0109f24 CCO=EFLAGS
EFER=0000000000000000
Servicing hardware INT=0x21
   191: v=21 e=0000 i=0 cpl=0 IP=0008:c01022b1 pc=c01022b1 SP=0010:c0109f1c env->regs[R_EAX]=00000360
EAX=00000360 EBX=00400000 ECX=00000000 EDX=000003fd
ESI=00000000 EDI=00108000 EBP=c0109f48 ESP=c0109f1c
EIP=c01022b1 EFL=00000296 [--S-AP-] CPL=0 II=0 A20=1 SMM=0 HLT=0
ES =0010 00000000 ffffffff 00cf9300 DPL=0 DS   [-WA]
CS =0008 00000000 ffffffff 00cf9a00 DPL=0 CS32 [-R-]
SS =0010 00000000 ffffffff 00cf9300 DPL=0 DS   [-WA]
DS =0010 00000000 ffffffff 00cf9300 DPL=0 DS   [-WA]
FS =0010 00000000 ffffffff 00cf9300 DPL=0 DS   [-WA]
GS =0010 00000000 ffffffff 00cf9300 DPL=0 DS   [-WA]
LDT=0000 00000000 0000ffff 00008200 DPL=0 LDT
TR =0000 00000000 0000ffff 00008b00 DPL=0 TSS32-busy
GDT=     c0105000 00000017
IDT=     c010a020 000007ff
CR0=80000011 CR2=00000000 CR3=00106000 CR4=00000000
DR0=00000000 DR1=00000000 DR2=00000000 DR3=00000000 
DR6=ffff0ff0 DR7=00000400
CCS=0000000c CCD=c0109f24 CCO=SUBL
EFER=0000000000000000
Servicing hardware INT=0x21
   192: v=21 e=0000 i=0 cpl=0 IP=0008:c01022b1 pc=c01022b1 SP=0010:c0109f1c env->regs[R_EAX]=00000360
EAX=00000360 EBX=00400000 ECX=00000000 EDX=000003fd
ESI=00000000 EDI=00108000 EBP=c0109f48 ESP=c0109f1c
EIP=c01022b1 EFL=00000296 [--S-AP-] CPL=0 II=0 A20=1 SMM=0 HLT=0
ES =0010 00000000 ffffffff 00cf9300 DPL=0 DS   [-WA]
CS =0008 00000000 ffffffff 00cf9a00 DPL=0 CS32 [-R-]
SS =0010 00000000 ffffffff 00cf9300 DPL=0 DS   [-WA]
DS =0010 00000000 ffffffff 00cf9300 DPL=0 DS   [-WA]
FS =0010 00000000 ffffffff 00cf9300 DPL=0 DS   [-WA]
GS =0010 00000000 ffffffff 00cf9300 DPL=0 DS   [-WA]
LDT=0000 00000000 0000ffff 00008200 DPL=0 LDT
TR =0000 00000000 0000ffff 00008b00 DPL=0 TSS32-busy
GDT=     c0105000 00000017
IDT=     c010a020 000007ff
CR0=80000011 CR2=00000000 CR3=00106000 CR4=00000000
DR0=00000000 DR1=00000000 DR2=00000000 DR3=00000000 
DR6=ffff0ff0 DR7=00000400
CCS=0000000c CCD=c0109f24 CCO=SUBL
EFER=0000000000000000
Servicing hardware INT=0x21
   193: v=21 e=0000 i=0 cpl=0 IP=0008:c01022b1 pc=c01022b1 SP=0010:c0109f1c env->regs[R_EAX]=00000360
EAX=00000360 EBX=00400000 ECX=00000000 EDX=000003fd
ESI=00000000 EDI=00108000 EBP=c0109f48 ESP=c0109f1c
EIP=c01022b1 EFL=00000296 [--S-AP-] CPL=0 II=0 A20=1 SMM=0 HLT=0
ES =0010 00000000 ffffffff 00cf9300 DPL=0 DS   [-WA]
CS =0008 00000000 ffffffff 00cf9a00 DPL=0 CS32 [-R-]
SS =0010 00000000 ffffffff 00cf9300 DPL=0 DS   [-WA]
DS =0010 00000000 ffffffff 00cf9300 DPL=0 DS   [-WA]
FS =0010 00000000 ffffffff 00cf9300 DPL=0 DS   [-WA]
GS =0010 00000000 ffffffff 00cf9300 DPL=0 DS   [-WA]
LDT=0000 00000000 0000ffff 00008200 DPL=0 LDT
TR =0000 00000000 0000ffff 00008b00 DPL=0 TSS32-busy
GDT=     c0105000 00000017
IDT=     c010a020 000007ff
CR0=80000011 CR2=00000000 CR3=00106000 CR4=00000000
DR0=00000000 DR1=00000000 DR2=00000000 DR3=00000000 
DR6=ffff0ff0 DR7=00000400
CCS=0000000c CCD=c0109f24 CCO=SUBL
EFER=0000000000000000
Servicing hardware INT=0x20
   194: v=20 e=0000 i=0 cpl=0 IP=0008:c01022b1 pc=c01022b1 SP=0010:c0109f1c env->regs[R_EAX]=00000360
EAX=00000360 EBX=00400000 ECX=00000000 EDX=000003fd
ESI=00000000 EDI=00108000 EBP=c0109f48 ESP=c0109f1c
EIP=c01022b1 EFL=00000296 [--S-AP-] CPL=0 II=0 A20=1 SMM=0 HLT=0
ES =0010 00000000 ffffffff 00cf9300 DPL=0 DS   [-WA]
CS =0008 00000000 ffffffff 00cf9a00 DPL=0 CS32 [-R-]
SS =0010 00000000 ffffffff 00cf9300 DPL=0 DS   [-WA]
DS =0010 00000000 ffffffff 00cf9300 DPL=0 DS   [-WA]
FS =0010 00000000 ffffffff 00cf9300 DPL=0 DS   [-WA]
GS =0010 00000000 ffffffff 00cf9300 DPL=0 DS   [-WA]
LDT=0000 00000000 0000ffff 00008200 DPL=0 LDT
TR =0000 00000000 0000ffff 00008b00 DPL=0 TSS32-busy
GDT=     c0105000 00000017
IDT=     c010a020 000007ff
CR0=80000011 CR2=00000000 CR3=00106000 CR4=00000000
DR0=00000000 DR1=00000000 DR2=00000000 DR3=00000000 
DR6=ffff0ff0 DR7=00000400
CCS=00000094 CCD=c0109f24 CCO=EFLAGS
EFER=0000000000000000
Servicing hardware INT=0x21
   195: v=21 e=0000 i=0 cpl=0 IP=0008:c01022b1 pc=c01022b1 SP=0010:c0109f1c env->regs[R_EAX]=00000360
EAX=00000360 EBX=00400000 ECX=00000000 EDX=000003fd
ESI=00000000 EDI=00108000 EBP=c0109f48 ESP=c0109f1c
EIP=c01022b1 EFL=00000296 [--S-AP-] CPL=0 II=0 A20=1 SMM=0 HLT=0
ES =0010 00000000 ffffffff 00cf9300 DPL=0 DS   [-WA]
CS =0008 00000000 ffffffff 00cf9a00 DPL=0 CS32 [-R-]
SS =0010 00000000 ffffffff 00cf9300 DPL=0 DS   [-WA]
DS =0010 00000000 ffffffff 00cf9300 DPL=0 DS   [-WA]
FS =0010 00000000 ffffffff 00cf9300 DPL=0 DS   [-WA]
GS =0010 00000000 ffffffff 00cf9300 DPL=0 DS   [-WA]
LDT=0000 00000000 0000ffff 00008200 DPL=0 LDT
TR =0000 00000000 0000ffff 00008b00 DPL=0 TSS32-busy
GDT=     c0105000 00000017
IDT=     c010a020 000007ff
CR0=80000011 CR2=00000000 CR3=00106000 CR4=00000000
DR0=00000000 DR1=00000000 DR2=00000000 DR3=00000000 
DR6=ffff0ff0 DR7=00000400
CCS=0000000c CCD=c0109f24 CCO=SUBL
EFER=0000000000000000
Servicing hardware INT=0x20
   196: v=20 e=0000 i=0 cpl=0 IP=0008:c01022b1 pc=c01022b1 SP=0010:c0109f1c env->regs[R_EAX]=00000360
EAX=00000360 EBX=00400000 ECX=00000000 EDX=000003fd
ESI=00000000 EDI=00108000 EBP=c0109f48 ESP=c0109f1c
EIP=c01022b1 EFL=00000296 [--S-AP-] CPL=0 II=0 A20=1 SMM=0 HLT=0
ES =0010 00000000 ffffffff 00cf9300 DPL=0 DS   [-WA]
CS =0008 00000000 ffffffff 00cf9a00 DPL=0 CS32 [-R-]
SS =0010 00000000 ffffffff 00cf9300 DPL=0 DS   [-WA]
DS =0010 00000000 ffffffff 00cf9300 DPL=0 DS   [-WA]
FS =0010 00000000 ffffffff 00cf9300 DPL=0 DS   [-WA]
GS =0010 00000000 ffffffff 00cf9300 DPL=0 DS   [-WA]
LDT=0000 00000000 0000ffff 00008200 DPL=0 LDT
TR =0000 00000000 0000ffff 00008b00 DPL=0 TSS32-busy
GDT=     c0105000 00000017
IDT=     c010a020 000007ff
CR0=80000011 CR2=00000000 CR3=00106000 CR4=00000000
DR0=00000000 DR1=00000000 DR2=00000000 DR3=00000000 
DR6=ffff0ff0 DR7=00000400
CCS=00000094 CCD=c0109f24 CCO=EFLAGS
EFER=0000000000000000
Servicing hardware INT=0x21
   197: v=21 e=0000 i=0 cpl=0 IP=0008:c01022aa pc=c01022aa SP=0010:c0109f4c env->regs[R_EAX]=00000374
EAX=00000374 EBX=00400000 ECX=00000000 EDX=000003f8
ESI=00000000 EDI=00108000 EBP=c0109f78 ESP=c0109f4c
EIP=c01022aa EFL=00000292 [--S-A--] CPL=0 II=0 A20=1 SMM=0 HLT=0
ES =0010 00000000 ffffffff 00cf9300 DPL=0 DS   [-WA]
CS =0008 00000000 ffffffff 00cf9a00 DPL=0 CS32 [-R-]
SS =0010 00000000 ffffffff 00cf9300 DPL=0 DS   [-WA]
DS =0010 00000000 ffffffff 00cf9300 DPL=0 DS   [-WA]
FS =0010 00000000 ffffffff 00cf9300 DPL=0 DS   [-WA]
GS =0010 00000000 ffffffff 00cf9300 DPL=0 DS   [-WA]
LDT=0000 00000000 0000ffff 00008200 DPL=0 LDT
TR =0000 00000000 0000ffff 00008b00 DPL=0 TSS32-busy
GDT=     c0105000 00000017
IDT=     c010a020 000007ff
CR0=80000011 CR2=00000000 CR3=00106000 CR4=00000000
DR0=00000000 DR1=00000000 DR2=00000000 DR3=00000000 
DR6=ffff0ff0 DR7=00000400
CCS=00000008 CCD=c0109f58 CCO=SUBL
EFER=0000000000000000
Servicing hardware INT=0x20
   198: v=20 e=0000 i=0 cpl=0 IP=0008:c01022b1 pc=c01022b1 SP=0010:c0109f1c env->regs[R_EAX]=00000360
EAX=00000360 EBX=00400000 ECX=00000000 EDX=000003fd
ESI=00000000 EDI=00108000 EBP=c0109f48 ESP=c0109f1c
EIP=c01022b1 EFL=00000296 [--S-AP-] CPL=0 II=0 A20=1 SMM=0 HLT=0
ES =0010 00000000 ffffffff 00cf9300 DPL=0 DS   [-WA]
CS =0008 00000000 ffffffff 00cf9a00 DPL=0 CS32 [-R-]
SS =0010 00000000 ffffffff 00cf9300 DPL=0 DS   [-WA]
DS =0010 00000000 ffffffff 00cf9300 DPL=0 DS   [-WA]
FS =0010 00000000 ffffffff 00cf9300 DPL=0 DS   [-WA]
GS =0010 00000000 ffffffff 00cf9300 DPL=0 DS   [-WA]
LDT=0000 00000000 0000ffff 00008200 DPL=0 LDT
TR =0000 00000000 0000ffff 00008b00 DPL=0 TSS32-busy
GDT=     c0105000 00000017
IDT=     c010a020 000007ff
CR0=80000011 CR2=00000000 CR3=00106000 CR4=00000000
DR0=00000000 DR1=00000000 DR2=00000000 DR3=00000000 
DR6=ffff0ff0 DR7=00000400
CCS=00000094 CCD=c0109f24 CCO=EFLAGS
EFER=0000000000000000
Servicing hardware INT=0x21
   199: v=21 e=0000 i=0 cpl=0 IP=0008:c01022b1 pc=c01022b1 SP=0010:c0109f1c env->regs[R_EAX]=00000360
EAX=00000360 EBX=00400000 ECX=00000000 EDX=000003fd
ESI=00000000 EDI=00108000 EBP=c0109f48 ESP=c0109f1c
EIP=c01022b1 EFL=00000296 [--S-AP-] CPL=0 II=0 A20=1 SMM=0 HLT=0
ES =0010 00000000 ffffffff 00cf9300 DPL=0 DS   [-WA]
CS =0008 00000000 ffffffff 00cf9a00 DPL=0 CS32 [-R-]
SS =0010 00000000 ffffffff 00cf9300 DPL=0 DS   [-WA]
DS =0010 00000000 ffffffff 00cf9300 DPL=0 DS   [-WA]
FS =0010 00000000 ffffffff 00cf9300 DPL=0 DS   [-WA]
GS =0010 00000000 ffffffff 00cf9300 DPL=0 DS   [-WA]
LDT=0000 00000000 0000ffff 00008200 DPL=0 LDT
TR =0000 00000000 0000ffff 00008b00 DPL=0 TSS32-busy
GDT=     c0105000 00000017
IDT=     c010a020 000007ff
CR0=80000011 CR2=00000000 CR3=00106000 CR4=00000000
DR0=00000000 DR1=00000000 DR2=00000000 DR3=00000000 
DR6=ffff0ff0 DR7=00000400
CCS=0000000c CCD=c0109f24 CCO=SUBL
EFER=0000000000000000
Servicing hardware INT=0x20
   200: v=20 e=0000 i=0 cpl=0 IP=0008:c01022aa pc=c01022aa SP=0010:c0109f4c env->regs[R_EAX]=0000035f
EAX=0000035f EBX=00400000 ECX=00000000 EDX=000003f8
ESI=00000000 EDI=00108000 EBP=c0109f78 ESP=c0109f4c
EIP=c01022aa EFL=00000292 [--S-A--] CPL=0 II=0 A20=1 SMM=0 HLT=0
ES =0010 00000000 ffffffff 00cf9300 DPL=0 DS   [-WA]
CS =0008 00000000 ffffffff 00cf9a00 DPL=0 CS32 [-R-]
SS =0010 00000000 ffffffff 00cf9300 DPL=0 DS   [-WA]
DS =0010 00000000 ffffffff 00cf9300 DPL=0 DS   [-WA]
FS =0010 00000000 ffffffff 00cf9300 DPL=0 DS   [-WA]
GS =0010 00000000 ffffffff 00cf9300 DPL=0 DS   [-WA]
LDT=0000 00000000 0000ffff 00008200 DPL=0 LDT
TR =0000 00000000 0000ffff 00008b00 DPL=0 TSS32-busy
GDT=     c0105000 00000017
IDT=     c010a020 000007ff
CR0=80000011 CR2=00000000 CR3=00106000 CR4=00000000
DR0=00000000 DR1=00000000 DR2=00000000 DR3=00000000 
DR6=ffff0ff0 DR7=00000400
CCS=00000090 CCD=c0109f58 CCO=EFLAGS
EFER=0000000000000000
Servicing hardware INT=0x21
   201: v=21 e=0000 i=0 cpl=0 IP=0008:c01022b1 pc=c01022b1 SP=0010:c0109f1c env->regs[R_EAX]=00000360
EAX=00000360 EBX=00400000 ECX=00000000 EDX=000003fd
ESI=00000000 EDI=00108000 EBP=c0109f48 ESP=c0109f1c
EIP=c01022b1 EFL=00000296 [--S-AP-] CPL=0 II=0 A20=1 SMM=0 HLT=0
ES =0010 00000000 ffffffff 00cf9300 DPL=0 DS   [-WA]
CS =0008 00000000 ffffffff 00cf9a00 DPL=0 CS32 [-R-]
SS =0010 00000000 ffffffff 00cf9300 DPL=0 DS   [-WA]
DS =0010 00000000 ffffffff 00cf9300 DPL=0 DS   [-WA]
FS =0010 00000000 ffffffff 00cf9300 DPL=0 DS   [-WA]
GS =0010 00000000 ffffffff 00cf9300 DPL=0 DS   [-WA]
LDT=0000 00000000 0000ffff 00008200 DPL=0 LDT
TR =0000 00000000 0000ffff 00008b00 DPL=0 TSS32-busy
GDT=     c0105000 00000017
IDT=     c010a020 000007ff
CR0=80000011 CR2=00000000 CR3=00106000 CR4=00000000
DR0=00000000 DR1=00000000 DR2=00000000 DR3=00000000 
DR6=ffff0ff0 DR7=00000400
CCS=0000000c CCD=c0109f24 CCO=SUBL
EFER=0000000000000000
Servicing hardware INT=0x20
   202: v=20 e=0000 i=0 cpl=0 IP=0008:c01022b1 pc=c01022b1 SP=0010:c0109f1c env->regs[R_EAX]=00000360
EAX=00000360 EBX=00400000 ECX=00000061 EDX=000003fd
ESI=00000000 EDI=00108000 EBP=c0109f48 ESP=c0109f1c
EIP=c01022b1 EFL=00000296 [--S-AP-] CPL=0 II=0 A20=1 SMM=0 HLT=0
ES =0010 00000000 ffffffff 00cf9300 DPL=0 DS   [-WA]
CS =0008 00000000 ffffffff 00cf9a00 DPL=0 CS32 [-R-]
SS =0010 00000000 ffffffff 00cf9300 DPL=0 DS   [-WA]
DS =0010 00000000 ffffffff 00cf9300 DPL=0 DS   [-WA]
FS =0010 00000000 ffffffff 00cf9300 DPL=0 DS   [-WA]
GS =0010 00000000 ffffffff 00cf9300 DPL=0 DS   [-WA]
LDT=0000 00000000 0000ffff 00008200 DPL=0 LDT
TR =0000 00000000 0000ffff 00008b00 DPL=0 TSS32-busy
GDT=     c0105000 00000017
IDT=     c010a020 000007ff
CR0=80000011 CR2=00000000 CR3=00106000 CR4=00000000
DR0=00000000 DR1=00000000 DR2=00000000 DR3=00000000 
DR6=ffff0ff0 DR7=00000400
CCS=00000094 CCD=c0109f24 CCO=EFLAGS
EFER=0000000000000000
Servicing hardware INT=0x20
   203: v=20 e=0000 i=0 cpl=0 IP=0008:c01022aa pc=c01022aa SP=0010:c0109f4c env->regs[R_EAX]=00000362
EAX=00000362 EBX=00400000 ECX=00000061 EDX=000003f8
ESI=00000000 EDI=00108000 EBP=c0109f78 ESP=c0109f4c
EIP=c01022aa EFL=00000292 [--S-A--] CPL=0 II=0 A20=1 SMM=0 HLT=0
ES =0010 00000000 ffffffff 00cf9300 DPL=0 DS   [-WA]
CS =0008 00000000 ffffffff 00cf9a00 DPL=0 CS32 [-R-]
SS =0010 00000000 ffffffff 00cf9300 DPL=0 DS   [-WA]
DS =0010 00000000 ffffffff 00cf9300 DPL=0 DS   [-WA]
FS =0010 00000000 ffffffff 00cf9300 DPL=0 DS   [-WA]
GS =0010 00000000 ffffffff 00cf9300 DPL=0 DS   [-WA]
LDT=0000 00000000 0000ffff 00008200 DPL=0 LDT
TR =0000 00000000 0000ffff 00008b00 DPL=0 TSS32-busy
GDT=     c0105000 00000017
IDT=     c010a020 000007ff
CR0=80000011 CR2=00000000 CR3=00106000 CR4=00000000
DR0=00000000 DR1=00000000 DR2=00000000 DR3=00000000 
DR6=ffff0ff0 DR7=00000400
CCS=00000090 CCD=c0109f58 CCO=EFLAGS
EFER=0000000000000000
Servicing hardware INT=0x21
   204: v=21 e=0000 i=0 cpl=0 IP=0008:c01022b1 pc=c01022b1 SP=0010:c0109f1c env->regs[R_EAX]=00000360
EAX=00000360 EBX=00400000 ECX=00000061 EDX=000003fd
ESI=00000000 EDI=00108000 EBP=c0109f48 ESP=c0109f1c
EIP=c01022b1 EFL=00000296 [--S-AP-] CPL=0 II=0 A20=1 SMM=0 HLT=0
ES =0010 00000000 ffffffff 00cf9300 DPL=0 DS   [-WA]
CS =0008 00000000 ffffffff 00cf9a00 DPL=0 CS32 [-R-]
SS =0010 00000000 ffffffff 00cf9300 DPL=0 DS   [-WA]
DS =0010 00000000 ffffffff 00cf9300 DPL=0 DS   [-WA]
FS =0010 00000000 ffffffff 00cf9300 DPL=0 DS   [-WA]
GS =0010 00000000 ffffffff 00cf9300 DPL=0 DS   [-WA]
LDT=0000 00000000 0000ffff 00008200 DPL=0 LDT
TR =0000 00000000 0000ffff 00008b00 DPL=0 TSS32-busy
GDT=     c0105000 00000017
IDT=     c010a020 000007ff
CR0=80000011 CR2=00000000 CR3=00106000 CR4=00000000
DR0=00000000 DR1=00000000 DR2=00000000 DR3=00000000 
DR6=ffff0ff0 DR7=00000400
CCS=0000000c CCD=c0109f24 CCO=SUBL
EFER=0000000000000000
Servicing hardware INT=0x20
   205: v=20 e=0000 i=0 cpl=0 IP=0008:c01022b1 pc=c01022b1 SP=0010:c0109f1c env->regs[R_EAX]=00000360
EAX=00000360 EBX=00400000 ECX=00000061 EDX=000003fd
ESI=00000000 EDI=00108000 EBP=c0109f48 ESP=c0109f1c
EIP=c01022b1 EFL=00000296 [--S-AP-] CPL=0 II=0 A20=1 SMM=0 HLT=0
ES =0010 00000000 ffffffff 00cf9300 DPL=0 DS   [-WA]
CS =0008 00000000 ffffffff 00cf9a00 DPL=0 CS32 [-R-]
SS =0010 00000000 ffffffff 00cf9300 DPL=0 DS   [-WA]
DS =0010 00000000 ffffffff 00cf9300 DPL=0 DS   [-WA]
FS =0010 00000000 ffffffff 00cf9300 DPL=0 DS   [-WA]
GS =0010 00000000 ffffffff 00cf9300 DPL=0 DS   [-WA]
LDT=0000 00000000 0000ffff 00008200 DPL=0 LDT
TR =0000 00000000 0000ffff 00008b00 DPL=0 TSS32-busy
GDT=     c0105000 00000017
IDT=     c010a020 000007ff
CR0=80000011 CR2=00000000 CR3=00106000 CR4=00000000
DR0=00000000 DR1=00000000 DR2=00000000 DR3=00000000 
DR6=ffff0ff0 DR7=00000400
CCS=00000094 CCD=c0109f24 CCO=EFLAGS
EFER=0000000000000000
Servicing hardware INT=0x20
   206: v=20 e=0000 i=0 cpl=0 IP=0008:c01022b1 pc=c01022b1 SP=0010:c0109f1c env->regs[R_EAX]=00000360
EAX=00000360 EBX=00400000 ECX=00000061 EDX=000003fd
ESI=00000000 EDI=00108000 EBP=c0109f48 ESP=c0109f1c
EIP=c01022b1 EFL=00000296 [--S-AP-] CPL=0 II=0 A20=1 SMM=0 HLT=0
ES =0010 00000000 ffffffff 00cf9300 DPL=0 DS   [-WA]
CS =0008 00000000 ffffffff 00cf9a00 DPL=0 CS32 [-R-]
SS =0010 00000000 ffffffff 00cf9300 DPL=0 DS   [-WA]
DS =0010 00000000 ffffffff 00cf9300 DPL=0 DS   [-WA]
FS =0010 00000000 ffffffff 00cf9300 DPL=0 DS   [-WA]
GS =0010 00000000 ffffffff 00cf9300 DPL=0 DS   [-WA]
LDT=0000 00000000 0000ffff 00008200 DPL=0 LDT
TR =0000 00000000 0000ffff 00008b00 DPL=0 TSS32-busy
GDT=     c0105000 00000017
IDT=     c010a020 000007ff
CR0=80000011 CR2=00000000 CR3=00106000 CR4=00000000
DR0=00000000 DR1=00000000 DR2=00000000 DR3=00000000 
DR6=ffff0ff0 DR7=00000400
CCS=00000094 CCD=c0109f24 CCO=EFLAGS
EFER=0000000000000000
Servicing hardware INT=0x21
   207: v=21 e=0000 i=0 cpl=0 IP=0008:c01022aa pc=c01022aa SP=0010:c0109f4c env->regs[R_EAX]=0000035f
EAX=0000035f EBX=00400000 ECX=00000061 EDX=000003f8
ESI=00000000 EDI=00108000 EBP=c0109f78 ESP=c0109f4c
EIP=c01022aa EFL=00000292 [--S-A--] CPL=0 II=0 A20=1 SMM=0 HLT=0
ES =0010 00000000 ffffffff 00cf9300 DPL=0 DS   [-WA]
CS =0008 00000000 ffffffff 00cf9a00 DPL=0 CS32 [-R-]
SS =0010 00000000 ffffffff 00cf9300 DPL=0 DS   [-WA]
DS =0010 00000000 ffffffff 00cf9300 DPL=0 DS   [-WA]
FS =0010 00000000 ffffffff 00cf9300 DPL=0 DS   [-WA]
GS =0010 00000000 ffffffff 00cf9300 DPL=0 DS   [-WA]
LDT=0000 00000000 0000ffff 00008200 DPL=0 LDT
TR =0000 00000000 0000ffff 00008b00 DPL=0 TSS32-busy
GDT=     c0105000 00000017
IDT=     c010a020 000007ff
CR0=80000011 CR2=00000000 CR3=00106000 CR4=00000000
DR0=00000000 DR1=00000000 DR2=00000000 DR3=00000000 
DR6=ffff0ff0 DR7=00000400
CCS=00000008 CCD=c0109f58 CCO=SUBL
EFER=0000000000000000
Servicing hardware INT=0x20
   208: v=20 e=0000 i=0 cpl=0 IP=0008:c01022b1 pc=c01022b1 SP=0010:c0109f1c env->regs[R_EAX]=00000360
EAX=00000360 EBX=00400000 ECX=00000000 EDX=000003fd
ESI=00000000 EDI=00108000 EBP=c0109f48 ESP=c0109f1c
EIP=c01022b1 EFL=00000296 [--S-AP-] CPL=0 II=0 A20=1 SMM=0 HLT=0
ES =0010 00000000 ffffffff 00cf9300 DPL=0 DS   [-WA]
CS =0008 00000000 ffffffff 00cf9a00 DPL=0 CS32 [-R-]
SS =0010 00000000 ffffffff 00cf9300 DPL=0 DS   [-WA]
DS =0010 00000000 ffffffff 00cf9300 DPL=0 DS   [-WA]
FS =0010 00000000 ffffffff 00cf9300 DPL=0 DS   [-WA]
GS =0010 00000000 ffffffff 00cf9300 DPL=0 DS   [-WA]
LDT=0000 00000000 0000ffff 00008200 DPL=0 LDT
TR =0000 00000000 0000ffff 00008b00 DPL=0 TSS32-busy
GDT=     c0105000 00000017
IDT=     c010a020 000007ff
CR0=80000011 CR2=00000000 CR3=00106000 CR4=00000000
DR0=00000000 DR1=00000000 DR2=00000000 DR3=00000000 
DR6=ffff0ff0 DR7=00000400
CCS=00000094 CCD=c0109f24 CCO=EFLAGS
EFER=0000000000000000
Servicing hardware INT=0x21
   209: v=21 e=0000 i=0 cpl=0 IP=0008:c01022b1 pc=c01022b1 SP=0010:c0109f1c env->regs[R_EAX]=00000360
EAX=00000360 EBX=00400000 ECX=00000000 EDX=000003fd
ESI=00000000 EDI=00108000 EBP=c0109f48 ESP=c0109f1c
EIP=c01022b1 EFL=00000296 [--S-AP-] CPL=0 II=0 A20=1 SMM=0 HLT=0
ES =0010 00000000 ffffffff 00cf9300 DPL=0 DS   [-WA]
CS =0008 00000000 ffffffff 00cf9a00 DPL=0 CS32 [-R-]
SS =0010 00000000 ffffffff 00cf9300 DPL=0 DS   [-WA]
DS =0010 00000000 ffffffff 00cf9300 DPL=0 DS   [-WA]
FS =0010 00000000 ffffffff 00cf9300 DPL=0 DS   [-WA]
GS =0010 00000000 ffffffff 00cf9300 DPL=0 DS   [-WA]
LDT=0000 00000000 0000ffff 00008200 DPL=0 LDT
TR =0000 00000000 0000ffff 00008b00 DPL=0 TSS32-busy
GDT=     c0105000 00000017
IDT=     c010a020 000007ff
CR0=80000011 CR2=00000000 CR3=00106000 CR4=00000000
DR0=00000000 DR1=00000000 DR2=00000000 DR3=00000000 
DR6=ffff0ff0 DR7=00000400
CCS=0000000c CCD=c0109f24 CCO=SUBL
EFER=0000000000000000
Servicing hardware INT=0x20
   210: v=20 e=0000 i=0 cpl=0 IP=0008:c01022b1 pc=c01022b1 SP=0010:c0109f1c env->regs[R_EAX]=00000360
EAX=00000360 EBX=00400000 ECX=00000000 EDX=000003fd
ESI=00000000 EDI=00108000 EBP=c0109f48 ESP=c0109f1c
EIP=c01022b1 EFL=00000296 [--S-AP-] CPL=0 II=0 A20=1 SMM=0 HLT=0
ES =0010 00000000 ffffffff 00cf9300 DPL=0 DS   [-WA]
CS =0008 00000000 ffffffff 00cf9a00 DPL=0 CS32 [-R-]
SS =0010 00000000 ffffffff 00cf9300 DPL=0 DS   [-WA]
DS =0010 00000000 ffffffff 00cf9300 DPL=0 DS   [-WA]
FS =0010 00000000 ffffffff 00cf9300 DPL=0 DS   [-WA]
GS =0010 00000000 ffffffff 00cf9300 DPL=0 DS   [-WA]
LDT=0000 00000000 0000ffff 00008200 DPL=0 LDT
TR =0000 00000000 0000ffff 00008b00 DPL=0 TSS32-busy
GDT=     c0105000 00000017
IDT=     c010a020 000007ff
CR0=80000011 CR2=00000000 CR3=00106000 CR4=00000000
DR0=00000000 DR1=00000000 DR2=00000000 DR3=00000000 
DR6=ffff0ff0 DR7=00000400
CCS=00000094 CCD=c0109f24 CCO=EFLAGS
EFER=0000000000000000
Servicing hardware INT=0x21
   211: v=21 e=0000 i=0 cpl=0 IP=0008:c01022b1 pc=c01022b1 SP=0010:c0109f1c env->regs[R_EAX]=00000360
EAX=00000360 EBX=00400000 ECX=00000000 EDX=000003fd
ESI=00000000 EDI=00108000 EBP=c0109f48 ESP=c0109f1c
EIP=c01022b1 EFL=00000296 [--S-AP-] CPL=0 II=0 A20=1 SMM=0 HLT=0
ES =0010 00000000 ffffffff 00cf9300 DPL=0 DS   [-WA]
CS =0008 00000000 ffffffff 00cf9a00 DPL=0 CS32 [-R-]
SS =0010 00000000 ffffffff 00cf9300 DPL=0 DS   [-WA]
DS =0010 00000000 ffffffff 00cf9300 DPL=0 DS   [-WA]
FS =0010 00000000 ffffffff 00cf9300 DPL=0 DS   [-WA]
GS =0010 00000000 ffffffff 00cf9300 DPL=0 DS   [-WA]
LDT=0000 00000000 0000ffff 00008200 DPL=0 LDT
TR =0000 00000000 0000ffff 00008b00 DPL=0 TSS32-busy
GDT=     c0105000 00000017
IDT=     c010a020 000007ff
CR0=80000011 CR2=00000000 CR3=00106000 CR4=00000000
DR0=00000000 DR1=00000000 DR2=00000000 DR3=00000000 
DR6=ffff0ff0 DR7=00000400
CCS=0000000c CCD=c0109f24 CCO=SUBL
EFER=0000000000000000
Servicing hardware INT=0x21
   212: v=21 e=0000 i=0 cpl=0 IP=0008:c01022b1 pc=c01022b1 SP=0010:c0109f1c env->regs[R_EAX]=00000360
EAX=00000360 EBX=00400000 ECX=00000000 EDX=000003fd
ESI=00000000 EDI=00108000 EBP=c0109f48 ESP=c0109f1c
EIP=c01022b1 EFL=00000296 [--S-AP-] CPL=0 II=0 A20=1 SMM=0 HLT=0
ES =0010 00000000 ffffffff 00cf9300 DPL=0 DS   [-WA]
CS =0008 00000000 ffffffff 00cf9a00 DPL=0 CS32 [-R-]
SS =0010 00000000 ffffffff 00cf9300 DPL=0 DS   [-WA]
DS =0010 00000000 ffffffff 00cf9300 DPL=0 DS   [-WA]
FS =0010 00000000 ffffffff 00cf9300 DPL=0 DS   [-WA]
GS =0010 00000000 ffffffff 00cf9300 DPL=0 DS   [-WA]
LDT=0000 00000000 0000ffff 00008200 DPL=0 LDT
TR =0000 00000000 0000ffff 00008b00 DPL=0 TSS32-busy
GDT=     c0105000 00000017
IDT=     c010a020 000007ff
CR0=80000011 CR2=00000000 CR3=00106000 CR4=00000000
DR0=00000000 DR1=00000000 DR2=00000000 DR3=00000000 
DR6=ffff0ff0 DR7=00000400
CCS=0000000c CCD=c0109f24 CCO=SUBL
EFER=0000000000000000
Servicing hardware INT=0x21
   213: v=21 e=0000 i=0 cpl=0 IP=0008:c01022b1 pc=c01022b1 SP=0010:c0109f1c env->regs[R_EAX]=00000360
EAX=00000360 EBX=00400000 ECX=00000000 EDX=000003fd
ESI=00000000 EDI=00108000 EBP=c0109f48 ESP=c0109f1c
EIP=c01022b1 EFL=00000296 [--S-AP-] CPL=0 II=0 A20=1 SMM=0 HLT=0
ES =0010 00000000 ffffffff 00cf9300 DPL=0 DS   [-WA]
CS =0008 00000000 ffffffff 00cf9a00 DPL=0 CS32 [-R-]
SS =0010 00000000 ffffffff 00cf9300 DPL=0 DS   [-WA]
DS =0010 00000000 ffffffff 00cf9300 DPL=0 DS   [-WA]
FS =0010 00000000 ffffffff 00cf9300 DPL=0 DS   [-WA]
GS =0010 00000000 ffffffff 00cf9300 DPL=0 DS   [-WA]
LDT=0000 00000000 0000ffff 00008200 DPL=0 LDT
TR =0000 00000000 0000ffff 00008b00 DPL=0 TSS32-busy
GDT=     c0105000 00000017
IDT=     c010a020 000007ff
CR0=80000011 CR2=00000000 CR3=00106000 CR4=00000000
DR0=00000000 DR1=00000000 DR2=00000000 DR3=00000000 
DR6=ffff0ff0 DR7=00000400
CCS=0000000c CCD=c0109f24 CCO=SUBL
EFER=0000000000000000
Servicing hardware INT=0x20
   214: v=20 e=0000 i=0 cpl=0 IP=0008:c01022b1 pc=c01022b1 SP=0010:c0109f1c env->regs[R_EAX]=00000360
EAX=00000360 EBX=00400000 ECX=00000000 EDX=000003fd
ESI=00000000 EDI=00108000 EBP=c0109f48 ESP=c0109f1c
EIP=c01022b1 EFL=00000296 [--S-AP-] CPL=0 II=0 A20=1 SMM=0 HLT=0
ES =0010 00000000 ffffffff 00cf9300 DPL=0 DS   [-WA]
CS =0008 00000000 ffffffff 00cf9a00 DPL=0 CS32 [-R-]
SS =0010 00000000 ffffffff 00cf9300 DPL=0 DS   [-WA]
DS =0010 00000000 ffffffff 00cf9300 DPL=0 DS   [-WA]
FS =0010 00000000 ffffffff 00cf9300 DPL=0 DS   [-WA]
GS =0010 00000000 ffffffff 00cf9300 DPL=0 DS   [-WA]
LDT=0000 00000000 0000ffff 00008200 DPL=0 LDT
TR =0000 00000000 0000ffff 00008b00 DPL=0 TSS32-busy
GDT=     c0105000 00000017
IDT=     c010a020 000007ff
CR0=80000011 CR2=00000000 CR3=00106000 CR4=00000000
DR0=00000000 DR1=00000000 DR2=00000000 DR3=00000000 
DR6=ffff0ff0 DR7=00000400
CCS=00000094 CCD=c0109f24 CCO=EFLAGS
EFER=0000000000000000
Servicing hardware INT=0x21
   215: v=21 e=0000 i=0 cpl=0 IP=0008:c01022b1 pc=c01022b1 SP=0010:c0109f1c env->regs[R_EAX]=00000360
EAX=00000360 EBX=00400000 ECX=00000000 EDX=000003fd
ESI=00000000 EDI=00108000 EBP=c0109f48 ESP=c0109f1c
EIP=c01022b1 EFL=00000296 [--S-AP-] CPL=0 II=0 A20=1 SMM=0 HLT=0
ES =0010 00000000 ffffffff 00cf9300 DPL=0 DS   [-WA]
CS =0008 00000000 ffffffff 00cf9a00 DPL=0 CS32 [-R-]
SS =0010 00000000 ffffffff 00cf9300 DPL=0 DS   [-WA]
DS =0010 00000000 ffffffff 00cf9300 DPL=0 DS   [-WA]
FS =0010 00000000 ffffffff 00cf9300 DPL=0 DS   [-WA]
GS =0010 00000000 ffffffff 00cf9300 DPL=0 DS   [-WA]
LDT=0000 00000000 0000ffff 00008200 DPL=0 LDT
TR =0000 00000000 0000ffff 00008b00 DPL=0 TSS32-busy
GDT=     c0105000 00000017
IDT=     c010a020 000007ff
CR0=80000011 CR2=00000000 CR3=00106000 CR4=00000000
DR0=00000000 DR1=00000000 DR2=00000000 DR3=00000000 
DR6=ffff0ff0 DR7=00000400
CCS=0000000c CCD=c0109f24 CCO=SUBL
EFER=0000000000000000
Servicing hardware INT=0x21
   216: v=21 e=0000 i=0 cpl=0 IP=0008:c01022b1 pc=c01022b1 SP=0010:c0109f1c env->regs[R_EAX]=00000360
EAX=00000360 EBX=00400000 ECX=00000000 EDX=000003fd
ESI=00000000 EDI=00108000 EBP=c0109f48 ESP=c0109f1c
EIP=c01022b1 EFL=00000296 [--S-AP-] CPL=0 II=0 A20=1 SMM=0 HLT=0
ES =0010 00000000 ffffffff 00cf9300 DPL=0 DS   [-WA]
CS =0008 00000000 ffffffff 00cf9a00 DPL=0 CS32 [-R-]
SS =0010 00000000 ffffffff 00cf9300 DPL=0 DS   [-WA]
DS =0010 00000000 ffffffff 00cf9300 DPL=0 DS   [-WA]
FS =0010 00000000 ffffffff 00cf9300 DPL=0 DS   [-WA]
GS =0010 00000000 ffffffff 00cf9300 DPL=0 DS   [-WA]
LDT=0000 00000000 0000ffff 00008200 DPL=0 LDT
TR =0000 00000000 0000ffff 00008b00 DPL=0 TSS32-busy
GDT=     c0105000 00000017
IDT=     c010a020 000007ff
CR0=80000011 CR2=00000000 CR3=00106000 CR4=00000000
DR0=00000000 DR1=00000000 DR2=00000000 DR3=00000000 
DR6=ffff0ff0 DR7=00000400
CCS=0000000c CCD=c0109f24 CCO=SUBL
EFER=0000000000000000
Servicing hardware INT=0x21
   217: v=21 e=0000 i=0 cpl=0 IP=0008:c01022aa pc=c01022aa SP=0010:c0109f4c env->regs[R_EAX]=0000035f
EAX=0000035f EBX=00400000 ECX=00000000 EDX=000003f8
ESI=00000000 EDI=00108000 EBP=c0109f78 ESP=c0109f4c
EIP=c01022aa EFL=00000292 [--S-A--] CPL=0 II=0 A20=1 SMM=0 HLT=0
ES =0010 00000000 ffffffff 00cf9300 DPL=0 DS   [-WA]
CS =0008 00000000 ffffffff 00cf9a00 DPL=0 CS32 [-R-]
SS =0010 00000000 ffffffff 00cf9300 DPL=0 DS   [-WA]
DS =0010 00000000 ffffffff 00cf9300 DPL=0 DS   [-WA]
FS =0010 00000000 ffffffff 00cf9300 DPL=0 DS   [-WA]
GS =0010 00000000 ffffffff 00cf9300 DPL=0 DS   [-WA]
LDT=0000 00000000 0000ffff 00008200 DPL=0 LDT
TR =0000 00000000 0000ffff 00008b00 DPL=0 TSS32-busy
GDT=     c0105000 00000017
IDT=     c010a020 000007ff
CR0=80000011 CR2=00000000 CR3=00106000 CR4=00000000
DR0=00000000 DR1=00000000 DR2=00000000 DR3=00000000 
DR6=ffff0ff0 DR7=00000400
CCS=00000008 CCD=c0109f58 CCO=SUBL
EFER=0000000000000000
Servicing hardware INT=0x20
   218: v=20 e=0000 i=0 cpl=0 IP=0008:c01022b1 pc=c01022b1 SP=0010:c0109f1c env->regs[R_EAX]=00000360
EAX=00000360 EBX=00400000 ECX=00000000 EDX=000003fd
ESI=00000000 EDI=00108000 EBP=c0109f48 ESP=c0109f1c
EIP=c01022b1 EFL=00000296 [--S-AP-] CPL=0 II=0 A20=1 SMM=0 HLT=0
ES =0010 00000000 ffffffff 00cf9300 DPL=0 DS   [-WA]
CS =0008 00000000 ffffffff 00cf9a00 DPL=0 CS32 [-R-]
SS =0010 00000000 ffffffff 00cf9300 DPL=0 DS   [-WA]
DS =0010 00000000 ffffffff 00cf9300 DPL=0 DS   [-WA]
FS =0010 00000000 ffffffff 00cf9300 DPL=0 DS   [-WA]
GS =0010 00000000 ffffffff 00cf9300 DPL=0 DS   [-WA]
LDT=0000 00000000 0000ffff 00008200 DPL=0 LDT
TR =0000 00000000 0000ffff 00008b00 DPL=0 TSS32-busy
GDT=     c0105000 00000017
IDT=     c010a020 000007ff
CR0=80000011 CR2=00000000 CR3=00106000 CR4=00000000
DR0=00000000 DR1=00000000 DR2=00000000 DR3=00000000 
DR6=ffff0ff0 DR7=00000400
CCS=00000094 CCD=c0109f24 CCO=EFLAGS
EFER=0000000000000000
Servicing hardware INT=0x20
   219: v=20 e=0000 i=0 cpl=0 IP=0008:c01022aa pc=c01022aa SP=0010:c0109f4c env->regs[R_EAX]=0000035f
EAX=0000035f EBX=00400000 ECX=00000000 EDX=000003f8
ESI=00000000 EDI=00108000 EBP=c0109f78 ESP=c0109f4c
EIP=c01022aa EFL=00000292 [--S-A--] CPL=0 II=0 A20=1 SMM=0 HLT=0
ES =0010 00000000 ffffffff 00cf9300 DPL=0 DS   [-WA]
CS =0008 00000000 ffffffff 00cf9a00 DPL=0 CS32 [-R-]
SS =0010 00000000 ffffffff 00cf9300 DPL=0 DS   [-WA]
DS =0010 00000000 ffffffff 00cf9300 DPL=0 DS   [-WA]
FS =0010 00000000 ffffffff 00cf9300 DPL=0 DS   [-WA]
GS =0010 00000000 ffffffff 00cf9300 DPL=0 DS   [-WA]
LDT=0000 00000000 0000ffff 00008200 DPL=0 LDT
TR =0000 00000000 0000ffff 00008b00 DPL=0 TSS32-busy
GDT=     c0105000 00000017
IDT=     c010a020 000007ff
CR0=80000011 CR2=00000000 CR3=00106000 CR4=00000000
DR0=00000000 DR1=00000000 DR2=00000000 DR3=00000000 
DR6=ffff0ff0 DR7=00000400
CCS=00000090 CCD=c0109f58 CCO=EFLAGS
EFER=0000000000000000
Servicing hardware INT=0x21
   220: v=21 e=0000 i=0 cpl=0 IP=0008:c01022b1 pc=c01022b1 SP=0010:c0109f1c env->regs[R_EAX]=00000360
EAX=00000360 EBX=00400000 ECX=00000000 EDX=000003fd
ESI=00000000 EDI=00108000 EBP=c0109f48 ESP=c0109f1c
EIP=c01022b1 EFL=00000296 [--S-AP-] CPL=0 II=0 A20=1 SMM=0 HLT=0
ES =0010 00000000 ffffffff 00cf9300 DPL=0 DS   [-WA]
CS =0008 00000000 ffffffff 00cf9a00 DPL=0 CS32 [-R-]
SS =0010 00000000 ffffffff 00cf9300 DPL=0 DS   [-WA]
DS =0010 00000000 ffffffff 00cf9300 DPL=0 DS   [-WA]
FS =0010 00000000 ffffffff 00cf9300 DPL=0 DS   [-WA]
GS =0010 00000000 ffffffff 00cf9300 DPL=0 DS   [-WA]
LDT=0000 00000000 0000ffff 00008200 DPL=0 LDT
TR =0000 00000000 0000ffff 00008b00 DPL=0 TSS32-busy
GDT=     c0105000 00000017
IDT=     c010a020 000007ff
CR0=80000011 CR2=00000000 CR3=00106000 CR4=00000000
DR0=00000000 DR1=00000000 DR2=00000000 DR3=00000000 
DR6=ffff0ff0 DR7=00000400
CCS=0000000c CCD=c0109f24 CCO=SUBL
EFER=0000000000000000
Servicing hardware INT=0x21
   221: v=21 e=0000 i=0 cpl=0 IP=0008:c01022b1 pc=c01022b1 SP=0010:c0109f1c env->regs[R_EAX]=00000360
EAX=00000360 EBX=00400000 ECX=00000000 EDX=000003fd
ESI=00000000 EDI=00108000 EBP=c0109f48 ESP=c0109f1c
EIP=c01022b1 EFL=00000296 [--S-AP-] CPL=0 II=0 A20=1 SMM=0 HLT=0
ES =0010 00000000 ffffffff 00cf9300 DPL=0 DS   [-WA]
CS =0008 00000000 ffffffff 00cf9a00 DPL=0 CS32 [-R-]
SS =0010 00000000 ffffffff 00cf9300 DPL=0 DS   [-WA]
DS =0010 00000000 ffffffff 00cf9300 DPL=0 DS   [-WA]
FS =0010 00000000 ffffffff 00cf9300 DPL=0 DS   [-WA]
GS =0010 00000000 ffffffff 00cf9300 DPL=0 DS   [-WA]
LDT=0000 00000000 0000ffff 00008200 DPL=0 LDT
TR =0000 00000000 0000ffff 00008b00 DPL=0 TSS32-busy
GDT=     c0105000 00000017
IDT=     c010a020 000007ff
CR0=80000011 CR2=00000000 CR3=00106000 CR4=00000000
DR0=00000000 DR1=00000000 DR2=00000000 DR3=00000000 
DR6=ffff0ff0 DR7=00000400
CCS=0000000c CCD=c0109f24 CCO=SUBL
EFER=0000000000000000
Servicing hardware INT=0x21
   222: v=21 e=0000 i=0 cpl=0 IP=0008:c01022aa pc=c01022aa SP=0010:c0109f4c env->regs[R_EAX]=0000036f
EAX=0000036f EBX=00400000 ECX=00000000 EDX=000003f8
ESI=00000000 EDI=00108000 EBP=c0109f78 ESP=c0109f4c
EIP=c01022aa EFL=00000292 [--S-A--] CPL=0 II=0 A20=1 SMM=0 HLT=0
ES =0010 00000000 ffffffff 00cf9300 DPL=0 DS   [-WA]
CS =0008 00000000 ffffffff 00cf9a00 DPL=0 CS32 [-R-]
SS =0010 00000000 ffffffff 00cf9300 DPL=0 DS   [-WA]
DS =0010 00000000 ffffffff 00cf9300 DPL=0 DS   [-WA]
FS =0010 00000000 ffffffff 00cf9300 DPL=0 DS   [-WA]
GS =0010 00000000 ffffffff 00cf9300 DPL=0 DS   [-WA]
LDT=0000 00000000 0000ffff 00008200 DPL=0 LDT
TR =0000 00000000 0000ffff 00008b00 DPL=0 TSS32-busy
GDT=     c0105000 00000017
IDT=     c010a020 000007ff
CR0=80000011 CR2=00000000 CR3=00106000 CR4=00000000
DR0=00000000 DR1=00000000 DR2=00000000 DR3=00000000 
DR6=ffff0ff0 DR7=00000400
CCS=00000008 CCD=c0109f58 CCO=SUBL
EFER=0000000000000000
Servicing hardware INT=0x20
   223: v=20 e=0000 i=0 cpl=0 IP=0008:c01022b1 pc=c01022b1 SP=0010:c0109f1c env->regs[R_EAX]=00000360
EAX=00000360 EBX=00400000 ECX=00000000 EDX=000003fd
ESI=00000000 EDI=00108000 EBP=c0109f48 ESP=c0109f1c
EIP=c01022b1 EFL=00000296 [--S-AP-] CPL=0 II=0 A20=1 SMM=0 HLT=0
ES =0010 00000000 ffffffff 00cf9300 DPL=0 DS   [-WA]
CS =0008 00000000 ffffffff 00cf9a00 DPL=0 CS32 [-R-]
SS =0010 00000000 ffffffff 00cf9300 DPL=0 DS   [-WA]
DS =0010 00000000 ffffffff 00cf9300 DPL=0 DS   [-WA]
FS =0010 00000000 ffffffff 00cf9300 DPL=0 DS   [-WA]
GS =0010 00000000 ffffffff 00cf9300 DPL=0 DS   [-WA]
LDT=0000 00000000 0000ffff 00008200 DPL=0 LDT
TR =0000 00000000 0000ffff 00008b00 DPL=0 TSS32-busy
GDT=     c0105000 00000017
IDT=     c010a020 000007ff
CR0=80000011 CR2=00000000 CR3=00106000 CR4=00000000
DR0=00000000 DR1=00000000 DR2=00000000 DR3=00000000 
DR6=ffff0ff0 DR7=00000400
CCS=00000094 CCD=c0109f24 CCO=EFLAGS
EFER=0000000000000000
Servicing hardware INT=0x21
   224: v=21 e=0000 i=0 cpl=0 IP=0008:c01022aa pc=c01022aa SP=0010:c0109f4c env->regs[R_EAX]=00000361
EAX=00000361 EBX=00400000 ECX=00000000 EDX=000003f8
ESI=00000000 EDI=00108000 EBP=c0109f78 ESP=c0109f4c
EIP=c01022aa EFL=00000292 [--S-A--] CPL=0 II=0 A20=1 SMM=0 HLT=0
ES =0010 00000000 ffffffff 00cf9300 DPL=0 DS   [-WA]
CS =0008 00000000 ffffffff 00cf9a00 DPL=0 CS32 [-R-]
SS =0010 00000000 ffffffff 00cf9300 DPL=0 DS   [-WA]
DS =0010 00000000 ffffffff 00cf9300 DPL=0 DS   [-WA]
FS =0010 00000000 ffffffff 00cf9300 DPL=0 DS   [-WA]
GS =0010 00000000 ffffffff 00cf9300 DPL=0 DS   [-WA]
LDT=0000 00000000 0000ffff 00008200 DPL=0 LDT
TR =0000 00000000 0000ffff 00008b00 DPL=0 TSS32-busy
GDT=     c0105000 00000017
IDT=     c010a020 000007ff
CR0=80000011 CR2=00000000 CR3=00106000 CR4=00000000
DR0=00000000 DR1=00000000 DR2=00000000 DR3=00000000 
DR6=ffff0ff0 DR7=00000400
CCS=00000008 CCD=c0109f58 CCO=SUBL
EFER=0000000000000000
Servicing hardware INT=0x21
   225: v=21 e=0000 i=0 cpl=0 IP=0008:c01022aa pc=c01022aa SP=0010:c0109f4c env->regs[R_EAX]=00000372
EAX=00000372 EBX=00400000 ECX=00000000 EDX=000003f8
ESI=00000000 EDI=00108000 EBP=c0109f78 ESP=c0109f4c
EIP=c01022aa EFL=00000292 [--S-A--] CPL=0 II=0 A20=1 SMM=0 HLT=0
ES =0010 00000000 ffffffff 00cf9300 DPL=0 DS   [-WA]
CS =0008 00000000 ffffffff 00cf9a00 DPL=0 CS32 [-R-]
SS =0010 00000000 ffffffff 00cf9300 DPL=0 DS   [-WA]
DS =0010 00000000 ffffffff 00cf9300 DPL=0 DS   [-WA]
FS =0010 00000000 ffffffff 00cf9300 DPL=0 DS   [-WA]
GS =0010 00000000 ffffffff 00cf9300 DPL=0 DS   [-WA]
LDT=0000 00000000 0000ffff 00008200 DPL=0 LDT
TR =0000 00000000 0000ffff 00008b00 DPL=0 TSS32-busy
GDT=     c0105000 00000017
IDT=     c010a020 000007ff
CR0=80000011 CR2=00000000 CR3=00106000 CR4=00000000
DR0=00000000 DR1=00000000 DR2=00000000 DR3=00000000 
DR6=ffff0ff0 DR7=00000400
CCS=00000008 CCD=c0109f58 CCO=SUBL
EFER=0000000000000000
Servicing hardware INT=0x20
   226: v=20 e=0000 i=0 cpl=0 IP=0008:c01022b1 pc=c01022b1 SP=0010:c0109f1c env->regs[R_EAX]=00000360
EAX=00000360 EBX=00400000 ECX=00000000 EDX=000003fd
ESI=00000000 EDI=00108000 EBP=c0109f48 ESP=c0109f1c
EIP=c01022b1 EFL=00000296 [--S-AP-] CPL=0 II=0 A20=1 SMM=0 HLT=0
ES =0010 00000000 ffffffff 00cf9300 DPL=0 DS   [-WA]
CS =0008 00000000 ffffffff 00cf9a00 DPL=0 CS32 [-R-]
SS =0010 00000000 ffffffff 00cf9300 DPL=0 DS   [-WA]
DS =0010 00000000 ffffffff 00cf9300 DPL=0 DS   [-WA]
FS =0010 00000000 ffffffff 00cf9300 DPL=0 DS   [-WA]
GS =0010 00000000 ffffffff 00cf9300 DPL=0 DS   [-WA]
LDT=0000 00000000 0000ffff 00008200 DPL=0 LDT
TR =0000 00000000 0000ffff 00008b00 DPL=0 TSS32-busy
GDT=     c0105000 00000017
IDT=     c010a020 000007ff
CR0=80000011 CR2=00000000 CR3=00106000 CR4=00000000
DR0=00000000 DR1=00000000 DR2=00000000 DR3=00000000 
DR6=ffff0ff0 DR7=00000400
CCS=00000094 CCD=c0109f24 CCO=EFLAGS
EFER=0000000000000000
Servicing hardware INT=0x21
   227: v=21 e=0000 i=0 cpl=0 IP=0008:c01022b1 pc=c01022b1 SP=0010:c0109f1c env->regs[R_EAX]=00000360
EAX=00000360 EBX=00400000 ECX=00000000 EDX=000003fd
ESI=00000000 EDI=00108000 EBP=c0109f48 ESP=c0109f1c
EIP=c01022b1 EFL=00000296 [--S-AP-] CPL=0 II=0 A20=1 SMM=0 HLT=0
ES =0010 00000000 ffffffff 00cf9300 DPL=0 DS   [-WA]
CS =0008 00000000 ffffffff 00cf9a00 DPL=0 CS32 [-R-]
SS =0010 00000000 ffffffff 00cf9300 DPL=0 DS   [-WA]
DS =0010 00000000 ffffffff 00cf9300 DPL=0 DS   [-WA]
FS =0010 00000000 ffffffff 00cf9300 DPL=0 DS   [-WA]
GS =0010 00000000 ffffffff 00cf9300 DPL=0 DS   [-WA]
LDT=0000 00000000 0000ffff 00008200 DPL=0 LDT
TR =0000 00000000 0000ffff 00008b00 DPL=0 TSS32-busy
GDT=     c0105000 00000017
IDT=     c010a020 000007ff
CR0=80000011 CR2=00000000 CR3=00106000 CR4=00000000
DR0=00000000 DR1=00000000 DR2=00000000 DR3=00000000 
DR6=ffff0ff0 DR7=00000400
CCS=0000000c CCD=c0109f24 CCO=SUBL
EFER=0000000000000000
Servicing hardware INT=0x20
   228: v=20 e=0000 i=0 cpl=0 IP=0008:c01022b1 pc=c01022b1 SP=0010:c0109f1c env->regs[R_EAX]=00000360
EAX=00000360 EBX=00400000 ECX=00000000 EDX=000003fd
ESI=00000000 EDI=00108000 EBP=c0109f48 ESP=c0109f1c
EIP=c01022b1 EFL=00000296 [--S-AP-] CPL=0 II=0 A20=1 SMM=0 HLT=0
ES =0010 00000000 ffffffff 00cf9300 DPL=0 DS   [-WA]
CS =0008 00000000 ffffffff 00cf9a00 DPL=0 CS32 [-R-]
SS =0010 00000000 ffffffff 00cf9300 DPL=0 DS   [-WA]
DS =0010 00000000 ffffffff 00cf9300 DPL=0 DS   [-WA]
FS =0010 00000000 ffffffff 00cf9300 DPL=0 DS   [-WA]
GS =0010 00000000 ffffffff 00cf9300 DPL=0 DS   [-WA]
LDT=0000 00000000 0000ffff 00008200 DPL=0 LDT
TR =0000 00000000 0000ffff 00008b00 DPL=0 TSS32-busy
GDT=     c0105000 00000017
IDT=     c010a020 000007ff
CR0=80000011 CR2=00000000 CR3=00106000 CR4=00000000
DR0=00000000 DR1=00000000 DR2=00000000 DR3=00000000 
DR6=ffff0ff0 DR7=00000400
CCS=00000094 CCD=c0109f24 CCO=EFLAGS
EFER=0000000000000000
Servicing hardware INT=0x21
   229: v=21 e=0000 i=0 cpl=0 IP=0008:c01022aa pc=c01022aa SP=0010:c0109f4c env->regs[R_EAX]=0000035f
EAX=0000035f EBX=00400000 ECX=00000000 EDX=000003f8
ESI=00000000 EDI=00108000 EBP=c0109f78 ESP=c0109f4c
EIP=c01022aa EFL=00000292 [--S-A--] CPL=0 II=0 A20=1 SMM=0 HLT=0
ES =0010 00000000 ffffffff 00cf9300 DPL=0 DS   [-WA]
CS =0008 00000000 ffffffff 00cf9a00 DPL=0 CS32 [-R-]
SS =0010 00000000 ffffffff 00cf9300 DPL=0 DS   [-WA]
DS =0010 00000000 ffffffff 00cf9300 DPL=0 DS   [-WA]
FS =0010 00000000 ffffffff 00cf9300 DPL=0 DS   [-WA]
GS =0010 00000000 ffffffff 00cf9300 DPL=0 DS   [-WA]
LDT=0000 00000000 0000ffff 00008200 DPL=0 LDT
TR =0000 00000000 0000ffff 00008b00 DPL=0 TSS32-busy
GDT=     c0105000 00000017
IDT=     c010a020 000007ff
CR0=80000011 CR2=00000000 CR3=00106000 CR4=00000000
DR0=00000000 DR1=00000000 DR2=00000000 DR3=00000000 
DR6=ffff0ff0 DR7=00000400
CCS=00000008 CCD=c0109f58 CCO=SUBL
EFER=0000000000000000
Servicing hardware INT=0x21
   230: v=21 e=0000 i=0 cpl=0 IP=0008:c01022b1 pc=c01022b1 SP=0010:c0109f1c env->regs[R_EAX]=00000360
EAX=00000360 EBX=00400000 ECX=00000000 EDX=000003fd
ESI=00000000 EDI=00108000 EBP=c0109f48 ESP=c0109f1c
EIP=c01022b1 EFL=00000296 [--S-AP-] CPL=0 II=0 A20=1 SMM=0 HLT=0
ES =0010 00000000 ffffffff 00cf9300 DPL=0 DS   [-WA]
CS =0008 00000000 ffffffff 00cf9a00 DPL=0 CS32 [-R-]
SS =0010 00000000 ffffffff 00cf9300 DPL=0 DS   [-WA]
DS =0010 00000000 ffffffff 00cf9300 DPL=0 DS   [-WA]
FS =0010 00000000 ffffffff 00cf9300 DPL=0 DS   [-WA]
GS =0010 00000000 ffffffff 00cf9300 DPL=0 DS   [-WA]
LDT=0000 00000000 0000ffff 00008200 DPL=0 LDT
TR =0000 00000000 0000ffff 00008b00 DPL=0 TSS32-busy
GDT=     c0105000 00000017
IDT=     c010a020 000007ff
CR0=80000011 CR2=00000000 CR3=00106000 CR4=00000000
DR0=00000000 DR1=00000000 DR2=00000000 DR3=00000000 
DR6=ffff0ff0 DR7=00000400
CCS=0000000c CCD=c0109f24 CCO=SUBL
EFER=0000000000000000
Servicing hardware INT=0x20
   231: v=20 e=0000 i=0 cpl=0 IP=0008:c01022b1 pc=c01022b1 SP=0010:c0109f1c env->regs[R_EAX]=00000360
EAX=00000360 EBX=00400000 ECX=00000000 EDX=000003fd
ESI=00000000 EDI=00108000 EBP=c0109f48 ESP=c0109f1c
EIP=c01022b1 EFL=00000296 [--S-AP-] CPL=0 II=0 A20=1 SMM=0 HLT=0
ES =0010 00000000 ffffffff 00cf9300 DPL=0 DS   [-WA]
CS =0008 00000000 ffffffff 00cf9a00 DPL=0 CS32 [-R-]
SS =0010 00000000 ffffffff 00cf9300 DPL=0 DS   [-WA]
DS =0010 00000000 ffffffff 00cf9300 DPL=0 DS   [-WA]
FS =0010 00000000 ffffffff 00cf9300 DPL=0 DS   [-WA]
GS =0010 00000000 ffffffff 00cf9300 DPL=0 DS   [-WA]
LDT=0000 00000000 0000ffff 00008200 DPL=0 LDT
TR =0000 00000000 0000ffff 00008b00 DPL=0 TSS32-busy
GDT=     c0105000 00000017
IDT=     c010a020 000007ff
CR0=80000011 CR2=00000000 CR3=00106000 CR4=00000000
DR0=00000000 DR1=00000000 DR2=00000000 DR3=00000000 
DR6=ffff0ff0 DR7=00000400
CCS=00000094 CCD=c0109f24 CCO=EFLAGS
EFER=0000000000000000
Servicing hardware INT=0x21
   232: v=21 e=0000 i=0 cpl=0 IP=0008:c01022b1 pc=c01022b1 SP=0010:c0109f1c env->regs[R_EAX]=00000360
EAX=00000360 EBX=00400000 ECX=00000000 EDX=000003fd
ESI=00000000 EDI=00108000 EBP=c0109f48 ESP=c0109f1c
EIP=c01022b1 EFL=00000296 [--S-AP-] CPL=0 II=0 A20=1 SMM=0 HLT=0
ES =0010 00000000 ffffffff 00cf9300 DPL=0 DS   [-WA]
CS =0008 00000000 ffffffff 00cf9a00 DPL=0 CS32 [-R-]
SS =0010 00000000 ffffffff 00cf9300 DPL=0 DS   [-WA]
DS =0010 00000000 ffffffff 00cf9300 DPL=0 DS   [-WA]
FS =0010 00000000 ffffffff 00cf9300 DPL=0 DS   [-WA]
GS =0010 00000000 ffffffff 00cf9300 DPL=0 DS   [-WA]
LDT=0000 00000000 0000ffff 00008200 DPL=0 LDT
TR =0000 00000000 0000ffff 00008b00 DPL=0 TSS32-busy
GDT=     c0105000 00000017
IDT=     c010a020 000007ff
CR0=80000011 CR2=00000000 CR3=00106000 CR4=00000000
DR0=00000000 DR1=00000000 DR2=00000000 DR3=00000000 
DR6=ffff0ff0 DR7=00000400
CCS=0000000c CCD=c0109f24 CCO=SUBL
EFER=0000000000000000
Servicing hardware INT=0x21
   233: v=21 e=0000 i=0 cpl=0 IP=0008:c01022aa pc=c01022aa SP=0010:c0109f4c env->regs[R_EAX]=0000035f
EAX=0000035f EBX=00400000 ECX=00000000 EDX=000003f8
ESI=00000000 EDI=00108000 EBP=c0109f78 ESP=c0109f4c
EIP=c01022aa EFL=00000292 [--S-A--] CPL=0 II=0 A20=1 SMM=0 HLT=0
ES =0010 00000000 ffffffff 00cf9300 DPL=0 DS   [-WA]
CS =0008 00000000 ffffffff 00cf9a00 DPL=0 CS32 [-R-]
SS =0010 00000000 ffffffff 00cf9300 DPL=0 DS   [-WA]
DS =0010 00000000 ffffffff 00cf9300 DPL=0 DS   [-WA]
FS =0010 00000000 ffffffff 00cf9300 DPL=0 DS   [-WA]
GS =0010 00000000 ffffffff 00cf9300 DPL=0 DS   [-WA]
LDT=0000 00000000 0000ffff 00008200 DPL=0 LDT
TR =0000 00000000 0000ffff 00008b00 DPL=0 TSS32-busy
GDT=     c0105000 00000017
IDT=     c010a020 000007ff
CR0=80000011 CR2=00000000 CR3=00106000 CR4=00000000
DR0=00000000 DR1=00000000 DR2=00000000 DR3=00000000 
DR6=ffff0ff0 DR7=00000400
CCS=00000008 CCD=c0109f58 CCO=SUBL
EFER=0000000000000000
Servicing hardware INT=0x20
   234: v=20 e=0000 i=0 cpl=0 IP=0008:c01022b1 pc=c01022b1 SP=0010:c0109f1c env->regs[R_EAX]=00000360
EAX=00000360 EBX=00400000 ECX=00000000 EDX=000003fd
ESI=00000000 EDI=00108000 EBP=c0109f48 ESP=c0109f1c
EIP=c01022b1 EFL=00000296 [--S-AP-] CPL=0 II=0 A20=1 SMM=0 HLT=0
ES =0010 00000000 ffffffff 00cf9300 DPL=0 DS   [-WA]
CS =0008 00000000 ffffffff 00cf9a00 DPL=0 CS32 [-R-]
SS =0010 00000000 ffffffff 00cf9300 DPL=0 DS   [-WA]
DS =0010 00000000 ffffffff 00cf9300 DPL=0 DS   [-WA]
FS =0010 00000000 ffffffff 00cf9300 DPL=0 DS   [-WA]
GS =0010 00000000 ffffffff 00cf9300 DPL=0 DS   [-WA]
LDT=0000 00000000 0000ffff 00008200 DPL=0 LDT
TR =0000 00000000 0000ffff 00008b00 DPL=0 TSS32-busy
GDT=     c0105000 00000017
IDT=     c010a020 000007ff
CR0=80000011 CR2=00000000 CR3=00106000 CR4=00000000
DR0=00000000 DR1=00000000 DR2=00000000 DR3=00000000 
DR6=ffff0ff0 DR7=00000400
CCS=00000094 CCD=c0109f24 CCO=EFLAGS
EFER=0000000000000000
Servicing hardware INT=0x21
   235: v=21 e=0000 i=0 cpl=0 IP=0008:c01022b1 pc=c01022b1 SP=0010:c0109f1c env->regs[R_EAX]=00000360
EAX=00000360 EBX=00400000 ECX=00000000 EDX=000003fd
ESI=00000000 EDI=00108000 EBP=c0109f48 ESP=c0109f1c
EIP=c01022b1 EFL=00000296 [--S-AP-] CPL=0 II=0 A20=1 SMM=0 HLT=0
ES =0010 00000000 ffffffff 00cf9300 DPL=0 DS   [-WA]
CS =0008 00000000 ffffffff 00cf9a00 DPL=0 CS32 [-R-]
SS =0010 00000000 ffffffff 00cf9300 DPL=0 DS   [-WA]
DS =0010 00000000 ffffffff 00cf9300 DPL=0 DS   [-WA]
FS =0010 00000000 ffffffff 00cf9300 DPL=0 DS   [-WA]
GS =0010 00000000 ffffffff 00cf9300 DPL=0 DS   [-WA]
LDT=0000 00000000 0000ffff 00008200 DPL=0 LDT
TR =0000 00000000 0000ffff 00008b00 DPL=0 TSS32-busy
GDT=     c0105000 00000017
IDT=     c010a020 000007ff
CR0=80000011 CR2=00000000 CR3=00106000 CR4=00000000
DR0=00000000 DR1=00000000 DR2=00000000 DR3=00000000 
DR6=ffff0ff0 DR7=00000400
CCS=0000000c CCD=c0109f24 CCO=SUBL
EFER=0000000000000000
Servicing hardware INT=0x21
   236: v=21 e=0000 i=0 cpl=0 IP=0008:c01022b1 pc=c01022b1 SP=0010:c0109f1c env->regs[R_EAX]=00000360
EAX=00000360 EBX=00400000 ECX=00000000 EDX=000003fd
ESI=00000000 EDI=00108000 EBP=c0109f48 ESP=c0109f1c
EIP=c01022b1 EFL=00000296 [--S-AP-] CPL=0 II=0 A20=1 SMM=0 HLT=0
ES =0010 00000000 ffffffff 00cf9300 DPL=0 DS   [-WA]
CS =0008 00000000 ffffffff 00cf9a00 DPL=0 CS32 [-R-]
SS =0010 00000000 ffffffff 00cf9300 DPL=0 DS   [-WA]
DS =0010 00000000 ffffffff 00cf9300 DPL=0 DS   [-WA]
FS =0010 00000000 ffffffff 00cf9300 DPL=0 DS   [-WA]
GS =0010 00000000 ffffffff 00cf9300 DPL=0 DS   [-WA]
LDT=0000 00000000 0000ffff 00008200 DPL=0 LDT
TR =0000 00000000 0000ffff 00008b00 DPL=0 TSS32-busy
GDT=     c0105000 00000017
IDT=     c010a020 000007ff
CR0=80000011 CR2=00000000 CR3=00106000 CR4=00000000
DR0=00000000 DR1=00000000 DR2=00000000 DR3=00000000 
DR6=ffff0ff0 DR7=00000400
CCS=0000000c CCD=c0109f24 CCO=SUBL
EFER=0000000000000000
Servicing hardware INT=0x20
   237: v=20 e=0000 i=0 cpl=0 IP=0008:c01022aa pc=c01022aa SP=0010:c0109f4c env->regs[R_EAX]=0000036b
EAX=0000036b EBX=00400000 ECX=00000000 EDX=000003f8
ESI=00000000 EDI=00108000 EBP=c0109f78 ESP=c0109f4c
EIP=c01022aa EFL=00000292 [--S-A--] CPL=0 II=0 A20=1 SMM=0 HLT=0
ES =0010 00000000 ffffffff 00cf9300 DPL=0 DS   [-WA]
CS =0008 00000000 ffffffff 00cf9a00 DPL=0 CS32 [-R-]
SS =0010 00000000 ffffffff 00cf9300 DPL=0 DS   [-WA]
DS =0010 00000000 ffffffff 00cf9300 DPL=0 DS   [-WA]
FS =0010 00000000 ffffffff 00cf9300 DPL=0 DS   [-WA]
GS =0010 00000000 ffffffff 00cf9300 DPL=0 DS   [-WA]
LDT=0000 00000000 0000ffff 00008200 DPL=0 LDT
TR =0000 00000000 0000ffff 00008b00 DPL=0 TSS32-busy
GDT=     c0105000 00000017
IDT=     c010a020 000007ff
CR0=80000011 CR2=00000000 CR3=00106000 CR4=00000000
DR0=00000000 DR1=00000000 DR2=00000000 DR3=00000000 
DR6=ffff0ff0 DR7=00000400
CCS=00000090 CCD=c0109f58 CCO=EFLAGS
EFER=0000000000000000
Servicing hardware INT=0x21
   238: v=21 e=0000 i=0 cpl=0 IP=0008:c01022b1 pc=c01022b1 SP=0010:c0109f1c env->regs[R_EAX]=00000360
EAX=00000360 EBX=00400000 ECX=00000000 EDX=000003fd
ESI=00000000 EDI=00108000 EBP=c0109f48 ESP=c0109f1c
EIP=c01022b1 EFL=00000296 [--S-AP-] CPL=0 II=0 A20=1 SMM=0 HLT=0
ES =0010 00000000 ffffffff 00cf9300 DPL=0 DS   [-WA]
CS =0008 00000000 ffffffff 00cf9a00 DPL=0 CS32 [-R-]
SS =0010 00000000 ffffffff 00cf9300 DPL=0 DS   [-WA]
DS =0010 00000000 ffffffff 00cf9300 DPL=0 DS   [-WA]
FS =0010 00000000 ffffffff 00cf9300 DPL=0 DS   [-WA]
GS =0010 00000000 ffffffff 00cf9300 DPL=0 DS   [-WA]
LDT=0000 00000000 0000ffff 00008200 DPL=0 LDT
TR =0000 00000000 0000ffff 00008b00 DPL=0 TSS32-busy
GDT=     c0105000 00000017
IDT=     c010a020 000007ff
CR0=80000011 CR2=00000000 CR3=00106000 CR4=00000000
DR0=00000000 DR1=00000000 DR2=00000000 DR3=00000000 
DR6=ffff0ff0 DR7=00000400
CCS=0000000c CCD=c0109f24 CCO=SUBL
EFER=0000000000000000
Servicing hardware INT=0x20
   239: v=20 e=0000 i=0 cpl=0 IP=0008:c01022aa pc=c01022aa SP=0010:c0109f4c env->regs[R_EAX]=00000367
EAX=00000367 EBX=00400000 ECX=00000061 EDX=000003f8
ESI=00000000 EDI=00108000 EBP=c0109f78 ESP=c0109f4c
EIP=c01022aa EFL=00000292 [--S-A--] CPL=0 II=0 A20=1 SMM=0 HLT=0
ES =0010 00000000 ffffffff 00cf9300 DPL=0 DS   [-WA]
CS =0008 00000000 ffffffff 00cf9a00 DPL=0 CS32 [-R-]
SS =0010 00000000 ffffffff 00cf9300 DPL=0 DS   [-WA]
DS =0010 00000000 ffffffff 00cf9300 DPL=0 DS   [-WA]
FS =0010 00000000 ffffffff 00cf9300 DPL=0 DS   [-WA]
GS =0010 00000000 ffffffff 00cf9300 DPL=0 DS   [-WA]
LDT=0000 00000000 0000ffff 00008200 DPL=0 LDT
TR =0000 00000000 0000ffff 00008b00 DPL=0 TSS32-busy
GDT=     c0105000 00000017
IDT=     c010a020 000007ff
CR0=80000011 CR2=00000000 CR3=00106000 CR4=00000000
DR0=00000000 DR1=00000000 DR2=00000000 DR3=00000000 
DR6=ffff0ff0 DR7=00000400
CCS=00000090 CCD=c0109f58 CCO=EFLAGS
EFER=0000000000000000
Servicing hardware INT=0x20
   240: v=20 e=0000 i=0 cpl=0 IP=0008:c01022b1 pc=c01022b1 SP=0010:c0109f1c env->regs[R_EAX]=00000360
EAX=00000360 EBX=00400000 ECX=00000061 EDX=000003fd
ESI=00000000 EDI=00108000 EBP=c0109f48 ESP=c0109f1c
EIP=c01022b1 EFL=00000296 [--S-AP-] CPL=0 II=0 A20=1 SMM=0 HLT=0
ES =0010 00000000 ffffffff 00cf9300 DPL=0 DS   [-WA]
CS =0008 00000000 ffffffff 00cf9a00 DPL=0 CS32 [-R-]
SS =0010 00000000 ffffffff 00cf9300 DPL=0 DS   [-WA]
DS =0010 00000000 ffffffff 00cf9300 DPL=0 DS   [-WA]
FS =0010 00000000 ffffffff 00cf9300 DPL=0 DS   [-WA]
GS =0010 00000000 ffffffff 00cf9300 DPL=0 DS   [-WA]
LDT=0000 00000000 0000ffff 00008200 DPL=0 LDT
TR =0000 00000000 0000ffff 00008b00 DPL=0 TSS32-busy
GDT=     c0105000 00000017
IDT=     c010a020 000007ff
CR0=80000011 CR2=00000000 CR3=00106000 CR4=00000000
DR0=00000000 DR1=00000000 DR2=00000000 DR3=00000000 
DR6=ffff0ff0 DR7=00000400
CCS=00000094 CCD=c0109f24 CCO=EFLAGS
EFER=0000000000000000
Servicing hardware INT=0x21
   241: v=21 e=0000 i=0 cpl=0 IP=0008:c01022b1 pc=c01022b1 SP=0010:c0109f1c env->regs[R_EAX]=00000360
EAX=00000360 EBX=00400000 ECX=00000061 EDX=000003fd
ESI=00000000 EDI=00108000 EBP=c0109f48 ESP=c0109f1c
EIP=c01022b1 EFL=00000296 [--S-AP-] CPL=0 II=0 A20=1 SMM=0 HLT=0
ES =0010 00000000 ffffffff 00cf9300 DPL=0 DS   [-WA]
CS =0008 00000000 ffffffff 00cf9a00 DPL=0 CS32 [-R-]
SS =0010 00000000 ffffffff 00cf9300 DPL=0 DS   [-WA]
DS =0010 00000000 ffffffff 00cf9300 DPL=0 DS   [-WA]
FS =0010 00000000 ffffffff 00cf9300 DPL=0 DS   [-WA]
GS =0010 00000000 ffffffff 00cf9300 DPL=0 DS   [-WA]
LDT=0000 00000000 0000ffff 00008200 DPL=0 LDT
TR =0000 00000000 0000ffff 00008b00 DPL=0 TSS32-busy
GDT=     c0105000 00000017
IDT=     c010a020 000007ff
CR0=80000011 CR2=00000000 CR3=00106000 CR4=00000000
DR0=00000000 DR1=00000000 DR2=00000000 DR3=00000000 
DR6=ffff0ff0 DR7=00000400
CCS=0000000c CCD=c0109f24 CCO=SUBL
EFER=0000000000000000
Servicing hardware INT=0x20
   242: v=20 e=0000 i=0 cpl=0 IP=0008:c01022b1 pc=c01022b1 SP=0010:c0109f1c env->regs[R_EAX]=00000360
EAX=00000360 EBX=00400000 ECX=00000061 EDX=000003fd
ESI=00000000 EDI=00108000 EBP=c0109f48 ESP=c0109f1c
EIP=c01022b1 EFL=00000296 [--S-AP-] CPL=0 II=0 A20=1 SMM=0 HLT=0
ES =0010 00000000 ffffffff 00cf9300 DPL=0 DS   [-WA]
CS =0008 00000000 ffffffff 00cf9a00 DPL=0 CS32 [-R-]
SS =0010 00000000 ffffffff 00cf9300 DPL=0 DS   [-WA]
DS =0010 00000000 ffffffff 00cf9300 DPL=0 DS   [-WA]
FS =0010 00000000 ffffffff 00cf9300 DPL=0 DS   [-WA]
GS =0010 00000000 ffffffff 00cf9300 DPL=0 DS   [-WA]
LDT=0000 00000000 0000ffff 00008200 DPL=0 LDT
TR =0000 00000000 0000ffff 00008b00 DPL=0 TSS32-busy
GDT=     c0105000 00000017
IDT=     c010a020 000007ff
CR0=80000011 CR2=00000000 CR3=00106000 CR4=00000000
DR0=00000000 DR1=00000000 DR2=00000000 DR3=00000000 
DR6=ffff0ff0 DR7=00000400
CCS=00000094 CCD=c0109f24 CCO=EFLAGS
EFER=0000000000000000
Servicing hardware INT=0x20
   243: v=20 e=0000 i=0 cpl=0 IP=0008:c01022b1 pc=c01022b1 SP=0010:c0109f1c env->regs[R_EAX]=00000360
EAX=00000360 EBX=00400000 ECX=00000061 EDX=000003fd
ESI=00000000 EDI=00108000 EBP=c0109f48 ESP=c0109f1c
EIP=c01022b1 EFL=00000296 [--S-AP-] CPL=0 II=0 A20=1 SMM=0 HLT=0
ES =0010 00000000 ffffffff 00cf9300 DPL=0 DS   [-WA]
CS =0008 00000000 ffffffff 00cf9a00 DPL=0 CS32 [-R-]
SS =0010 00000000 ffffffff 00cf9300 DPL=0 DS   [-WA]
DS =0010 00000000 ffffffff 00cf9300 DPL=0 DS   [-WA]
FS =0010 00000000 ffffffff 00cf9300 DPL=0 DS   [-WA]
GS =0010 00000000 ffffffff 00cf9300 DPL=0 DS   [-WA]
LDT=0000 00000000 0000ffff 00008200 DPL=0 LDT
TR =0000 00000000 0000ffff 00008b00 DPL=0 TSS32-busy
GDT=     c0105000 00000017
IDT=     c010a020 000007ff
CR0=80000011 CR2=00000000 CR3=00106000 CR4=00000000
DR0=00000000 DR1=00000000 DR2=00000000 DR3=00000000 
DR6=ffff0ff0 DR7=00000400
CCS=00000094 CCD=c0109f24 CCO=EFLAGS
EFER=0000000000000000
Servicing hardware INT=0x20
   244: v=20 e=0000 i=0 cpl=0 IP=0008:c01022aa pc=c01022aa SP=0010:c0109f4c env->regs[R_EAX]=00000374
EAX=00000374 EBX=00400000 ECX=00000061 EDX=000003f8
ESI=00000000 EDI=00108000 EBP=c0109f78 ESP=c0109f4c
EIP=c01022aa EFL=00000292 [--S-A--] CPL=0 II=0 A20=1 SMM=0 HLT=0
ES =0010 00000000 ffffffff 00cf9300 DPL=0 DS   [-WA]
CS =0008 00000000 ffffffff 00cf9a00 DPL=0 CS32 [-R-]
SS =0010 00000000 ffffffff 00cf9300 DPL=0 DS   [-WA]
DS =0010 00000000 ffffffff 00cf9300 DPL=0 DS   [-WA]
FS =0010 00000000 ffffffff 00cf9300 DPL=0 DS   [-WA]
GS =0010 00000000 ffffffff 00cf9300 DPL=0 DS   [-WA]
LDT=0000 00000000 0000ffff 00008200 DPL=0 LDT
TR =0000 00000000 0000ffff 00008b00 DPL=0 TSS32-busy
GDT=     c0105000 00000017
IDT=     c010a020 000007ff
CR0=80000011 CR2=00000000 CR3=00106000 CR4=00000000
DR0=00000000 DR1=00000000 DR2=00000000 DR3=00000000 
DR6=ffff0ff0 DR7=00000400
CCS=00000090 CCD=c0109f58 CCO=EFLAGS
EFER=0000000000000000
Servicing hardware INT=0x20
   245: v=20 e=0000 i=0 cpl=0 IP=0008:c01022b1 pc=c01022b1 SP=0010:c0109f1c env->regs[R_EAX]=00000360
EAX=00000360 EBX=00400000 ECX=00000061 EDX=000003fd
ESI=00000000 EDI=00108000 EBP=c0109f48 ESP=c0109f1c
EIP=c01022b1 EFL=00000296 [--S-AP-] CPL=0 II=0 A20=1 SMM=0 HLT=0
ES =0010 00000000 ffffffff 00cf9300 DPL=0 DS   [-WA]
CS =0008 00000000 ffffffff 00cf9a00 DPL=0 CS32 [-R-]
SS =0010 00000000 ffffffff 00cf9300 DPL=0 DS   [-WA]
DS =0010 00000000 ffffffff 00cf9300 DPL=0 DS   [-WA]
FS =0010 00000000 ffffffff 00cf9300 DPL=0 DS   [-WA]
GS =0010 00000000 ffffffff 00cf9300 DPL=0 DS   [-WA]
LDT=0000 00000000 0000ffff 00008200 DPL=0 LDT
TR =0000 00000000 0000ffff 00008b00 DPL=0 TSS32-busy
GDT=     c0105000 00000017
IDT=     c010a020 000007ff
CR0=80000011 CR2=00000000 CR3=00106000 CR4=00000000
DR0=00000000 DR1=00000000 DR2=00000000 DR3=00000000 
DR6=ffff0ff0 DR7=00000400
CCS=00000094 CCD=c0109f24 CCO=EFLAGS
EFER=0000000000000000
Servicing hardware INT=0x20
   246: v=20 e=0000 i=0 cpl=0 IP=0008:c01022b1 pc=c01022b1 SP=0010:c0109f1c env->regs[R_EAX]=00000360
EAX=00000360 EBX=00400000 ECX=00000061 EDX=000003fd
ESI=00000000 EDI=00108000 EBP=c0109f48 ESP=c0109f1c
EIP=c01022b1 EFL=00000296 [--S-AP-] CPL=0 II=0 A20=1 SMM=0 HLT=0
ES =0010 00000000 ffffffff 00cf9300 DPL=0 DS   [-WA]
CS =0008 00000000 ffffffff 00cf9a00 DPL=0 CS32 [-R-]
SS =0010 00000000 ffffffff 00cf9300 DPL=0 DS   [-WA]
DS =0010 00000000 ffffffff 00cf9300 DPL=0 DS   [-WA]
FS =0010 00000000 ffffffff 00cf9300 DPL=0 DS   [-WA]
GS =0010 00000000 ffffffff 00cf9300 DPL=0 DS   [-WA]
LDT=0000 00000000 0000ffff 00008200 DPL=0 LDT
TR =0000 00000000 0000ffff 00008b00 DPL=0 TSS32-busy
GDT=     c0105000 00000017
IDT=     c010a020 000007ff
CR0=80000011 CR2=00000000 CR3=00106000 CR4=00000000
DR0=00000000 DR1=00000000 DR2=00000000 DR3=00000000 
DR6=ffff0ff0 DR7=00000400
CCS=00000094 CCD=c0109f24 CCO=EFLAGS
EFER=0000000000000000
Servicing hardware INT=0x20
   247: v=20 e=0000 i=0 cpl=0 IP=0008:c01022b1 pc=c01022b1 SP=0010:c0109f1c env->regs[R_EAX]=00000360
EAX=00000360 EBX=00400000 ECX=00000061 EDX=000003fd
ESI=00000000 EDI=00108000 EBP=c0109f48 ESP=c0109f1c
EIP=c01022b1 EFL=00000296 [--S-AP-] CPL=0 II=0 A20=1 SMM=0 HLT=0
ES =0010 00000000 ffffffff 00cf9300 DPL=0 DS   [-WA]
CS =0008 00000000 ffffffff 00cf9a00 DPL=0 CS32 [-R-]
SS =0010 00000000 ffffffff 00cf9300 DPL=0 DS   [-WA]
DS =0010 00000000 ffffffff 00cf9300 DPL=0 DS   [-WA]
FS =0010 00000000 ffffffff 00cf9300 DPL=0 DS   [-WA]
GS =0010 00000000 ffffffff 00cf9300 DPL=0 DS   [-WA]
LDT=0000 00000000 0000ffff 00008200 DPL=0 LDT
TR =0000 00000000 0000ffff 00008b00 DPL=0 TSS32-busy
GDT=     c0105000 00000017
IDT=     c010a020 000007ff
CR0=80000011 CR2=00000000 CR3=00106000 CR4=00000000
DR0=00000000 DR1=00000000 DR2=00000000 DR3=00000000 
DR6=ffff0ff0 DR7=00000400
CCS=00000094 CCD=c0109f24 CCO=EFLAGS
EFER=0000000000000000
Servicing hardware INT=0x20
   248: v=20 e=0000 i=0 cpl=0 IP=0008:c01022aa pc=c01022aa SP=0010:c0109f4c env->regs[R_EAX]=0000036b
EAX=0000036b EBX=00400000 ECX=00000061 EDX=000003f8
ESI=00000000 EDI=00108000 EBP=c0109f78 ESP=c0109f4c
EIP=c01022aa EFL=00000292 [--S-A--] CPL=0 II=0 A20=1 SMM=0 HLT=0
ES =0010 00000000 ffffffff 00cf9300 DPL=0 DS   [-WA]
CS =0008 00000000 ffffffff 00cf9a00 DPL=0 CS32 [-R-]
SS =0010 00000000 ffffffff 00cf9300 DPL=0 DS   [-WA]
DS =0010 00000000 ffffffff 00cf9300 DPL=0 DS   [-WA]
FS =0010 00000000 ffffffff 00cf9300 DPL=0 DS   [-WA]
GS =0010 00000000 ffffffff 00cf9300 DPL=0 DS   [-WA]
LDT=0000 00000000 0000ffff 00008200 DPL=0 LDT
TR =0000 00000000 0000ffff 00008b00 DPL=0 TSS32-busy
GDT=     c0105000 00000017
IDT=     c010a020 000007ff
CR0=80000011 CR2=00000000 CR3=00106000 CR4=00000000
DR0=00000000 DR1=00000000 DR2=00000000 DR3=00000000 
DR6=ffff0ff0 DR7=00000400
CCS=00000090 CCD=c0109f58 CCO=EFLAGS
EFER=0000000000000000
Servicing hardware INT=0x20
   249: v=20 e=0000 i=0 cpl=0 IP=0008:c01022b1 pc=c01022b1 SP=0010:c0109f1c env->regs[R_EAX]=00000360
EAX=00000360 EBX=00400000 ECX=00000061 EDX=000003fd
ESI=00000000 EDI=00108000 EBP=c0109f48 ESP=c0109f1c
EIP=c01022b1 EFL=00000296 [--S-AP-] CPL=0 II=0 A20=1 SMM=0 HLT=0
ES =0010 00000000 ffffffff 00cf9300 DPL=0 DS   [-WA]
CS =0008 00000000 ffffffff 00cf9a00 DPL=0 CS32 [-R-]
SS =0010 00000000 ffffffff 00cf9300 DPL=0 DS   [-WA]
DS =0010 00000000 ffffffff 00cf9300 DPL=0 DS   [-WA]
FS =0010 00000000 ffffffff 00cf9300 DPL=0 DS   [-WA]
GS =0010 00000000 ffffffff 00cf9300 DPL=0 DS   [-WA]
LDT=0000 00000000 0000ffff 00008200 DPL=0 LDT
TR =0000 00000000 0000ffff 00008b00 DPL=0 TSS32-busy
GDT=     c0105000 00000017
IDT=     c010a020 000007ff
CR0=80000011 CR2=00000000 CR3=00106000 CR4=00000000
DR0=00000000 DR1=00000000 DR2=00000000 DR3=00000000 
DR6=ffff0ff0 DR7=00000400
CCS=00000094 CCD=c0109f24 CCO=EFLAGS
EFER=0000000000000000
Servicing hardware INT=0x20
   250: v=20 e=0000 i=0 cpl=0 IP=0008:c01022b1 pc=c01022b1 SP=0010:c0109f1c env->regs[R_EAX]=00000360
EAX=00000360 EBX=00400000 ECX=00000061 EDX=000003fd
ESI=00000000 EDI=00108000 EBP=c0109f48 ESP=c0109f1c
EIP=c01022b1 EFL=00000296 [--S-AP-] CPL=0 II=0 A20=1 SMM=0 HLT=0
ES =0010 00000000 ffffffff 00cf9300 DPL=0 DS   [-WA]
CS =0008 00000000 ffffffff 00cf9a00 DPL=0 CS32 [-R-]
SS =0010 00000000 ffffffff 00cf9300 DPL=0 DS   [-WA]
DS =0010 00000000 ffffffff 00cf9300 DPL=0 DS   [-WA]
FS =0010 00000000 ffffffff 00cf9300 DPL=0 DS   [-WA]
GS =0010 00000000 ffffffff 00cf9300 DPL=0 DS   [-WA]
LDT=0000 00000000 0000ffff 00008200 DPL=0 LDT
TR =0000 00000000 0000ffff 00008b00 DPL=0 TSS32-busy
GDT=     c0105000 00000017
IDT=     c010a020 000007ff
CR0=80000011 CR2=00000000 CR3=00106000 CR4=00000000
DR0=00000000 DR1=00000000 DR2=00000000 DR3=00000000 
DR6=ffff0ff0 DR7=00000400
CCS=00000094 CCD=c0109f24 CCO=EFLAGS
EFER=0000000000000000
Servicing hardware INT=0x20
   251: v=20 e=0000 i=0 cpl=0 IP=0008:c01022b1 pc=c01022b1 SP=0010:c0109f1c env->regs[R_EAX]=00000360
EAX=00000360 EBX=00400000 ECX=00000061 EDX=000003fd
ESI=00000000 EDI=00108000 EBP=c0109f48 ESP=c0109f1c
EIP=c01022b1 EFL=00000296 [--S-AP-] CPL=0 II=0 A20=1 SMM=0 HLT=0
ES =0010 00000000 ffffffff 00cf9300 DPL=0 DS   [-WA]
CS =0008 00000000 ffffffff 00cf9a00 DPL=0 CS32 [-R-]
SS =0010 00000000 ffffffff 00cf9300 DPL=0 DS   [-WA]
DS =0010 00000000 ffffffff 00cf9300 DPL=0 DS   [-WA]
FS =0010 00000000 ffffffff 00cf9300 DPL=0 DS   [-WA]
GS =0010 00000000 ffffffff 00cf9300 DPL=0 DS   [-WA]
LDT=0000 00000000 0000ffff 00008200 DPL=0 LDT
TR =0000 00000000 0000ffff 00008b00 DPL=0 TSS32-busy
GDT=     c0105000 00000017
IDT=     c010a020 000007ff
CR0=80000011 CR2=00000000 CR3=00106000 CR4=00000000
DR0=00000000 DR1=00000000 DR2=00000000 DR3=00000000 
DR6=ffff0ff0 DR7=00000400
CCS=00000094 CCD=c0109f24 CCO=EFLAGS
EFER=0000000000000000
Servicing hardware INT=0x20
   252: v=20 e=0000 i=0 cpl=0 IP=0008:c01022b1 pc=c01022b1 SP=0010:c0109f1c env->regs[R_EAX]=00000360
EAX=00000360 EBX=00400000 ECX=00000061 EDX=000003fd
ESI=00000000 EDI=00108000 EBP=c0109f48 ESP=c0109f1c
EIP=c01022b1 EFL=00000296 [--S-AP-] CPL=0 II=0 A20=1 SMM=0 HLT=0
ES =0010 00000000 ffffffff 00cf9300 DPL=0 DS   [-WA]
CS =0008 00000000 ffffffff 00cf9a00 DPL=0 CS32 [-R-]
SS =0010 00000000 ffffffff 00cf9300 DPL=0 DS   [-WA]
DS =0010 00000000 ffffffff 00cf9300 DPL=0 DS   [-WA]
FS =0010 00000000 ffffffff 00cf9300 DPL=0 DS   [-WA]
GS =0010 00000000 ffffffff 00cf9300 DPL=0 DS   [-WA]
LDT=0000 00000000 0000ffff 00008200 DPL=0 LDT
TR =0000 00000000 0000ffff 00008b00 DPL=0 TSS32-busy
GDT=     c0105000 00000017
IDT=     c010a020 000007ff
CR0=80000011 CR2=00000000 CR3=00106000 CR4=00000000
DR0=00000000 DR1=00000000 DR2=00000000 DR3=00000000 
DR6=ffff0ff0 DR7=00000400
CCS=00000094 CCD=c0109f24 CCO=EFLAGS
EFER=0000000000000000
Servicing hardware INT=0x20
   253: v=20 e=0000 i=0 cpl=0 IP=0008:c01022b1 pc=c01022b1 SP=0010:c0109f1c env->regs[R_EAX]=00000360
EAX=00000360 EBX=00400000 ECX=00000061 EDX=000003fd
ESI=00000000 EDI=00108000 EBP=c0109f48 ESP=c0109f1c
EIP=c01022b1 EFL=00000296 [--S-AP-] CPL=0 II=0 A20=1 SMM=0 HLT=0
ES =0010 00000000 ffffffff 00cf9300 DPL=0 DS   [-WA]
CS =0008 00000000 ffffffff 00cf9a00 DPL=0 CS32 [-R-]
SS =0010 00000000 ffffffff 00cf9300 DPL=0 DS   [-WA]
DS =0010 00000000 ffffffff 00cf9300 DPL=0 DS   [-WA]
FS =0010 00000000 ffffffff 00cf9300 DPL=0 DS   [-WA]
GS =0010 00000000 ffffffff 00cf9300 DPL=0 DS   [-WA]
LDT=0000 00000000 0000ffff 00008200 DPL=0 LDT
TR =0000 00000000 0000ffff 00008b00 DPL=0 TSS32-busy
GDT=     c0105000 00000017
IDT=     c010a020 000007ff
CR0=80000011 CR2=00000000 CR3=00106000 CR4=00000000
DR0=00000000 DR1=00000000 DR2=00000000 DR3=00000000 
DR6=ffff0ff0 DR7=00000400
CCS=00000094 CCD=c0109f24 CCO=EFLAGS
EFER=0000000000000000
Servicing hardware INT=0x20
   254: v=20 e=0000 i=0 cpl=0 IP=0008:c01022b1 pc=c01022b1 SP=0010:c0109f1c env->regs[R_EAX]=00000360
EAX=00000360 EBX=00400000 ECX=00000061 EDX=000003fd
ESI=00000000 EDI=00108000 EBP=c0109f48 ESP=c0109f1c
EIP=c01022b1 EFL=00000296 [--S-AP-] CPL=0 II=0 A20=1 SMM=0 HLT=0
ES =0010 00000000 ffffffff 00cf9300 DPL=0 DS   [-WA]
CS =0008 00000000 ffffffff 00cf9a00 DPL=0 CS32 [-R-]
SS =0010 00000000 ffffffff 00cf9300 DPL=0 DS   [-WA]
DS =0010 00000000 ffffffff 00cf9300 DPL=0 DS   [-WA]
FS =0010 00000000 ffffffff 00cf9300 DPL=0 DS   [-WA]
GS =0010 00000000 ffffffff 00cf9300 DPL=0 DS   [-WA]
LDT=0000 00000000 0000ffff 00008200 DPL=0 LDT
TR =0000 00000000 0000ffff 00008b00 DPL=0 TSS32-busy
GDT=     c0105000 00000017
IDT=     c010a020 000007ff
CR0=80000011 CR2=00000000 CR3=00106000 CR4=00000000
DR0=00000000 DR1=00000000 DR2=00000000 DR3=00000000 
DR6=ffff0ff0 DR7=00000400
CCS=00000094 CCD=c0109f24 CCO=EFLAGS
EFER=0000000000000000
Servicing hardware INT=0x20
   255: v=20 e=0000 i=0 cpl=0 IP=0008:c01022b1 pc=c01022b1 SP=0010:c0109f1c env->regs[R_EAX]=00000360
EAX=00000360 EBX=00400000 ECX=00000061 EDX=000003fd
ESI=00000000 EDI=00108000 EBP=c0109f48 ESP=c0109f1c
EIP=c01022b1 EFL=00000296 [--S-AP-] CPL=0 II=0 A20=1 SMM=0 HLT=0
ES =0010 00000000 ffffffff 00cf9300 DPL=0 DS   [-WA]
CS =0008 00000000 ffffffff 00cf9a00 DPL=0 CS32 [-R-]
SS =0010 00000000 ffffffff 00cf9300 DPL=0 DS   [-WA]
DS =0010 00000000 ffffffff 00cf9300 DPL=0 DS   [-WA]
FS =0010 00000000 ffffffff 00cf9300 DPL=0 DS   [-WA]
GS =0010 00000000 ffffffff 00cf9300 DPL=0 DS   [-WA]
LDT=0000 00000000 0000ffff 00008200 DPL=0 LDT
TR =0000 00000000 0000ffff 00008b00 DPL=0 TSS32-busy
GDT=     c0105000 00000017
IDT=     c010a020 000007ff
CR0=80000011 CR2=00000000 CR3=00106000 CR4=00000000
DR0=00000000 DR1=00000000 DR2=00000000 DR3=00000000 
DR6=ffff0ff0 DR7=00000400
CCS=00000094 CCD=c0109f24 CCO=EFLAGS
EFER=0000000000000000
Servicing hardware INT=0x20
   256: v=20 e=0000 i=0 cpl=0 IP=0008:c01022aa pc=c01022aa SP=0010:c0109f4c env->regs[R_EAX]=00000363
EAX=00000363 EBX=00400000 ECX=00000061 EDX=000003f8
ESI=00000000 EDI=00108000 EBP=c0109f78 ESP=c0109f4c
EIP=c01022aa EFL=00000292 [--S-A--] CPL=0 II=0 A20=1 SMM=0 HLT=0
ES =0010 00000000 ffffffff 00cf9300 DPL=0 DS   [-WA]
CS =0008 00000000 ffffffff 00cf9a00 DPL=0 CS32 [-R-]
SS =0010 00000000 ffffffff 00cf9300 DPL=0 DS   [-WA]
DS =0010 00000000 ffffffff 00cf9300 DPL=0 DS   [-WA]
FS =0010 00000000 ffffffff 00cf9300 DPL=0 DS   [-WA]
GS =0010 00000000 ffffffff 00cf9300 DPL=0 DS   [-WA]
LDT=0000 00000000 0000ffff 00008200 DPL=0 LDT
TR =0000 00000000 0000ffff 00008b00 DPL=0 TSS32-busy
GDT=     c0105000 00000017
IDT=     c010a020 000007ff
CR0=80000011 CR2=00000000 CR3=00106000 CR4=00000000
DR0=00000000 DR1=00000000 DR2=00000000 DR3=00000000 
DR6=ffff0ff0 DR7=00000400
CCS=00000090 CCD=c0109f58 CCO=EFLAGS
EFER=0000000000000000
Servicing hardware INT=0x20
   257: v=20 e=0000 i=0 cpl=0 IP=0008:c01022aa pc=c01022aa SP=0010:c0109f4c env->regs[R_EAX]=0000035f
EAX=0000035f EBX=00400000 ECX=00000061 EDX=000003f8
ESI=00000000 EDI=00108000 EBP=c0109f78 ESP=c0109f4c
EIP=c01022aa EFL=00000292 [--S-A--] CPL=0 II=0 A20=1 SMM=0 HLT=0
ES =0010 00000000 ffffffff 00cf9300 DPL=0 DS   [-WA]
CS =0008 00000000 ffffffff 00cf9a00 DPL=0 CS32 [-R-]
SS =0010 00000000 ffffffff 00cf9300 DPL=0 DS   [-WA]
DS =0010 00000000 ffffffff 00cf9300 DPL=0 DS   [-WA]
FS =0010 00000000 ffffffff 00cf9300 DPL=0 DS   [-WA]
GS =0010 00000000 ffffffff 00cf9300 DPL=0 DS   [-WA]
LDT=0000 00000000 0000ffff 00008200 DPL=0 LDT
TR =0000 00000000 0000ffff 00008b00 DPL=0 TSS32-busy
GDT=     c0105000 00000017
IDT=     c010a020 000007ff
CR0=80000011 CR2=00000000 CR3=00106000 CR4=00000000
DR0=00000000 DR1=00000000 DR2=00000000 DR3=00000000 
DR6=ffff0ff0 DR7=00000400
CCS=00000090 CCD=c0109f58 CCO=EFLAGS
EFER=0000000000000000
Servicing hardware INT=0x20
   258: v=20 e=0000 i=0 cpl=0 IP=0008:c01022aa pc=c01022aa SP=0010:c0109f4c env->regs[R_EAX]=00000372
EAX=00000372 EBX=00400000 ECX=00000061 EDX=000003f8
ESI=00000000 EDI=00108000 EBP=c0109f78 ESP=c0109f4c
EIP=c01022aa EFL=00000292 [--S-A--] CPL=0 II=0 A20=1 SMM=0 HLT=0
ES =0010 00000000 ffffffff 00cf9300 DPL=0 DS   [-WA]
CS =0008 00000000 ffffffff 00cf9a00 DPL=0 CS32 [-R-]
SS =0010 00000000 ffffffff 00cf9300 DPL=0 DS   [-WA]
DS =0010 00000000 ffffffff 00cf9300 DPL=0 DS   [-WA]
FS =0010 00000000 ffffffff 00cf9300 DPL=0 DS   [-WA]
GS =0010 00000000 ffffffff 00cf9300 DPL=0 DS   [-WA]
LDT=0000 00000000 0000ffff 00008200 DPL=0 LDT
TR =0000 00000000 0000ffff 00008b00 DPL=0 TSS32-busy
GDT=     c0105000 00000017
IDT=     c010a020 000007ff
CR0=80000011 CR2=00000000 CR3=00106000 CR4=00000000
DR0=00000000 DR1=00000000 DR2=00000000 DR3=00000000 
DR6=ffff0ff0 DR7=00000400
CCS=00000090 CCD=c0109f58 CCO=EFLAGS
EFER=0000000000000000
Servicing hardware INT=0x20
   259: v=20 e=0000 i=0 cpl=0 IP=0008:c01022b1 pc=c01022b1 SP=0010:c0109f1c env->regs[R_EAX]=00000360
EAX=00000360 EBX=00400000 ECX=00000061 EDX=000003fd
ESI=00000000 EDI=00108000 EBP=c0109f48 ESP=c0109f1c
EIP=c01022b1 EFL=00000296 [--S-AP-] CPL=0 II=0 A20=1 SMM=0 HLT=0
ES =0010 00000000 ffffffff 00cf9300 DPL=0 DS   [-WA]
CS =0008 00000000 ffffffff 00cf9a00 DPL=0 CS32 [-R-]
SS =0010 00000000 ffffffff 00cf9300 DPL=0 DS   [-WA]
DS =0010 00000000 ffffffff 00cf9300 DPL=0 DS   [-WA]
FS =0010 00000000 ffffffff 00cf9300 DPL=0 DS   [-WA]
GS =0010 00000000 ffffffff 00cf9300 DPL=0 DS   [-WA]
LDT=0000 00000000 0000ffff 00008200 DPL=0 LDT
TR =0000 00000000 0000ffff 00008b00 DPL=0 TSS32-busy
GDT=     c0105000 00000017
IDT=     c010a020 000007ff
CR0=80000011 CR2=00000000 CR3=00106000 CR4=00000000
DR0=00000000 DR1=00000000 DR2=00000000 DR3=00000000 
DR6=ffff0ff0 DR7=00000400
CCS=00000094 CCD=c0109f24 CCO=EFLAGS
EFER=0000000000000000
Servicing hardware INT=0x20
   260: v=20 e=0000 i=0 cpl=0 IP=0008:c01022b1 pc=c01022b1 SP=0010:c0109f1c env->regs[R_EAX]=00000360
EAX=00000360 EBX=00400000 ECX=00000061 EDX=000003fd
ESI=00000000 EDI=00108000 EBP=c0109f48 ESP=c0109f1c
EIP=c01022b1 EFL=00000296 [--S-AP-] CPL=0 II=0 A20=1 SMM=0 HLT=0
ES =0010 00000000 ffffffff 00cf9300 DPL=0 DS   [-WA]
CS =0008 00000000 ffffffff 00cf9a00 DPL=0 CS32 [-R-]
SS =0010 00000000 ffffffff 00cf9300 DPL=0 DS   [-WA]
DS =0010 00000000 ffffffff 00cf9300 DPL=0 DS   [-WA]
FS =0010 00000000 ffffffff 00cf9300 DPL=0 DS   [-WA]
GS =0010 00000000 ffffffff 00cf9300 DPL=0 DS   [-WA]
LDT=0000 00000000 0000ffff 00008200 DPL=0 LDT
TR =0000 00000000 0000ffff 00008b00 DPL=0 TSS32-busy
GDT=     c0105000 00000017
IDT=     c010a020 000007ff
CR0=80000011 CR2=00000000 CR3=00106000 CR4=00000000
DR0=00000000 DR1=00000000 DR2=00000000 DR3=00000000 
DR6=ffff0ff0 DR7=00000400
CCS=00000094 CCD=c0109f24 CCO=EFLAGS
EFER=0000000000000000
Servicing hardware INT=0x20
   261: v=20 e=0000 i=0 cpl=0 IP=0008:c01022b1 pc=c01022b1 SP=0010:c0109f1c env->regs[R_EAX]=00000360
EAX=00000360 EBX=00400000 ECX=00000061 EDX=000003fd
ESI=00000000 EDI=00108000 EBP=c0109f48 ESP=c0109f1c
EIP=c01022b1 EFL=00000296 [--S-AP-] CPL=0 II=0 A20=1 SMM=0 HLT=0
ES =0010 00000000 ffffffff 00cf9300 DPL=0 DS   [-WA]
CS =0008 00000000 ffffffff 00cf9a00 DPL=0 CS32 [-R-]
SS =0010 00000000 ffffffff 00cf9300 DPL=0 DS   [-WA]
DS =0010 00000000 ffffffff 00cf9300 DPL=0 DS   [-WA]
FS =0010 00000000 ffffffff 00cf9300 DPL=0 DS   [-WA]
GS =0010 00000000 ffffffff 00cf9300 DPL=0 DS   [-WA]
LDT=0000 00000000 0000ffff 00008200 DPL=0 LDT
TR =0000 00000000 0000ffff 00008b00 DPL=0 TSS32-busy
GDT=     c0105000 00000017
IDT=     c010a020 000007ff
CR0=80000011 CR2=00000000 CR3=00106000 CR4=00000000
DR0=00000000 DR1=00000000 DR2=00000000 DR3=00000000 
DR6=ffff0ff0 DR7=00000400
CCS=00000094 CCD=c0109f24 CCO=EFLAGS
EFER=0000000000000000
Servicing hardware INT=0x20
   262: v=20 e=0000 i=0 cpl=0 IP=0008:c01022b1 pc=c01022b1 SP=0010:c0109f1c env->regs[R_EAX]=00000360
EAX=00000360 EBX=00400000 ECX=00000061 EDX=000003fd
ESI=00000000 EDI=00108000 EBP=c0109f48 ESP=c0109f1c
EIP=c01022b1 EFL=00000296 [--S-AP-] CPL=0 II=0 A20=1 SMM=0 HLT=0
ES =0010 00000000 ffffffff 00cf9300 DPL=0 DS   [-WA]
CS =0008 00000000 ffffffff 00cf9a00 DPL=0 CS32 [-R-]
SS =0010 00000000 ffffffff 00cf9300 DPL=0 DS   [-WA]
DS =0010 00000000 ffffffff 00cf9300 DPL=0 DS   [-WA]
FS =0010 00000000 ffffffff 00cf9300 DPL=0 DS   [-WA]
GS =0010 00000000 ffffffff 00cf9300 DPL=0 DS   [-WA]
LDT=0000 00000000 0000ffff 00008200 DPL=0 LDT
TR =0000 00000000 0000ffff 00008b00 DPL=0 TSS32-busy
GDT=     c0105000 00000017
IDT=     c010a020 000007ff
CR0=80000011 CR2=00000000 CR3=00106000 CR4=00000000
DR0=00000000 DR1=00000000 DR2=00000000 DR3=00000000 
DR6=ffff0ff0 DR7=00000400
CCS=00000094 CCD=c0109f24 CCO=EFLAGS
EFER=0000000000000000
Servicing hardware INT=0x20
   263: v=20 e=0000 i=0 cpl=0 IP=0008:c01022b1 pc=c01022b1 SP=0010:c0109f1c env->regs[R_EAX]=00000360
EAX=00000360 EBX=00400000 ECX=00000061 EDX=000003fd
ESI=00000000 EDI=00108000 EBP=c0109f48 ESP=c0109f1c
EIP=c01022b1 EFL=00000296 [--S-AP-] CPL=0 II=0 A20=1 SMM=0 HLT=0
ES =0010 00000000 ffffffff 00cf9300 DPL=0 DS   [-WA]
CS =0008 00000000 ffffffff 00cf9a00 DPL=0 CS32 [-R-]
SS =0010 00000000 ffffffff 00cf9300 DPL=0 DS   [-WA]
DS =0010 00000000 ffffffff 00cf9300 DPL=0 DS   [-WA]
FS =0010 00000000 ffffffff 00cf9300 DPL=0 DS   [-WA]
GS =0010 00000000 ffffffff 00cf9300 DPL=0 DS   [-WA]
LDT=0000 00000000 0000ffff 00008200 DPL=0 LDT
TR =0000 00000000 0000ffff 00008b00 DPL=0 TSS32-busy
GDT=     c0105000 00000017
IDT=     c010a020 000007ff
CR0=80000011 CR2=00000000 CR3=00106000 CR4=00000000
DR0=00000000 DR1=00000000 DR2=00000000 DR3=00000000 
DR6=ffff0ff0 DR7=00000400
CCS=00000094 CCD=c0109f24 CCO=EFLAGS
EFER=0000000000000000
Servicing hardware INT=0x20
   264: v=20 e=0000 i=0 cpl=0 IP=0008:c01022b1 pc=c01022b1 SP=0010:c0109f1c env->regs[R_EAX]=00000360
EAX=00000360 EBX=00400000 ECX=00000061 EDX=000003fd
ESI=00000000 EDI=00108000 EBP=c0109f48 ESP=c0109f1c
EIP=c01022b1 EFL=00000296 [--S-AP-] CPL=0 II=0 A20=1 SMM=0 HLT=0
ES =0010 00000000 ffffffff 00cf9300 DPL=0 DS   [-WA]
CS =0008 00000000 ffffffff 00cf9a00 DPL=0 CS32 [-R-]
SS =0010 00000000 ffffffff 00cf9300 DPL=0 DS   [-WA]
DS =0010 00000000 ffffffff 00cf9300 DPL=0 DS   [-WA]
FS =0010 00000000 ffffffff 00cf9300 DPL=0 DS   [-WA]
GS =0010 00000000 ffffffff 00cf9300 DPL=0 DS   [-WA]
LDT=0000 00000000 0000ffff 00008200 DPL=0 LDT
TR =0000 00000000 0000ffff 00008b00 DPL=0 TSS32-busy
GDT=     c0105000 00000017
IDT=     c010a020 000007ff
CR0=80000011 CR2=00000000 CR3=00106000 CR4=00000000
DR0=00000000 DR1=00000000 DR2=00000000 DR3=00000000 
DR6=ffff0ff0 DR7=00000400
CCS=00000094 CCD=c0109f24 CCO=EFLAGS
EFER=0000000000000000
Servicing hardware INT=0x20
   265: v=20 e=0000 i=0 cpl=0 IP=0008:c01022b1 pc=c01022b1 SP=0010:c0109f1c env->regs[R_EAX]=00000360
EAX=00000360 EBX=00400000 ECX=00000061 EDX=000003fd
ESI=00000000 EDI=00108000 EBP=c0109f48 ESP=c0109f1c
EIP=c01022b1 EFL=00000296 [--S-AP-] CPL=0 II=0 A20=1 SMM=0 HLT=0
ES =0010 00000000 ffffffff 00cf9300 DPL=0 DS   [-WA]
CS =0008 00000000 ffffffff 00cf9a00 DPL=0 CS32 [-R-]
SS =0010 00000000 ffffffff 00cf9300 DPL=0 DS   [-WA]
DS =0010 00000000 ffffffff 00cf9300 DPL=0 DS   [-WA]
FS =0010 00000000 ffffffff 00cf9300 DPL=0 DS   [-WA]
GS =0010 00000000 ffffffff 00cf9300 DPL=0 DS   [-WA]
LDT=0000 00000000 0000ffff 00008200 DPL=0 LDT
TR =0000 00000000 0000ffff 00008b00 DPL=0 TSS32-busy
GDT=     c0105000 00000017
IDT=     c010a020 000007ff
CR0=80000011 CR2=00000000 CR3=00106000 CR4=00000000
DR0=00000000 DR1=00000000 DR2=00000000 DR3=00000000 
DR6=ffff0ff0 DR7=00000400
CCS=00000094 CCD=c0109f24 CCO=EFLAGS
EFER=0000000000000000
Servicing hardware INT=0x20
   266: v=20 e=0000 i=0 cpl=0 IP=0008:c01022b1 pc=c01022b1 SP=0010:c0109f1c env->regs[R_EAX]=00000360
EAX=00000360 EBX=00400000 ECX=00000061 EDX=000003fd
ESI=00000000 EDI=00108000 EBP=c0109f48 ESP=c0109f1c
EIP=c01022b1 EFL=00000296 [--S-AP-] CPL=0 II=0 A20=1 SMM=0 HLT=0
ES =0010 00000000 ffffffff 00cf9300 DPL=0 DS   [-WA]
CS =0008 00000000 ffffffff 00cf9a00 DPL=0 CS32 [-R-]
SS =0010 00000000 ffffffff 00cf9300 DPL=0 DS   [-WA]
DS =0010 00000000 ffffffff 00cf9300 DPL=0 DS   [-WA]
FS =0010 00000000 ffffffff 00cf9300 DPL=0 DS   [-WA]
GS =0010 00000000 ffffffff 00cf9300 DPL=0 DS   [-WA]
LDT=0000 00000000 0000ffff 00008200 DPL=0 LDT
TR =0000 00000000 0000ffff 00008b00 DPL=0 TSS32-busy
GDT=     c0105000 00000017
IDT=     c010a020 000007ff
CR0=80000011 CR2=00000000 CR3=00106000 CR4=00000000
DR0=00000000 DR1=00000000 DR2=00000000 DR3=00000000 
DR6=ffff0ff0 DR7=00000400
CCS=00000094 CCD=c0109f24 CCO=EFLAGS
EFER=0000000000000000
Servicing hardware INT=0x20
   267: v=20 e=0000 i=0 cpl=0 IP=0008:c01022aa pc=c01022aa SP=0010:c0109f4c env->regs[R_EAX]=0000035f
EAX=0000035f EBX=00400000 ECX=00000061 EDX=000003f8
ESI=00000000 EDI=00108000 EBP=c0109f78 ESP=c0109f4c
EIP=c01022aa EFL=00000292 [--S-A--] CPL=0 II=0 A20=1 SMM=0 HLT=0
ES =0010 00000000 ffffffff 00cf9300 DPL=0 DS   [-WA]
CS =0008 00000000 ffffffff 00cf9a00 DPL=0 CS32 [-R-]
SS =0010 00000000 ffffffff 00cf9300 DPL=0 DS   [-WA]
DS =0010 00000000 ffffffff 00cf9300 DPL=0 DS   [-WA]
FS =0010 00000000 ffffffff 00cf9300 DPL=0 DS   [-WA]
GS =0010 00000000 ffffffff 00cf9300 DPL=0 DS   [-WA]
LDT=0000 00000000 0000ffff 00008200 DPL=0 LDT
TR =0000 00000000 0000ffff 00008b00 DPL=0 TSS32-busy
GDT=     c0105000 00000017
IDT=     c010a020 000007ff
CR0=80000011 CR2=00000000 CR3=00106000 CR4=00000000
DR0=00000000 DR1=00000000 DR2=00000000 DR3=00000000 
DR6=ffff0ff0 DR7=00000400
CCS=00000090 CCD=c0109f58 CCO=EFLAGS
EFER=0000000000000000
Servicing hardware INT=0x20
   268: v=20 e=0000 i=0 cpl=0 IP=0008:c01022b1 pc=c01022b1 SP=0010:c0109f1c env->regs[R_EAX]=00000360
EAX=00000360 EBX=00400000 ECX=00000061 EDX=000003fd
ESI=00000000 EDI=00108000 EBP=c0109f48 ESP=c0109f1c
EIP=c01022b1 EFL=00000296 [--S-AP-] CPL=0 II=0 A20=1 SMM=0 HLT=0
ES =0010 00000000 ffffffff 00cf9300 DPL=0 DS   [-WA]
CS =0008 00000000 ffffffff 00cf9a00 DPL=0 CS32 [-R-]
SS =0010 00000000 ffffffff 00cf9300 DPL=0 DS   [-WA]
DS =0010 00000000 ffffffff 00cf9300 DPL=0 DS   [-WA]
FS =0010 00000000 ffffffff 00cf9300 DPL=0 DS   [-WA]
GS =0010 00000000 ffffffff 00cf9300 DPL=0 DS   [-WA]
LDT=0000 00000000 0000ffff 00008200 DPL=0 LDT
TR =0000 00000000 0000ffff 00008b00 DPL=0 TSS32-busy
GDT=     c0105000 00000017
IDT=     c010a020 000007ff
CR0=80000011 CR2=00000000 CR3=00106000 CR4=00000000
DR0=00000000 DR1=00000000 DR2=00000000 DR3=00000000 
DR6=ffff0ff0 DR7=00000400
CCS=00000094 CCD=c0109f24 CCO=EFLAGS
EFER=0000000000000000
Servicing hardware INT=0x20
   269: v=20 e=0000 i=0 cpl=0 IP=0008:c01022b1 pc=c01022b1 SP=0010:c0109f1c env->regs[R_EAX]=00000360
EAX=00000360 EBX=00400000 ECX=00000061 EDX=000003fd
ESI=00000000 EDI=00108000 EBP=c0109f48 ESP=c0109f1c
EIP=c01022b1 EFL=00000296 [--S-AP-] CPL=0 II=0 A20=1 SMM=0 HLT=0
ES =0010 00000000 ffffffff 00cf9300 DPL=0 DS   [-WA]
CS =0008 00000000 ffffffff 00cf9a00 DPL=0 CS32 [-R-]
SS =0010 00000000 ffffffff 00cf9300 DPL=0 DS   [-WA]
DS =0010 00000000 ffffffff 00cf9300 DPL=0 DS   [-WA]
FS =0010 00000000 ffffffff 00cf9300 DPL=0 DS   [-WA]
GS =0010 00000000 ffffffff 00cf9300 DPL=0 DS   [-WA]
LDT=0000 00000000 0000ffff 00008200 DPL=0 LDT
TR =0000 00000000 0000ffff 00008b00 DPL=0 TSS32-busy
GDT=     c0105000 00000017
IDT=     c010a020 000007ff
CR0=80000011 CR2=00000000 CR3=00106000 CR4=00000000
DR0=00000000 DR1=00000000 DR2=00000000 DR3=00000000 
DR6=ffff0ff0 DR7=00000400
CCS=00000094 CCD=c0109f24 CCO=EFLAGS
EFER=0000000000000000
Servicing hardware INT=0x20
   270: v=20 e=0000 i=0 cpl=0 IP=0008:c01022b1 pc=c01022b1 SP=0010:c0109f1c env->regs[R_EAX]=00000360
EAX=00000360 EBX=00400000 ECX=00000061 EDX=000003fd
ESI=00000000 EDI=00108000 EBP=c0109f48 ESP=c0109f1c
EIP=c01022b1 EFL=00000296 [--S-AP-] CPL=0 II=0 A20=1 SMM=0 HLT=0
ES =0010 00000000 ffffffff 00cf9300 DPL=0 DS   [-WA]
CS =0008 00000000 ffffffff 00cf9a00 DPL=0 CS32 [-R-]
SS =0010 00000000 ffffffff 00cf9300 DPL=0 DS   [-WA]
DS =0010 00000000 ffffffff 00cf9300 DPL=0 DS   [-WA]
FS =0010 00000000 ffffffff 00cf9300 DPL=0 DS   [-WA]
GS =0010 00000000 ffffffff 00cf9300 DPL=0 DS   [-WA]
LDT=0000 00000000 0000ffff 00008200 DPL=0 LDT
TR =0000 00000000 0000ffff 00008b00 DPL=0 TSS32-busy
GDT=     c0105000 00000017
IDT=     c010a020 000007ff
CR0=80000011 CR2=00000000 CR3=00106000 CR4=00000000
DR0=00000000 DR1=00000000 DR2=00000000 DR3=00000000 
DR6=ffff0ff0 DR7=00000400
CCS=00000094 CCD=c0109f24 CCO=EFLAGS
EFER=0000000000000000
Servicing hardware INT=0x20
   271: v=20 e=0000 i=0 cpl=0 IP=0008:c01022b1 pc=c01022b1 SP=0010:c0109f1c env->regs[R_EAX]=00000360
EAX=00000360 EBX=00400000 ECX=00000061 EDX=000003fd
ESI=00000000 EDI=00108000 EBP=c0109f48 ESP=c0109f1c
EIP=c01022b1 EFL=00000296 [--S-AP-] CPL=0 II=0 A20=1 SMM=0 HLT=0
ES =0010 00000000 ffffffff 00cf9300 DPL=0 DS   [-WA]
CS =0008 00000000 ffffffff 00cf9a00 DPL=0 CS32 [-R-]
SS =0010 00000000 ffffffff 00cf9300 DPL=0 DS   [-WA]
DS =0010 00000000 ffffffff 00cf9300 DPL=0 DS   [-WA]
FS =0010 00000000 ffffffff 00cf9300 DPL=0 DS   [-WA]
GS =0010 00000000 ffffffff 00cf9300 DPL=0 DS   [-WA]
LDT=0000 00000000 0000ffff 00008200 DPL=0 LDT
TR =0000 00000000 0000ffff 00008b00 DPL=0 TSS32-busy
GDT=     c0105000 00000017
IDT=     c010a020 000007ff
CR0=80000011 CR2=00000000 CR3=00106000 CR4=00000000
DR0=00000000 DR1=00000000 DR2=00000000 DR3=00000000 
DR6=ffff0ff0 DR7=00000400
CCS=00000094 CCD=c0109f24 CCO=EFLAGS
EFER=0000000000000000
Servicing hardware INT=0x20
   272: v=20 e=0000 i=0 cpl=0 IP=0008:c01022b1 pc=c01022b1 SP=0010:c0109f1c env->regs[R_EAX]=00000360
EAX=00000360 EBX=00400000 ECX=00000061 EDX=000003fd
ESI=00000000 EDI=00108000 EBP=c0109f48 ESP=c0109f1c
EIP=c01022b1 EFL=00000296 [--S-AP-] CPL=0 II=0 A20=1 SMM=0 HLT=0
ES =0010 00000000 ffffffff 00cf9300 DPL=0 DS   [-WA]
CS =0008 00000000 ffffffff 00cf9a00 DPL=0 CS32 [-R-]
SS =0010 00000000 ffffffff 00cf9300 DPL=0 DS   [-WA]
DS =0010 00000000 ffffffff 00cf9300 DPL=0 DS   [-WA]
FS =0010 00000000 ffffffff 00cf9300 DPL=0 DS   [-WA]
GS =0010 00000000 ffffffff 00cf9300 DPL=0 DS   [-WA]
LDT=0000 00000000 0000ffff 00008200 DPL=0 LDT
TR =0000 00000000 0000ffff 00008b00 DPL=0 TSS32-busy
GDT=     c0105000 00000017
IDT=     c010a020 000007ff
CR0=80000011 CR2=00000000 CR3=00106000 CR4=00000000
DR0=00000000 DR1=00000000 DR2=00000000 DR3=00000000 
DR6=ffff0ff0 DR7=00000400
CCS=00000094 CCD=c0109f24 CCO=EFLAGS
EFER=0000000000000000
Servicing hardware INT=0x20
   273: v=20 e=0000 i=0 cpl=0 IP=0008:c01022b1 pc=c01022b1 SP=0010:c0109f1c env->regs[R_EAX]=00000360
EAX=00000360 EBX=00400000 ECX=00000061 EDX=000003fd
ESI=00000000 EDI=00108000 EBP=c0109f48 ESP=c0109f1c
EIP=c01022b1 EFL=00000296 [--S-AP-] CPL=0 II=0 A20=1 SMM=0 HLT=0
ES =0010 00000000 ffffffff 00cf9300 DPL=0 DS   [-WA]
CS =0008 00000000 ffffffff 00cf9a00 DPL=0 CS32 [-R-]
SS =0010 00000000 ffffffff 00cf9300 DPL=0 DS   [-WA]
DS =0010 00000000 ffffffff 00cf9300 DPL=0 DS   [-WA]
FS =0010 00000000 ffffffff 00cf9300 DPL=0 DS   [-WA]
GS =0010 00000000 ffffffff 00cf9300 DPL=0 DS   [-WA]
LDT=0000 00000000 0000ffff 00008200 DPL=0 LDT
TR =0000 00000000 0000ffff 00008b00 DPL=0 TSS32-busy
GDT=     c0105000 00000017
IDT=     c010a020 000007ff
CR0=80000011 CR2=00000000 CR3=00106000 CR4=00000000
DR0=00000000 DR1=00000000 DR2=00000000 DR3=00000000 
DR6=ffff0ff0 DR7=00000400
CCS=00000094 CCD=c0109f24 CCO=EFLAGS
EFER=0000000000000000
